-- phpMyAdmin SQL Dump
-- version 5.2.1
-- https://www.phpmyadmin.net/
--
-- Host: mysql
-- Generation Time: Nov 11, 2023 at 06:12 PM
-- Server version: 8.2.0
-- PHP Version: 8.2.12

SET SQL_MODE = "NO_AUTO_VALUE_ON_ZERO";
START TRANSACTION;
SET time_zone = "+00:00";


/*!40101 SET @OLD_CHARACTER_SET_CLIENT=@@CHARACTER_SET_CLIENT */;
/*!40101 SET @OLD_CHARACTER_SET_RESULTS=@@CHARACTER_SET_RESULTS */;
/*!40101 SET @OLD_COLLATION_CONNECTION=@@COLLATION_CONNECTION */;
/*!40101 SET NAMES utf8mb4 */;

--
-- Database: `vonat`
--
CREATE DATABASE IF NOT EXISTS `vonat` DEFAULT CHARACTER SET utf8mb4 COLLATE utf8mb4_0900_ai_ci;
USE `vonat`;

-- --------------------------------------------------------

--
-- Table structure for table `arriving`
--

CREATE TABLE `arriving` (
  `line_stop_id` int NOT NULL COMMENT 'Line stop ID',
  `arrival` int NOT NULL COMMENT 'Time of arrival'
) ENGINE=InnoDB DEFAULT CHARSET=utf8mb4 COLLATE=utf8mb4_0900_ai_ci;

-- --------------------------------------------------------

--
-- Table structure for table `line_names`
--

CREATE TABLE `line_names` (
  `id` int NOT NULL COMMENT 'ID',
  `name` varchar(255) CHARACTER SET utf8mb4 COLLATE utf8mb4_0900_ai_ci NOT NULL COMMENT 'Line name (unique)'
) ENGINE=InnoDB DEFAULT CHARSET=utf8mb4 COLLATE=utf8mb4_0900_ai_ci;

--
-- Dumping data for table `line_names`
--

INSERT INTO `line_names` (`id`, `name`) VALUES
(1, '1'),
(2, '10'),
(3, '100'),
(4, '100b'),
(5, '100c'),
(6, '101'),
(7, '102'),
(8, '103'),
(9, '105'),
(10, '106'),
(11, '107'),
(12, '108'),
(13, '109'),
(14, '11'),
(15, '110'),
(16, '111'),
(17, '112'),
(18, '113'),
(19, '114'),
(20, '115'),
(21, '116'),
(22, '117'),
(23, '12'),
(24, '120'),
(25, '121'),
(26, '125'),
(27, '125a'),
(28, '126'),
(29, '127'),
(30, '128'),
(31, '13'),
(32, '130'),
(33, '135'),
(34, '136'),
(35, '14'),
(36, '140'),
(37, '142'),
(38, '145'),
(39, '146'),
(40, '147'),
(41, '15'),
(42, '150'),
(43, '151'),
(44, '152'),
(45, '153'),
(46, '154'),
(47, '155'),
(48, '16'),
(49, '17'),
(50, '18'),
(51, '2'),
(52, '20'),
(53, '21'),
(54, '22'),
(55, '24'),
(56, '25'),
(57, '26'),
(58, '27'),
(59, '29'),
(60, '30'),
(61, '304'),
(62, '305'),
(63, '307'),
(64, '308'),
(65, '308a'),
(66, '30b'),
(67, '310'),
(68, '311'),
(69, '313'),
(70, '317'),
(71, '317a'),
(72, '317b'),
(73, '318'),
(74, '318a'),
(75, '319'),
(76, '321'),
(77, '323'),
(78, '324'),
(79, '325'),
(80, '330'),
(81, '331'),
(82, '331a'),
(83, '331b'),
(84, '332'),
(85, '333'),
(86, '339'),
(87, '339a'),
(88, '339b'),
(89, '348'),
(90, '349'),
(91, '35'),
(92, '36'),
(93, '37'),
(94, '38'),
(95, '4'),
(96, '40'),
(97, '401'),
(98, '402'),
(99, '406'),
(100, '408'),
(101, '41'),
(102, '410'),
(103, '412'),
(104, '414'),
(105, '414a'),
(106, '418'),
(107, '419'),
(108, '42'),
(109, '420'),
(110, '420a'),
(111, '421'),
(112, '422'),
(113, '424'),
(114, '424a'),
(115, '43'),
(116, '433'),
(117, '434'),
(118, '436'),
(119, '437'),
(120, '437a'),
(121, '44'),
(122, '45'),
(123, '450a'),
(124, '450b'),
(125, '451'),
(126, '452'),
(127, '453'),
(128, '455'),
(129, '455a'),
(130, '456'),
(131, '458'),
(132, '458a'),
(133, '458c'),
(134, '459'),
(135, '46'),
(136, '460'),
(137, '462'),
(138, '464'),
(139, '465'),
(140, '47'),
(141, '470'),
(142, '48'),
(143, '480'),
(144, '481'),
(145, '481a'),
(146, '482'),
(147, '482a'),
(148, '483'),
(149, '484'),
(150, '486'),
(151, '486a'),
(152, '488'),
(153, '488a'),
(154, '488b'),
(155, '488c'),
(156, '49'),
(157, '490'),
(158, '491'),
(159, '492'),
(160, '498'),
(161, '5'),
(162, '50'),
(163, '60'),
(164, '61'),
(165, '62'),
(166, '64'),
(167, '65'),
(168, '66'),
(169, '70'),
(170, '71'),
(171, '75'),
(172, '76'),
(173, '77'),
(174, '78'),
(175, '8'),
(176, '80'),
(177, '81'),
(178, '82'),
(179, '83'),
(180, '85'),
(181, '86'),
(182, '87'),
(183, '87a'),
(184, '88'),
(185, '89'),
(186, '9'),
(187, '90'),
(188, '903'),
(189, '905'),
(190, '906'),
(191, '911'),
(192, '914'),
(193, '916'),
(194, '917'),
(195, '918'),
(196, '919'),
(197, '92'),
(198, '921'),
(199, '921a'),
(200, '922'),
(201, '923'),
(202, '924'),
(203, '927'),
(204, '928'),
(205, '929'),
(206, '934'),
(207, '934a'),
(208, '935a'),
(209, '94'),
(210, '943'),
(211, '944'),
(212, '945'),
(213, '948'),
(214, '95'),
(215, '953'),
(216, '954'),
(217, '956'),
(218, '958'),
(219, '961a'),
(220, '962'),
(221, '963'),
(222, '963a'),
(223, '966'),
(224, '967'),
(225, '968'),
(226, '969'),
(227, '972'),
(228, '974'),
(229, '976'),
(230, '977'),
(231, '98');

-- --------------------------------------------------------

--
-- Table structure for table `line_stops`
--

CREATE TABLE `line_stops` (
  `id` int NOT NULL COMMENT 'ID (key)',
  `line` int NOT NULL COMMENT 'Line ID',
  `stop` int NOT NULL COMMENT 'Stop ID',
  `stop_number` int NOT NULL COMMENT 'The number of the stop on the line (starts at 1)'
) ENGINE=InnoDB DEFAULT CHARSET=utf8mb4 COLLATE=utf8mb4_0900_ai_ci;

--
-- Dumping data for table `line_stops`
--

INSERT INTO `line_stops` (`id`, `line`, `stop`, `stop_number`) VALUES
(3336, 60, 890, 1),
(3337, 60, 891, 2),
(3338, 60, 571, 3),
(3339, 60, 1992, 4),
(3340, 60, 1685, 5),
(3341, 60, 1796, 6),
(3342, 60, 1559, 7),
(3343, 60, 302, 8),
(3344, 60, 574, 9),
(3345, 60, 1641, 10),
(3346, 60, 2355, 11),
(3347, 60, 279, 12),
(3348, 60, 390, 13),
(3349, 60, 1220, 14),
(3350, 60, 1227, 15),
(3351, 60, 2340, 16),
(3352, 60, 1076, 17),
(3353, 60, 2316, 18),
(3354, 60, 2505, 19),
(3355, 60, 2493, 20),
(3356, 60, 1777, 21),
(3357, 60, 1963, 22),
(3358, 60, 1827, 23),
(3359, 60, 1416, 24),
(3360, 60, 654, 25),
(3361, 60, 921, 26),
(3362, 60, 1650, 27),
(3363, 60, 731, 28),
(3364, 60, 594, 29),
(3365, 60, 1657, 30),
(3366, 60, 1908, 31),
(3367, 60, 940, 32),
(3368, 60, 1861, 33),
(3369, 60, 1551, 34),
(3370, 60, 1609, 35),
(3371, 60, 1841, 36),
(3372, 60, 2357, 37),
(3373, 60, 1807, 38),
(3374, 60, 2321, 39),
(3375, 60, 694, 40),
(3376, 60, 693, 41),
(3377, 60, 2477, 42),
(3378, 60, 1056, 43),
(3379, 60, 875, 44),
(3380, 60, 2634, 45),
(3381, 60, 998, 46),
(3382, 60, 1117, 47),
(3383, 60, 2041, 48),
(3384, 60, 1562, 49),
(3385, 60, 2375, 50),
(3386, 60, 473, 51),
(3387, 60, 406, 52),
(3388, 60, 200, 53),
(3389, 60, 2246, 54),
(3390, 60, 115, 55),
(3391, 60, 1501, 56),
(3392, 60, 1617, 57),
(3393, 60, 246, 58),
(3394, 60, 1167, 59),
(3395, 60, 1450, 60),
(3396, 60, 1865, 61),
(3397, 60, 1644, 62),
(3398, 60, 1365, 63),
(3399, 60, 1885, 64),
(3400, 60, 180, 65),
(3401, 123, 1939, 1),
(3402, 123, 613, 2),
(3403, 123, 2241, 3),
(3404, 123, 1555, 4),
(3405, 123, 315, 5),
(3406, 123, 2148, 6),
(3407, 123, 556, 7),
(3408, 123, 2792, 8),
(3409, 61, 1810, 1),
(3410, 61, 1272, 2),
(3411, 61, 2637, 3),
(3412, 61, 1383, 4),
(3413, 61, 1719, 5),
(3414, 61, 881, 6),
(3415, 61, 2388, 7),
(3416, 61, 1709, 8),
(3417, 61, 2748, 9),
(3418, 62, 2585, 1),
(3419, 62, 1851, 2),
(3420, 62, 202, 3),
(3421, 62, 2226, 4),
(3422, 62, 503, 5),
(3423, 62, 1439, 6),
(3424, 62, 1686, 7),
(3425, 62, 452, 8),
(3426, 62, 227, 9),
(3427, 62, 2161, 10),
(3428, 62, 2595, 11),
(3429, 62, 2073, 12),
(3430, 62, 2203, 13),
(3431, 62, 1631, 14),
(3432, 62, 1398, 15),
(3433, 62, 578, 16),
(3434, 62, 257, 17),
(3435, 62, 305, 18),
(3436, 62, 2749, 19),
(3437, 37, 561, 1),
(3438, 37, 1893, 2),
(3439, 37, 59, 3),
(3440, 37, 751, 4),
(3441, 37, 251, 5),
(3442, 37, 993, 6),
(3443, 37, 1120, 7),
(3444, 37, 2701, 8),
(3445, 37, 1535, 9),
(3446, 37, 1254, 10),
(3447, 37, 2108, 11),
(3448, 37, 2391, 12),
(3449, 37, 1360, 13),
(3450, 37, 2318, 14),
(3451, 37, 2663, 15),
(3452, 37, 918, 16),
(3453, 37, 2284, 17),
(3454, 37, 2147, 18),
(3455, 37, 434, 19),
(3456, 37, 1432, 20),
(3457, 37, 274, 21),
(3458, 37, 1151, 22),
(3459, 37, 942, 23),
(3460, 37, 2419, 24),
(3461, 37, 2238, 25),
(3462, 37, 1664, 26),
(3463, 37, 1045, 27),
(3464, 37, 1830, 28),
(3465, 37, 2079, 29),
(3466, 37, 1236, 30),
(3467, 37, 299, 31),
(3468, 37, 2652, 32),
(3469, 37, 1867, 33),
(3470, 37, 677, 34),
(3471, 37, 2000, 35),
(3472, 37, 661, 36),
(3473, 37, 1330, 37),
(3474, 37, 1280, 38),
(3475, 37, 818, 39),
(3476, 202, 2531, 1),
(3477, 202, 13, 2),
(3478, 202, 2461, 3),
(3479, 202, 1629, 4),
(3480, 202, 2554, 5),
(3481, 202, 2571, 6),
(3482, 202, 157, 7),
(3483, 202, 1546, 8),
(3484, 202, 2396, 9),
(3485, 202, 840, 10),
(3486, 202, 746, 11),
(3487, 202, 720, 12),
(3488, 202, 246, 13),
(3489, 112, 1945, 1),
(3490, 112, 1252, 2),
(3491, 112, 1493, 3),
(3492, 112, 792, 4),
(3493, 112, 1647, 5),
(3494, 112, 2186, 6),
(3495, 112, 653, 7),
(3496, 112, 719, 8),
(3497, 112, 152, 9),
(3498, 112, 1458, 10),
(3499, 112, 2410, 11),
(3500, 112, 466, 12),
(3501, 112, 347, 13),
(3502, 112, 1308, 14),
(3503, 112, 2678, 15),
(3504, 112, 1429, 16),
(3505, 112, 547, 17),
(3506, 112, 675, 18),
(3507, 112, 1781, 19),
(3508, 112, 2451, 20),
(3509, 112, 1662, 21),
(3510, 112, 1746, 22),
(3511, 112, 755, 23),
(3512, 112, 1006, 24),
(3513, 112, 860, 25),
(3514, 112, 505, 26),
(3515, 112, 560, 27),
(3516, 112, 2785, 28),
(3517, 118, 432, 1),
(3518, 118, 656, 2),
(3519, 118, 162, 3),
(3520, 118, 1615, 4),
(3521, 118, 1303, 5),
(3522, 118, 2232, 6),
(3523, 118, 1842, 7),
(3524, 118, 2647, 8),
(3525, 118, 508, 9),
(3526, 118, 2423, 10),
(3527, 118, 1947, 11),
(3528, 118, 662, 12),
(3529, 118, 313, 13),
(3530, 118, 2433, 14),
(3531, 118, 2466, 15),
(3532, 118, 1618, 16),
(3533, 118, 480, 17),
(3534, 118, 2292, 18),
(3535, 118, 120, 19),
(3536, 118, 951, 20),
(3537, 118, 1437, 21),
(3538, 118, 1086, 22),
(3539, 118, 1391, 23),
(3540, 118, 2028, 24),
(3541, 118, 2465, 25),
(3542, 118, 727, 26),
(3543, 118, 2789, 27),
(3544, 209, 2133, 1),
(3545, 209, 429, 2),
(3546, 209, 220, 3),
(3547, 209, 1948, 4),
(3548, 209, 73, 5),
(3549, 209, 1836, 6),
(3550, 209, 1135, 7),
(3551, 209, 1396, 8),
(3552, 209, 1109, 9),
(3553, 209, 1067, 10),
(3554, 209, 770, 11),
(3555, 209, 2503, 12),
(3556, 209, 1296, 13),
(3557, 209, 563, 14),
(3558, 209, 2347, 15),
(3559, 209, 2528, 16),
(3560, 209, 711, 17),
(3561, 209, 596, 18),
(3562, 209, 1514, 19),
(3563, 209, 2657, 20),
(3564, 209, 1825, 21),
(3565, 209, 149, 22),
(3566, 209, 1747, 23),
(3567, 209, 691, 24),
(3568, 209, 2118, 25),
(3569, 209, 2733, 26),
(3570, 170, 1893, 1),
(3571, 170, 1428, 2),
(3572, 170, 1479, 3),
(3573, 170, 2057, 4),
(3574, 170, 1568, 5),
(3575, 170, 2223, 6),
(3576, 170, 2709, 7),
(3577, 170, 2032, 8),
(3578, 170, 366, 9),
(3579, 170, 992, 10),
(3580, 170, 713, 11),
(3581, 170, 1228, 12),
(3582, 170, 1196, 13),
(3583, 170, 2272, 14),
(3584, 170, 973, 15),
(3585, 170, 1368, 16),
(3586, 170, 1726, 17),
(3587, 170, 1682, 18),
(3588, 170, 344, 19),
(3589, 170, 1693, 20),
(3590, 170, 2144, 21),
(3591, 170, 408, 22),
(3592, 170, 1969, 23),
(3593, 176, 1742, 1),
(3594, 176, 2693, 2),
(3595, 176, 1527, 3),
(3596, 176, 1180, 4),
(3597, 176, 1210, 5),
(3598, 176, 2061, 6),
(3599, 176, 403, 7),
(3600, 176, 2066, 8),
(3601, 176, 1608, 9),
(3602, 176, 685, 10),
(3603, 176, 521, 11),
(3604, 176, 135, 12),
(3605, 176, 1273, 13),
(3606, 176, 1161, 14),
(3607, 176, 221, 15),
(3608, 176, 1146, 16),
(3609, 176, 147, 17),
(3610, 176, 2685, 18),
(3611, 176, 1850, 19),
(3612, 176, 623, 20),
(3613, 176, 1870, 21),
(3614, 176, 1975, 22),
(3615, 176, 1033, 23),
(3616, 176, 303, 24),
(3617, 176, 2011, 25),
(3618, 176, 1407, 26),
(3619, 176, 1539, 27),
(3620, 176, 830, 28),
(3621, 176, 2607, 29),
(3622, 176, 2050, 30),
(3623, 176, 1385, 31),
(3624, 176, 1171, 32),
(3625, 176, 1358, 33),
(3626, 176, 2368, 34),
(3627, 176, 1494, 35),
(3628, 176, 1980, 36),
(3629, 176, 136, 37),
(3630, 176, 453, 38),
(3631, 176, 695, 39),
(3632, 176, 2488, 40),
(3633, 176, 218, 41),
(3634, 176, 2133, 42),
(3635, 176, 2628, 43),
(3636, 176, 1679, 44),
(3637, 176, 1036, 45),
(3638, 176, 1743, 46),
(3639, 176, 421, 47),
(3640, 176, 2085, 48),
(3641, 176, 2033, 49),
(3642, 176, 133, 50),
(3643, 176, 1213, 51),
(3644, 176, 2681, 52),
(3645, 176, 1909, 53),
(3646, 176, 620, 54),
(3647, 176, 432, 55),
(3648, 176, 2727, 56),
(3649, 156, 382, 1),
(3650, 156, 710, 2),
(3651, 156, 1268, 3),
(3652, 156, 953, 4),
(3653, 156, 686, 5),
(3654, 156, 1349, 6),
(3655, 156, 1926, 7),
(3656, 156, 519, 8),
(3657, 156, 391, 9),
(3658, 156, 1730, 10),
(3659, 156, 665, 11),
(3660, 156, 2470, 12),
(3661, 156, 333, 13),
(3662, 156, 314, 14),
(3663, 156, 921, 15),
(3664, 17, 2182, 1),
(3665, 17, 2507, 2),
(3666, 17, 1873, 3),
(3667, 17, 996, 4),
(3668, 17, 1125, 5),
(3669, 17, 89, 6),
(3670, 17, 1269, 7),
(3671, 17, 736, 8),
(3672, 13, 2676, 1),
(3673, 13, 239, 2),
(3674, 13, 2103, 3),
(3675, 13, 1907, 4),
(3676, 13, 337, 5),
(3677, 13, 183, 6),
(3678, 13, 1592, 7),
(3679, 13, 1574, 8),
(3680, 13, 2707, 9),
(3681, 13, 1768, 10),
(3682, 13, 2680, 11),
(3683, 13, 264, 12),
(3684, 13, 1773, 13),
(3685, 13, 797, 14),
(3686, 13, 2233, 15),
(3687, 13, 1097, 16),
(3688, 13, 415, 17),
(3689, 13, 1142, 18),
(3690, 13, 883, 19),
(3691, 92, 178, 1),
(3692, 92, 1282, 2),
(3693, 92, 1940, 3),
(3694, 92, 2012, 4),
(3695, 92, 345, 5),
(3696, 92, 351, 6),
(3697, 92, 619, 7),
(3698, 92, 2187, 8),
(3699, 92, 1604, 9),
(3700, 92, 1612, 10),
(3701, 92, 718, 11),
(3702, 92, 34, 12),
(3703, 92, 2630, 13),
(3704, 92, 2041, 14),
(3705, 43, 326, 1),
(3706, 43, 2656, 2),
(3707, 43, 533, 3),
(3708, 43, 1625, 4),
(3709, 43, 908, 5),
(3710, 43, 67, 6),
(3711, 43, 855, 7),
(3712, 43, 786, 8),
(3713, 43, 443, 9),
(3714, 43, 2746, 10),
(3715, 212, 1338, 1),
(3716, 212, 1646, 2),
(3717, 212, 1607, 3),
(3718, 212, 238, 4),
(3719, 212, 724, 5),
(3720, 212, 1331, 6),
(3721, 212, 2393, 7),
(3722, 212, 602, 8),
(3723, 212, 1942, 9),
(3724, 212, 767, 10),
(3725, 212, 2180, 11),
(3726, 212, 1342, 12),
(3727, 212, 861, 13),
(3728, 212, 1999, 14),
(3729, 212, 2145, 15),
(3730, 212, 923, 16),
(3731, 212, 2639, 17),
(3732, 212, 4, 18),
(3733, 212, 2178, 19),
(3734, 212, 2831, 20),
(3735, 12, 2676, 1),
(3736, 12, 239, 2),
(3737, 12, 1050, 3),
(3738, 12, 1907, 4),
(3739, 12, 1359, 5),
(3740, 12, 1894, 6),
(3741, 12, 1818, 7),
(3742, 12, 842, 8),
(3743, 12, 1484, 9),
(3744, 12, 1762, 10),
(3745, 12, 1204, 11),
(3746, 12, 627, 12),
(3747, 12, 1064, 13),
(3748, 12, 876, 14),
(3749, 12, 57, 15),
(3750, 12, 1550, 16),
(3751, 12, 2290, 17),
(3752, 12, 666, 18),
(3753, 12, 1454, 19),
(3754, 12, 2440, 20),
(3755, 12, 551, 21),
(3756, 12, 539, 22),
(3757, 12, 1516, 23),
(3758, 12, 2050, 24),
(3759, 162, 382, 1),
(3760, 162, 1491, 2),
(3761, 162, 2662, 3),
(3762, 162, 1513, 4),
(3763, 162, 866, 5),
(3764, 162, 1436, 6),
(3765, 162, 2051, 7),
(3766, 162, 84, 8),
(3767, 162, 2418, 9),
(3768, 162, 1229, 10),
(3769, 162, 1497, 11),
(3770, 162, 377, 12),
(3771, 162, 1899, 13),
(3772, 162, 2593, 14),
(3773, 162, 2078, 15),
(3774, 162, 901, 16),
(3775, 27, 2457, 1),
(3776, 27, 2335, 2),
(3777, 27, 40, 3),
(3778, 27, 2467, 4),
(3779, 27, 2535, 5),
(3780, 27, 2446, 6),
(3781, 27, 2743, 7),
(3782, 74, 2218, 1),
(3783, 74, 2160, 2),
(3784, 74, 811, 3),
(3785, 74, 206, 4),
(3786, 74, 1621, 5),
(3787, 74, 1549, 6),
(3788, 74, 1044, 7),
(3789, 74, 1453, 8),
(3790, 74, 1891, 9),
(3791, 107, 2408, 1),
(3792, 107, 487, 2),
(3793, 107, 24, 3),
(3794, 107, 509, 4),
(3795, 107, 1336, 5),
(3796, 107, 595, 6),
(3797, 107, 244, 7),
(3798, 107, 2387, 8),
(3799, 107, 389, 9),
(3800, 107, 1652, 10),
(3801, 107, 880, 11),
(3802, 107, 1769, 12),
(3803, 107, 2020, 13),
(3804, 107, 920, 14),
(3805, 107, 829, 15),
(3806, 107, 348, 16),
(3807, 107, 2492, 17),
(3808, 107, 1030, 18),
(3809, 107, 2539, 19),
(3810, 107, 2384, 20),
(3811, 107, 1837, 21),
(3812, 107, 1457, 22),
(3813, 107, 581, 23),
(3814, 107, 2580, 24),
(3815, 107, 529, 25),
(3816, 107, 2782, 26),
(3817, 216, 178, 1),
(3818, 216, 837, 2),
(3819, 216, 2521, 3),
(3820, 216, 1538, 4),
(3821, 216, 1162, 5),
(3822, 216, 2504, 6),
(3823, 216, 989, 7),
(3824, 216, 605, 8),
(3825, 216, 46, 9),
(3826, 216, 2577, 10),
(3827, 216, 1588, 11),
(3828, 216, 1578, 12),
(3829, 216, 2480, 13),
(3830, 216, 758, 14),
(3831, 216, 493, 15),
(3832, 216, 534, 16),
(3833, 216, 385, 17),
(3834, 216, 1874, 18),
(3835, 32, 927, 1),
(3836, 32, 2329, 2),
(3837, 32, 256, 3),
(3838, 32, 1911, 4),
(3839, 32, 1270, 5),
(3840, 32, 952, 6),
(3841, 32, 464, 7),
(3842, 32, 2283, 8),
(3843, 32, 1148, 9),
(3844, 32, 437, 10),
(3845, 32, 674, 11),
(3846, 32, 1406, 12),
(3847, 32, 1329, 13),
(3848, 32, 2699, 14),
(3849, 32, 144, 15),
(3850, 32, 463, 16),
(3851, 32, 2304, 17),
(3852, 32, 1127, 18),
(3853, 32, 2586, 19),
(3854, 32, 1304, 20),
(3855, 32, 2360, 21),
(3856, 32, 54, 22),
(3857, 32, 804, 23),
(3858, 32, 1443, 24),
(3859, 32, 17, 25),
(3860, 32, 229, 26),
(3861, 32, 2404, 27),
(3862, 32, 641, 28),
(3863, 32, 2146, 29),
(3864, 32, 1972, 30),
(3865, 32, 1649, 31),
(3866, 32, 816, 32),
(3867, 32, 2509, 33),
(3868, 32, 1108, 34),
(3869, 32, 1284, 35),
(3870, 32, 2242, 36),
(3871, 32, 704, 37),
(3872, 32, 670, 38),
(3873, 197, 2133, 1),
(3874, 197, 429, 2),
(3875, 197, 220, 3),
(3876, 197, 1948, 4),
(3877, 197, 73, 5),
(3878, 197, 1836, 6),
(3879, 197, 1274, 7),
(3880, 197, 1281, 8),
(3881, 197, 222, 9),
(3882, 197, 1192, 10),
(3883, 197, 1613, 11),
(3884, 197, 1176, 12),
(3885, 197, 2370, 13),
(3886, 197, 740, 14),
(3887, 197, 598, 15),
(3888, 197, 584, 16),
(3889, 197, 1991, 17),
(3890, 197, 738, 18),
(3891, 197, 2454, 19),
(3892, 197, 1424, 20),
(3893, 197, 151, 21),
(3894, 197, 338, 22),
(3895, 197, 2732, 23),
(3896, 173, 147, 1),
(3897, 173, 87, 2),
(3898, 173, 424, 3),
(3899, 173, 1655, 4),
(3900, 173, 877, 5),
(3901, 173, 2105, 6),
(3902, 173, 1682, 7),
(3903, 196, 978, 1),
(3904, 196, 461, 2),
(3905, 196, 2080, 3),
(3906, 196, 1634, 4),
(3907, 196, 701, 5),
(3908, 196, 1556, 6),
(3909, 196, 318, 7),
(3910, 196, 601, 8),
(3911, 196, 1482, 9),
(3912, 196, 165, 10),
(3913, 196, 1039, 11),
(3914, 196, 1448, 12),
(3915, 196, 532, 13),
(3916, 145, 1874, 1),
(3917, 145, 955, 2),
(3918, 145, 1367, 3),
(3919, 145, 2427, 4),
(3920, 145, 1985, 5),
(3921, 145, 1633, 6),
(3922, 145, 2111, 7),
(3923, 145, 2808, 8),
(3924, 10, 2676, 1),
(3925, 10, 1900, 2),
(3926, 10, 1073, 3),
(3927, 10, 197, 4),
(3928, 10, 1847, 5),
(3929, 10, 717, 6),
(3930, 10, 1140, 7),
(3931, 10, 960, 8),
(3932, 10, 1627, 9),
(3933, 10, 343, 10),
(3934, 10, 1276, 11),
(3935, 10, 1659, 12),
(3936, 10, 2605, 13),
(3937, 10, 254, 14),
(3938, 10, 2216, 15),
(3939, 10, 1205, 16),
(3940, 10, 191, 17),
(3941, 10, 1239, 18),
(3942, 10, 2736, 19),
(3943, 18, 2182, 1),
(3944, 18, 2507, 2),
(3945, 18, 1689, 3),
(3946, 18, 2013, 4),
(3947, 18, 1561, 5),
(3948, 18, 2558, 6),
(3949, 18, 1382, 7),
(3950, 18, 714, 8),
(3951, 18, 188, 9),
(3952, 18, 1560, 10),
(3953, 18, 2026, 11),
(3954, 18, 48, 12),
(3955, 18, 9, 13),
(3956, 18, 1545, 14),
(3957, 18, 543, 15),
(3958, 18, 2257, 16),
(3959, 18, 2643, 17),
(3960, 18, 1059, 18),
(3961, 18, 33, 19),
(3962, 18, 472, 20),
(3963, 18, 849, 21),
(3964, 18, 1012, 22),
(3965, 18, 1639, 23),
(3966, 18, 766, 24),
(3967, 18, 1521, 25),
(3968, 18, 2739, 26),
(3969, 31, 2206, 1),
(3970, 31, 1110, 2),
(3971, 31, 422, 3),
(3972, 31, 1669, 4),
(3973, 31, 5, 5),
(3974, 31, 2190, 6),
(3975, 31, 1023, 7),
(3976, 31, 1451, 8),
(3977, 31, 1077, 9),
(3978, 31, 340, 10),
(3979, 31, 2155, 11),
(3980, 31, 1895, 12),
(3981, 31, 396, 13),
(3982, 31, 517, 14),
(3983, 31, 780, 15),
(3984, 31, 1037, 16),
(3985, 31, 1814, 17),
(3986, 31, 1697, 18),
(3987, 31, 2279, 19),
(3988, 31, 269, 20),
(3989, 31, 1160, 21),
(3990, 31, 167, 22),
(3991, 31, 1876, 23),
(3992, 31, 1344, 24),
(3993, 207, 1325, 1),
(3994, 207, 37, 2),
(3995, 207, 2828, 3),
(3996, 106, 2408, 1),
(3997, 106, 487, 2),
(3998, 106, 24, 3),
(3999, 106, 509, 4),
(4000, 106, 1336, 5),
(4001, 106, 595, 6),
(4002, 106, 244, 7),
(4003, 106, 2387, 8),
(4004, 106, 1652, 9),
(4005, 106, 389, 10),
(4006, 106, 880, 11),
(4007, 106, 1769, 12),
(4008, 106, 2020, 13),
(4009, 106, 920, 14),
(4010, 106, 829, 15),
(4011, 106, 195, 16),
(4012, 106, 2532, 17),
(4013, 106, 1211, 18),
(4014, 106, 2530, 19),
(4015, 106, 2429, 20),
(4016, 106, 1626, 21),
(4017, 106, 2282, 22),
(4018, 106, 2333, 23),
(4019, 106, 163, 24),
(4020, 106, 2781, 25),
(4021, 130, 2535, 1),
(4022, 130, 1031, 2),
(4023, 130, 365, 3),
(4024, 130, 1389, 4),
(4025, 130, 371, 5),
(4026, 130, 1864, 6),
(4027, 130, 102, 7),
(4028, 130, 553, 8),
(4029, 130, 728, 9),
(4030, 130, 1314, 10),
(4031, 130, 697, 11),
(4032, 130, 1209, 12),
(4033, 130, 2183, 13),
(4034, 130, 2377, 14),
(4035, 130, 1670, 15),
(4036, 130, 590, 16),
(4037, 135, 184, 1),
(4038, 135, 108, 2),
(4039, 135, 1966, 3),
(4040, 135, 1579, 4),
(4041, 135, 2638, 5),
(4042, 135, 748, 6),
(4043, 135, 2371, 7),
(4044, 135, 706, 8),
(4045, 135, 1026, 9),
(4046, 135, 2381, 10),
(4047, 135, 2249, 11),
(4048, 135, 1872, 12),
(4049, 135, 489, 13),
(4050, 135, 2152, 14),
(4051, 135, 1831, 15),
(4052, 135, 2475, 16),
(4053, 135, 2439, 17),
(4054, 135, 380, 18),
(4055, 135, 901, 19),
(4056, 102, 2359, 1),
(4057, 102, 1824, 2),
(4058, 102, 1328, 3),
(4059, 102, 2106, 4),
(4060, 102, 2459, 5),
(4061, 102, 2281, 6),
(4062, 102, 1474, 7),
(4063, 102, 636, 8),
(4064, 102, 2353, 9),
(4065, 102, 1040, 10),
(4066, 102, 63, 11),
(4067, 102, 253, 12),
(4068, 102, 237, 13),
(4069, 102, 2413, 14),
(4070, 102, 36, 15),
(4071, 102, 2326, 16),
(4072, 102, 1987, 17),
(4073, 102, 2015, 18),
(4074, 102, 512, 19),
(4075, 102, 491, 20),
(4076, 102, 703, 21),
(4077, 102, 2065, 22),
(4078, 102, 2063, 23),
(4079, 102, 497, 24),
(4080, 102, 2230, 25),
(4081, 102, 2777, 26),
(4082, 42, 1742, 1),
(4083, 42, 1144, 2),
(4084, 42, 447, 3),
(4085, 42, 2713, 4),
(4086, 42, 1758, 5),
(4087, 42, 277, 6),
(4088, 42, 1821, 7),
(4089, 42, 708, 8),
(4090, 42, 869, 9),
(4091, 42, 1492, 10),
(4092, 42, 372, 11),
(4093, 42, 2633, 12),
(4094, 42, 268, 13),
(4095, 42, 326, 14),
(4096, 42, 1046, 15),
(4097, 42, 2710, 16),
(4098, 42, 2313, 17),
(4099, 42, 1877, 18),
(4100, 42, 635, 19),
(4101, 42, 1397, 20),
(4102, 42, 1008, 21),
(4103, 42, 123, 22),
(4104, 42, 788, 23),
(4105, 42, 2612, 24),
(4106, 42, 154, 25),
(4107, 42, 944, 26),
(4108, 42, 8, 27),
(4109, 42, 888, 28),
(4110, 42, 853, 29),
(4111, 42, 1802, 30),
(4112, 42, 2745, 31),
(4113, 114, 2484, 1),
(4114, 114, 2009, 2),
(4115, 114, 974, 3),
(4116, 114, 44, 4),
(4117, 114, 2786, 5),
(4118, 81, 2053, 1),
(4119, 81, 1745, 2),
(4120, 81, 2107, 3),
(4121, 81, 2043, 4),
(4122, 81, 1285, 5),
(4123, 81, 75, 6),
(4124, 81, 1350, 7),
(4125, 81, 1279, 8),
(4126, 81, 2002, 9),
(4127, 81, 1950, 10),
(4128, 81, 456, 11),
(4129, 177, 1975, 1),
(4130, 177, 1708, 2),
(4131, 177, 1081, 3),
(4132, 177, 2305, 4),
(4133, 177, 924, 5),
(4134, 177, 2142, 6),
(4135, 177, 1119, 7),
(4136, 177, 2274, 8),
(4137, 177, 265, 9),
(4138, 177, 2052, 10),
(4139, 177, 1509, 11),
(4140, 177, 1866, 12),
(4141, 177, 76, 13),
(4142, 177, 373, 14),
(4143, 177, 583, 15),
(4144, 177, 231, 16),
(4145, 177, 2587, 17),
(4146, 177, 1834, 18),
(4147, 177, 1202, 19),
(4148, 177, 1393, 20),
(4149, 177, 726, 21),
(4150, 177, 1534, 22),
(4151, 177, 2728, 23),
(4152, 146, 2031, 1),
(4153, 146, 610, 2),
(4154, 146, 962, 3),
(4155, 146, 1020, 4),
(4156, 146, 2705, 5),
(4157, 146, 91, 6),
(4158, 146, 1384, 7),
(4159, 146, 271, 8),
(4160, 146, 1694, 9),
(4161, 146, 2431, 10),
(4162, 146, 479, 11),
(4163, 146, 798, 12),
(4164, 146, 1536, 13),
(4165, 146, 2198, 14),
(4166, 146, 1062, 15),
(4167, 146, 1838, 16),
(4168, 146, 2629, 17),
(4169, 146, 676, 18),
(4170, 159, 1731, 1),
(4171, 159, 2266, 2),
(4172, 159, 1215, 3),
(4173, 159, 2489, 4),
(4174, 159, 2576, 5),
(4175, 159, 2217, 6),
(4176, 159, 2478, 7),
(4177, 159, 1078, 8),
(4178, 159, 1688, 9),
(4179, 159, 1306, 10),
(4180, 159, 1515, 11),
(4181, 159, 298, 12),
(4182, 159, 233, 13),
(4183, 159, 590, 14),
(4184, 159, 39, 15),
(4185, 159, 476, 16),
(4186, 159, 141, 17),
(4187, 159, 1082, 18),
(4188, 159, 329, 19),
(4189, 159, 1105, 20),
(4190, 159, 1217, 21),
(4191, 159, 2529, 22),
(4192, 175, 1727, 1),
(4193, 175, 1319, 2),
(4194, 175, 889, 3),
(4195, 175, 994, 4),
(4196, 175, 1854, 5),
(4197, 175, 2401, 6),
(4198, 175, 771, 7),
(4199, 175, 2264, 8),
(4200, 175, 569, 9),
(4201, 175, 2072, 10),
(4202, 175, 2302, 11),
(4203, 175, 1531, 12),
(4204, 175, 1939, 13),
(4205, 175, 626, 14),
(4206, 175, 1433, 15),
(4207, 175, 179, 16),
(4208, 175, 532, 17),
(4209, 175, 2141, 18),
(4210, 175, 954, 19),
(4211, 175, 1041, 20),
(4212, 175, 228, 21),
(4213, 175, 1724, 22),
(4214, 175, 721, 23),
(4215, 175, 1983, 24),
(4216, 175, 1163, 25),
(4217, 175, 608, 26),
(4218, 175, 1924, 27),
(4219, 175, 1880, 28),
(4220, 175, 2717, 29),
(4221, 96, 890, 1),
(4222, 96, 891, 2),
(4223, 96, 1992, 3),
(4224, 96, 734, 4),
(4225, 96, 2341, 5),
(4226, 96, 260, 6),
(4227, 96, 2582, 7),
(4228, 96, 28, 8),
(4229, 96, 1558, 9),
(4230, 96, 114, 10),
(4231, 96, 1413, 11),
(4232, 96, 1764, 12),
(4233, 96, 2363, 13),
(4234, 96, 2021, 14),
(4235, 96, 2332, 15),
(4236, 96, 2469, 16),
(4237, 96, 526, 17),
(4238, 96, 208, 18),
(4239, 96, 1222, 19),
(4240, 96, 184, 20),
(4241, 96, 108, 21),
(4242, 96, 1966, 22),
(4243, 96, 2195, 23),
(4244, 96, 1890, 24),
(4245, 96, 945, 25),
(4246, 96, 166, 26),
(4247, 96, 794, 27),
(4248, 96, 2665, 28),
(4249, 96, 1371, 29),
(4250, 96, 1294, 30),
(4251, 96, 1311, 31),
(4252, 96, 416, 32),
(4253, 96, 2594, 33),
(4254, 96, 354, 34),
(4255, 96, 1095, 35),
(4256, 96, 382, 36),
(4257, 96, 1459, 37),
(4258, 96, 1301, 38),
(4259, 96, 2208, 39),
(4260, 96, 878, 40),
(4261, 96, 570, 41),
(4262, 96, 442, 42),
(4263, 96, 1061, 43),
(4264, 96, 2330, 44),
(4265, 96, 2250, 45),
(4266, 96, 2516, 46),
(4267, 96, 905, 47),
(4268, 96, 2151, 48),
(4269, 96, 2004, 49),
(4270, 75, 2172, 1),
(4271, 75, 2658, 2),
(4272, 75, 739, 3),
(4273, 75, 2054, 4),
(4274, 75, 1772, 5),
(4275, 75, 540, 6),
(4276, 75, 2086, 7),
(4277, 75, 2759, 8),
(4278, 227, 1228, 1),
(4279, 227, 1477, 2),
(4280, 227, 35, 3),
(4281, 227, 1347, 4),
(4282, 227, 2005, 5),
(4283, 227, 2059, 6),
(4284, 227, 776, 7),
(4285, 227, 135, 8),
(4286, 183, 2050, 1),
(4287, 183, 2608, 2),
(4288, 183, 1402, 3),
(4289, 183, 2626, 4),
(4290, 183, 1903, 5),
(4291, 183, 1317, 6),
(4292, 183, 722, 7),
(4293, 165, 2631, 1),
(4294, 165, 352, 2),
(4295, 165, 2518, 3),
(4296, 165, 2622, 4),
(4297, 165, 1070, 5),
(4298, 165, 2420, 6),
(4299, 165, 99, 7),
(4300, 165, 1740, 8),
(4301, 165, 2209, 9),
(4302, 165, 194, 10),
(4303, 165, 1995, 11),
(4304, 165, 1271, 12),
(4305, 165, 323, 13),
(4306, 165, 283, 14),
(4307, 165, 2426, 15),
(4308, 165, 1935, 16),
(4309, 165, 768, 17),
(4310, 165, 1066, 18),
(4311, 165, 2541, 19),
(4312, 165, 2485, 20),
(4313, 165, 2395, 21),
(4314, 165, 813, 22),
(4315, 165, 1553, 23),
(4316, 165, 1092, 24),
(4317, 165, 190, 25),
(4318, 165, 958, 26),
(4319, 165, 169, 27),
(4320, 165, 436, 28),
(4321, 165, 1346, 29),
(4322, 165, 931, 30),
(4323, 29, 683, 1),
(4324, 29, 868, 2),
(4325, 29, 826, 3),
(4326, 29, 106, 4),
(4327, 29, 1226, 5),
(4328, 29, 1295, 6),
(4329, 29, 1933, 7),
(4330, 29, 1944, 8),
(4331, 29, 301, 9),
(4332, 29, 1449, 10),
(4333, 29, 116, 11),
(4334, 29, 2599, 12),
(4335, 29, 263, 13),
(4336, 29, 528, 14),
(4337, 29, 787, 15),
(4338, 29, 2667, 16),
(4339, 29, 1114, 17),
(4340, 29, 743, 18),
(4341, 29, 426, 19),
(4342, 29, 7, 20),
(4343, 29, 846, 21),
(4344, 29, 1333, 22),
(4345, 29, 2314, 23),
(4346, 29, 1261, 24),
(4347, 29, 1786, 25),
(4348, 29, 1155, 26),
(4349, 29, 2175, 27),
(4350, 29, 2736, 28),
(4351, 229, 323, 1),
(4352, 229, 1736, 2),
(4353, 229, 1710, 3),
(4354, 229, 577, 4),
(4355, 229, 1570, 5),
(4356, 229, 2836, 6),
(4357, 30, 1945, 1),
(4358, 30, 1863, 2),
(4359, 30, 1438, 3),
(4360, 30, 712, 4),
(4361, 30, 410, 5),
(4362, 30, 262, 6),
(4363, 30, 357, 7),
(4364, 30, 2084, 8),
(4365, 30, 1465, 9),
(4366, 30, 2372, 10),
(4367, 30, 979, 11),
(4368, 30, 1884, 12),
(4369, 30, 2075, 13),
(4370, 30, 2167, 14),
(4371, 30, 857, 15),
(4372, 30, 2058, 16),
(4373, 30, 2599, 17),
(4374, 30, 116, 18),
(4375, 30, 1449, 19),
(4376, 30, 301, 20),
(4377, 30, 2016, 21),
(4378, 30, 673, 22),
(4379, 30, 1605, 23),
(4380, 30, 1123, 24),
(4381, 30, 2424, 25),
(4382, 30, 242, 26),
(4383, 30, 1941, 27),
(4384, 30, 821, 28),
(4385, 30, 300, 29),
(4386, 30, 1085, 30),
(4387, 30, 362, 31),
(4388, 30, 441, 32),
(4389, 30, 2400, 33),
(4390, 30, 1542, 34),
(4391, 148, 1337, 1),
(4392, 148, 118, 2),
(4393, 148, 2258, 3),
(4394, 148, 411, 4),
(4395, 148, 1283, 5),
(4396, 148, 1771, 6),
(4397, 148, 2037, 7),
(4398, 148, 2810, 8),
(4399, 33, 1879, 1),
(4400, 33, 1706, 2),
(4401, 33, 2497, 3),
(4402, 33, 1231, 4),
(4403, 33, 1988, 5),
(4404, 33, 871, 6),
(4405, 33, 272, 7),
(4406, 33, 1478, 8),
(4407, 33, 21, 9),
(4408, 33, 641, 10),
(4409, 33, 2146, 11),
(4410, 33, 1677, 12),
(4411, 33, 322, 13),
(4412, 33, 1798, 14),
(4413, 33, 576, 15),
(4414, 33, 2092, 16),
(4415, 33, 1246, 17),
(4416, 33, 1460, 18),
(4417, 33, 2275, 19),
(4418, 33, 399, 20),
(4419, 33, 98, 21),
(4420, 33, 1986, 22),
(4421, 33, 2127, 23),
(4422, 33, 885, 24),
(4423, 33, 2125, 25),
(4424, 33, 2093, 26),
(4425, 33, 809, 27),
(4426, 33, 1945, 28),
(4427, 51, 1893, 1),
(4428, 51, 1428, 2),
(4429, 51, 2403, 3),
(4430, 51, 2169, 4),
(4431, 51, 1739, 5),
(4432, 51, 1811, 6),
(4433, 51, 983, 7),
(4434, 51, 1409, 8),
(4435, 51, 1700, 9),
(4436, 51, 2675, 10),
(4437, 51, 2131, 11),
(4438, 51, 330, 12),
(4439, 51, 2672, 13),
(4440, 51, 647, 14),
(4441, 51, 946, 15),
(4442, 51, 1206, 16),
(4443, 51, 1750, 17),
(4444, 51, 285, 18),
(4445, 51, 777, 19),
(4446, 51, 358, 20),
(4447, 51, 1247, 21),
(4448, 51, 85, 22),
(4449, 51, 367, 23),
(4450, 51, 757, 24),
(4451, 185, 1875, 1),
(4452, 185, 633, 2),
(4453, 185, 902, 3),
(4454, 185, 1390, 4),
(4455, 185, 2039, 5),
(4456, 185, 695, 6),
(4457, 185, 2488, 7),
(4458, 185, 2133, 8),
(4459, 59, 2493, 1),
(4460, 59, 1777, 2),
(4461, 59, 1827, 3),
(4462, 59, 38, 4),
(4463, 59, 1590, 5),
(4464, 59, 972, 6),
(4465, 59, 1587, 7),
(4466, 59, 1672, 8),
(4467, 59, 270, 9),
(4468, 59, 2526, 10),
(4469, 59, 1835, 11),
(4470, 59, 124, 12),
(4471, 59, 2215, 13),
(4472, 59, 2596, 14),
(4473, 59, 1132, 15),
(4474, 59, 1978, 16),
(4475, 59, 1321, 17),
(4476, 59, 2042, 18),
(4477, 59, 1166, 19),
(4478, 59, 1524, 20),
(4479, 59, 763, 21),
(4480, 59, 2447, 22),
(4481, 59, 1483, 23),
(4482, 59, 2352, 24),
(4483, 59, 873, 25),
(4484, 59, 477, 26),
(4485, 59, 293, 27),
(4486, 59, 1683, 28),
(4487, 59, 835, 29),
(4488, 59, 1339, 30),
(4489, 59, 1819, 31),
(4490, 59, 1355, 32),
(4491, 59, 667, 33),
(4492, 59, 1072, 34),
(4493, 59, 1090, 35),
(4494, 59, 66, 36),
(4495, 59, 2117, 37),
(4496, 59, 156, 38),
(4497, 59, 1848, 39),
(4498, 59, 2700, 40),
(4499, 59, 1675, 41),
(4500, 59, 630, 42),
(4501, 49, 985, 1),
(4502, 49, 856, 2),
(4503, 49, 1789, 3),
(4504, 49, 1324, 4),
(4505, 49, 839, 5),
(4506, 49, 2023, 6),
(4507, 49, 289, 7),
(4508, 49, 2034, 8),
(4509, 49, 2319, 9),
(4510, 49, 2682, 10),
(4511, 49, 1420, 11),
(4512, 49, 865, 12),
(4513, 49, 1753, 13),
(4514, 49, 383, 14),
(4515, 49, 2196, 15),
(4516, 49, 805, 16),
(4517, 49, 414, 17),
(4518, 49, 139, 18),
(4519, 49, 2228, 19),
(4520, 49, 2708, 20),
(4521, 49, 1184, 21),
(4522, 49, 2139, 22),
(4523, 49, 967, 23),
(4524, 49, 2378, 24),
(4525, 49, 180, 25),
(4526, 87, 1080, 1),
(4527, 87, 2007, 2),
(4528, 87, 730, 3),
(4529, 87, 470, 4),
(4530, 87, 2769, 5),
(4531, 143, 1401, 1),
(4532, 143, 23, 2),
(4533, 143, 2285, 3),
(4534, 143, 119, 4),
(4535, 143, 752, 5),
(4536, 143, 2088, 6),
(4537, 143, 530, 7),
(4538, 143, 369, 8),
(4539, 143, 185, 9),
(4540, 143, 2517, 10),
(4541, 143, 2806, 11),
(4542, 85, 2620, 1),
(4543, 85, 2245, 2),
(4544, 85, 1201, 3),
(4545, 85, 376, 4),
(4546, 85, 454, 5),
(4547, 85, 306, 6),
(4548, 85, 2379, 7),
(4549, 85, 2252, 8),
(4550, 85, 629, 9),
(4551, 85, 2476, 10),
(4552, 85, 2551, 11),
(4553, 85, 1084, 12),
(4554, 85, 859, 13),
(4555, 85, 1399, 14),
(4556, 85, 959, 15),
(4557, 85, 1716, 16),
(4558, 85, 1905, 17),
(4559, 85, 1313, 18),
(4560, 85, 2767, 19),
(4561, 2, 1727, 1),
(4562, 2, 297, 2),
(4563, 2, 1441, 3),
(4564, 2, 1691, 4),
(4565, 2, 615, 5),
(4566, 2, 2533, 6),
(4567, 2, 2030, 7),
(4568, 2, 1648, 8),
(4569, 2, 1156, 9),
(4570, 2, 1199, 10),
(4571, 2, 211, 11),
(4572, 2, 558, 12),
(4573, 2, 1344, 13),
(4574, 2, 1779, 14),
(4575, 2, 562, 15),
(4576, 2, 1189, 16),
(4577, 2, 2130, 17),
(4578, 2, 978, 18),
(4579, 192, 275, 1),
(4580, 192, 1757, 2),
(4581, 192, 400, 3),
(4582, 192, 681, 4),
(4583, 192, 2702, 5),
(4584, 192, 1788, 6),
(4585, 192, 1645, 7),
(4586, 192, 795, 8),
(4587, 192, 1057, 9),
(4588, 192, 1154, 10),
(4589, 192, 843, 11),
(4590, 192, 2430, 12),
(4591, 192, 2512, 13),
(4592, 192, 753, 14),
(4593, 192, 1, 15),
(4594, 192, 2556, 16),
(4595, 192, 1749, 17),
(4596, 192, 1115, 18),
(4597, 192, 2821, 19),
(4598, 154, 1828, 1),
(4599, 154, 1019, 2),
(4600, 154, 1628, 3),
(4601, 154, 1243, 4),
(4602, 154, 1833, 5),
(4603, 154, 336, 6),
(4604, 154, 1962, 7),
(4605, 154, 2621, 8),
(4606, 154, 2814, 9),
(4607, 181, 303, 1),
(4608, 181, 1426, 2),
(4609, 181, 769, 3),
(4610, 181, 1733, 4),
(4611, 181, 339, 5),
(4612, 181, 1499, 6),
(4613, 181, 631, 7),
(4614, 181, 1265, 8),
(4615, 181, 1857, 9),
(4616, 181, 1958, 10),
(4617, 181, 164, 11),
(4618, 181, 281, 12),
(4619, 181, 2295, 13),
(4620, 181, 1666, 14),
(4621, 181, 110, 15),
(4622, 181, 2168, 16),
(4623, 181, 927, 17),
(4624, 211, 2695, 1),
(4625, 211, 2417, 2),
(4626, 211, 1827, 3),
(4627, 48, 1528, 1),
(4628, 48, 1174, 2),
(4629, 48, 549, 3),
(4630, 48, 935, 4),
(4631, 48, 465, 5),
(4632, 48, 2471, 6),
(4633, 48, 2179, 7),
(4634, 48, 1345, 8),
(4635, 48, 12, 9),
(4636, 48, 968, 10),
(4637, 48, 1052, 11),
(4638, 48, 2247, 12),
(4639, 48, 1770, 13),
(4640, 48, 700, 14),
(4641, 48, 495, 15),
(4642, 48, 2264, 16),
(4643, 48, 852, 17),
(4644, 48, 511, 18),
(4645, 48, 1844, 19),
(4646, 48, 1058, 20),
(4647, 48, 1696, 21),
(4648, 48, 2428, 22),
(4649, 48, 1343, 23),
(4650, 48, 568, 24),
(4651, 48, 318, 25),
(4652, 48, 796, 26),
(4653, 48, 1354, 27),
(4654, 48, 1788, 28),
(4655, 48, 1419, 29),
(4656, 48, 2538, 30),
(4657, 48, 1791, 31),
(4658, 48, 2202, 32),
(4659, 48, 985, 33),
(4660, 90, 90, 1),
(4661, 90, 2588, 2),
(4662, 90, 1794, 3),
(4663, 90, 2171, 4),
(4664, 90, 1594, 5),
(4665, 90, 518, 6),
(4666, 90, 2001, 7),
(4667, 90, 1964, 8),
(4668, 90, 370, 9),
(4669, 90, 93, 10),
(4670, 90, 2100, 11),
(4671, 90, 2, 12),
(4672, 90, 1606, 13),
(4673, 90, 1203, 14),
(4674, 90, 1442, 15),
(4675, 90, 196, 16),
(4676, 90, 1486, 17),
(4677, 90, 2109, 18),
(4678, 90, 915, 19),
(4679, 90, 645, 20),
(4680, 90, 2772, 21),
(4681, 4, 2182, 1),
(4682, 4, 838, 2),
(4683, 4, 781, 3),
(4684, 4, 1571, 4),
(4685, 4, 2468, 5),
(4686, 4, 783, 6),
(4687, 4, 2006, 7),
(4688, 4, 1418, 8),
(4689, 4, 450, 9),
(4690, 4, 845, 10),
(4691, 4, 513, 11),
(4692, 4, 1107, 12),
(4693, 4, 1042, 13),
(4694, 4, 1500, 14),
(4695, 4, 2164, 15),
(4696, 4, 1723, 16),
(4697, 4, 1221, 17),
(4698, 4, 2735, 18),
(4699, 164, 2516, 1),
(4700, 164, 1703, 2),
(4701, 164, 132, 3),
(4702, 164, 617, 4),
(4703, 164, 1923, 5),
(4704, 164, 1422, 6),
(4705, 164, 1896, 7),
(4706, 164, 323, 8),
(4707, 95, 757, 1),
(4708, 95, 367, 2),
(4709, 95, 85, 3),
(4710, 95, 2099, 4),
(4711, 95, 671, 5),
(4712, 95, 2688, 6),
(4713, 95, 387, 7),
(4714, 95, 2349, 8),
(4715, 95, 2070, 9),
(4716, 95, 1812, 10),
(4717, 95, 95, 11),
(4718, 95, 1925, 12),
(4719, 95, 2632, 13),
(4720, 95, 2224, 14),
(4721, 95, 86, 15),
(4722, 95, 1671, 16),
(4723, 95, 1756, 17),
(4724, 95, 2087, 18),
(4725, 95, 1218, 19),
(4726, 95, 2382, 20),
(4727, 95, 589, 21),
(4728, 95, 2297, 22),
(4729, 24, 1742, 1),
(4730, 24, 172, 2),
(4731, 24, 2693, 3),
(4732, 24, 1527, 4),
(4733, 24, 1913, 5),
(4734, 24, 83, 6),
(4735, 24, 1300, 7),
(4736, 24, 1395, 8),
(4737, 24, 2543, 9),
(4738, 24, 2444, 10),
(4739, 24, 1400, 11),
(4740, 24, 1658, 12),
(4741, 24, 1732, 13),
(4742, 24, 2116, 14),
(4743, 24, 926, 15),
(4744, 24, 687, 16),
(4745, 24, 1651, 17),
(4746, 24, 1185, 18),
(4747, 24, 791, 19),
(4748, 24, 1922, 20),
(4749, 24, 1485, 21),
(4750, 24, 459, 22),
(4751, 24, 1638, 23),
(4752, 24, 2263, 24),
(4753, 24, 240, 25),
(4754, 24, 1666, 26),
(4755, 24, 110, 27),
(4756, 24, 2168, 28),
(4757, 24, 927, 29),
(4758, 24, 2329, 30),
(4759, 24, 256, 31),
(4760, 24, 1911, 32),
(4761, 24, 2616, 33),
(4762, 24, 1780, 34),
(4763, 24, 808, 35),
(4764, 24, 1820, 36),
(4765, 24, 1805, 37),
(4766, 24, 683, 38),
(4767, 24, 1475, 39),
(4768, 24, 1917, 40),
(4769, 24, 516, 41),
(4770, 24, 2494, 42),
(4771, 24, 1945, 43),
(4772, 24, 1316, 44),
(4773, 24, 494, 45),
(4774, 24, 1970, 46),
(4775, 24, 2358, 47),
(4776, 24, 1122, 48),
(4777, 24, 2529, 49),
(4778, 24, 1309, 50),
(4779, 24, 1996, 51),
(4780, 24, 1414, 52),
(4781, 24, 2741, 53),
(4782, 194, 1417, 1),
(4783, 194, 1216, 2),
(4784, 194, 490, 3),
(4785, 194, 1898, 4),
(4786, 194, 2821, 5),
(4787, 178, 1975, 1),
(4788, 178, 820, 2),
(4789, 178, 20, 3),
(4790, 178, 2617, 4),
(4791, 178, 1223, 5),
(4792, 178, 417, 6),
(4793, 178, 2269, 7),
(4794, 178, 658, 8),
(4795, 178, 1469, 9),
(4796, 178, 1666, 10),
(4797, 178, 110, 11),
(4798, 178, 2168, 12),
(4799, 178, 927, 13),
(4800, 214, 1613, 1),
(4801, 214, 1892, 2),
(4802, 214, 2549, 3),
(4803, 214, 1297, 4),
(4804, 214, 2734, 5),
(4805, 129, 1827, 1),
(4806, 129, 2345, 2),
(4807, 129, 606, 3),
(4808, 129, 2613, 4),
(4809, 129, 2301, 5),
(4810, 129, 2331, 6),
(4811, 129, 397, 7),
(4812, 129, 1846, 8),
(4813, 129, 2798, 9),
(4814, 40, 546, 1),
(4815, 40, 2487, 2),
(4816, 40, 1250, 3),
(4817, 40, 789, 4),
(4818, 40, 874, 5),
(4819, 40, 1088, 6),
(4820, 40, 2544, 7),
(4821, 40, 2294, 8),
(4822, 40, 506, 9),
(4823, 40, 1327, 10),
(4824, 40, 1744, 11),
(4825, 40, 1127, 12),
(4826, 40, 2586, 13),
(4827, 40, 2135, 14),
(4828, 40, 2136, 15),
(4829, 40, 2354, 16),
(4830, 40, 1678, 17),
(4831, 40, 1447, 18),
(4832, 40, 1504, 19),
(4833, 40, 402, 20),
(4834, 40, 213, 21),
(4835, 40, 1143, 22),
(4836, 40, 1611, 23),
(4837, 40, 1186, 24),
(4838, 40, 2018, 25),
(4839, 40, 1263, 26),
(4840, 40, 2014, 27),
(4841, 40, 1597, 28),
(4842, 40, 1091, 29),
(4843, 40, 1190, 30),
(4844, 40, 651, 31),
(4845, 40, 98, 32),
(4846, 187, 2133, 1),
(4847, 187, 2628, 2),
(4848, 187, 2303, 3),
(4849, 187, 395, 4),
(4850, 187, 342, 5),
(4851, 187, 204, 6),
(4852, 187, 2546, 7),
(4853, 187, 1380, 8),
(4854, 187, 2583, 9),
(4855, 187, 725, 10),
(4856, 187, 209, 11),
(4857, 187, 361, 12),
(4858, 187, 1164, 13),
(4859, 187, 319, 14),
(4860, 187, 287, 15),
(4861, 187, 987, 16),
(4862, 187, 544, 17),
(4863, 187, 2124, 18),
(4864, 187, 679, 19),
(4865, 187, 1981, 20),
(4866, 187, 833, 21),
(4867, 187, 394, 22),
(4868, 187, 894, 23),
(4869, 187, 175, 24),
(4870, 187, 624, 25),
(4871, 187, 760, 26),
(4872, 187, 2731, 27),
(4873, 108, 2469, 1),
(4874, 108, 384, 2),
(4875, 108, 2158, 3),
(4876, 108, 148, 4),
(4877, 108, 515, 5),
(4878, 108, 1038, 6),
(4879, 108, 2398, 7),
(4880, 108, 689, 8),
(4881, 108, 1640, 9),
(4882, 108, 1522, 10),
(4883, 108, 1034, 11),
(4884, 108, 2083, 12),
(4885, 108, 1806, 13),
(4886, 108, 2548, 14),
(4887, 108, 765, 15),
(4888, 108, 806, 16),
(4889, 108, 2722, 17),
(4890, 26, 1820, 1),
(4891, 26, 779, 2),
(4892, 26, 990, 3),
(4893, 26, 2697, 4),
(4894, 26, 1251, 5),
(4895, 26, 2192, 6),
(4896, 26, 446, 7),
(4897, 26, 1130, 8),
(4898, 26, 130, 9),
(4899, 26, 1013, 10),
(4900, 26, 2563, 11),
(4901, 26, 255, 12),
(4902, 26, 2248, 13),
(4903, 26, 936, 14),
(4904, 26, 2064, 15),
(4905, 26, 1974, 16),
(4906, 26, 98, 17),
(4907, 26, 2071, 18),
(4908, 26, 11, 19),
(4909, 26, 1813, 20),
(4910, 26, 1902, 21),
(4911, 26, 49, 22),
(4912, 26, 2210, 23),
(4913, 26, 524, 24),
(4914, 26, 1169, 25),
(4915, 26, 2457, 26),
(4916, 89, 90, 1),
(4917, 89, 688, 2),
(4918, 89, 2588, 3),
(4919, 89, 1794, 4),
(4920, 89, 2171, 5),
(4921, 89, 295, 6),
(4922, 89, 25, 7),
(4923, 89, 1305, 8),
(4924, 89, 1257, 9),
(4925, 89, 2082, 10),
(4926, 89, 1690, 11),
(4927, 89, 2696, 12),
(4928, 89, 1069, 13),
(4929, 89, 2407, 14),
(4930, 89, 1372, 15),
(4931, 89, 492, 16),
(4932, 89, 320, 17),
(4933, 89, 917, 18),
(4934, 89, 346, 19),
(4935, 89, 2584, 20),
(4936, 89, 1529, 21),
(4937, 89, 1614, 22),
(4938, 89, 1047, 23),
(4939, 89, 2624, 24),
(4940, 89, 2771, 25),
(4941, 101, 382, 1),
(4942, 101, 1491, 2),
(4943, 101, 266, 3),
(4944, 101, 1051, 4),
(4945, 101, 440, 5),
(4946, 101, 288, 6),
(4947, 101, 964, 7),
(4948, 101, 2501, 8),
(4949, 101, 947, 9),
(4950, 101, 837, 10),
(4951, 101, 178, 11),
(4952, 101, 1961, 12),
(4953, 101, 1656, 13),
(4954, 101, 2704, 14),
(4955, 101, 644, 15),
(4956, 101, 1455, 16),
(4957, 101, 223, 17),
(4958, 101, 1191, 18),
(4959, 101, 1214, 19),
(4960, 101, 61, 20),
(4961, 101, 356, 21),
(4962, 101, 2694, 22),
(4963, 101, 2590, 23),
(4964, 101, 2315, 24),
(4965, 101, 2690, 25),
(4966, 101, 2561, 26),
(4967, 101, 575, 27),
(4968, 104, 2244, 1),
(4969, 104, 2458, 2),
(4970, 104, 663, 3),
(4971, 104, 2003, 4),
(4972, 104, 1921, 5),
(4973, 104, 58, 6),
(4974, 104, 2564, 7),
(4975, 104, 2522, 8),
(4976, 104, 1292, 9),
(4977, 104, 802, 10),
(4978, 104, 1001, 11),
(4979, 104, 1466, 12),
(4980, 104, 669, 13),
(4981, 104, 1053, 14),
(4982, 104, 2251, 15),
(4983, 104, 1290, 16),
(4984, 104, 1862, 17),
(4985, 104, 2094, 18),
(4986, 104, 170, 19),
(4987, 104, 2779, 20),
(4988, 223, 2027, 1),
(4989, 223, 2406, 2),
(4990, 223, 1508, 3),
(4991, 223, 78, 4),
(4992, 223, 1369, 5),
(4993, 223, 2035, 6),
(4994, 223, 1661, 7),
(4995, 223, 143, 8),
(4996, 223, 2462, 9),
(4997, 223, 1725, 10),
(4998, 128, 1423, 1),
(4999, 128, 88, 2),
(5000, 128, 22, 3),
(5001, 128, 1601, 4),
(5002, 128, 1134, 5),
(5003, 128, 2473, 6),
(5004, 128, 995, 7),
(5005, 128, 203, 8),
(5006, 128, 405, 9),
(5007, 128, 2797, 10),
(5008, 150, 1103, 1),
(5009, 150, 262, 2),
(5010, 150, 2113, 3),
(5011, 150, 1581, 4),
(5012, 150, 2399, 5),
(5013, 150, 997, 6),
(5014, 150, 911, 7),
(5015, 150, 2499, 8),
(5016, 150, 1815, 9),
(5017, 150, 2273, 10),
(5018, 150, 2098, 11),
(5019, 150, 2115, 12),
(5020, 150, 1065, 13),
(5021, 150, 638, 14),
(5022, 150, 981, 15),
(5023, 150, 2344, 16),
(5024, 150, 1178, 17),
(5025, 150, 604, 18),
(5026, 150, 1299, 19),
(5027, 150, 121, 20),
(5028, 150, 1126, 21),
(5029, 150, 815, 22),
(5030, 150, 991, 23),
(5031, 150, 1929, 24),
(5032, 150, 2812, 25),
(5033, 115, 1640, 1),
(5034, 115, 1619, 2),
(5035, 115, 1476, 3),
(5036, 115, 2293, 4),
(5037, 115, 632, 5),
(5038, 115, 101, 6),
(5039, 115, 1966, 7),
(5040, 184, 2448, 1),
(5041, 184, 2460, 2),
(5042, 184, 1408, 3),
(5043, 184, 1507, 4),
(5044, 184, 341, 5),
(5045, 184, 2039, 6),
(5046, 184, 695, 7),
(5047, 184, 2488, 8),
(5048, 184, 2133, 9),
(5049, 56, 978, 1),
(5050, 56, 2288, 2),
(5051, 56, 1809, 3),
(5052, 56, 1489, 4),
(5053, 56, 113, 5),
(5054, 56, 1800, 6),
(5055, 56, 2271, 7),
(5056, 56, 930, 8),
(5057, 56, 984, 9),
(5058, 56, 1871, 10),
(5059, 56, 1363, 11),
(5060, 56, 2531, 12),
(5061, 56, 2225, 13),
(5062, 56, 2646, 14),
(5063, 56, 245, 15),
(5064, 56, 60, 16),
(5065, 56, 448, 17),
(5066, 56, 1753, 18),
(5067, 56, 2445, 19),
(5068, 56, 1357, 20),
(5069, 56, 1232, 21),
(5070, 56, 388, 22),
(5071, 56, 2636, 23),
(5072, 56, 1667, 24),
(5073, 56, 1839, 25),
(5074, 56, 2211, 26),
(5075, 56, 2625, 27),
(5076, 56, 1881, 28),
(5077, 56, 774, 29),
(5078, 56, 359, 30),
(5079, 56, 138, 31),
(5080, 56, 378, 32),
(5081, 56, 1011, 33),
(5082, 56, 2074, 34),
(5083, 56, 1547, 35),
(5084, 56, 2502, 36),
(5085, 56, 1172, 37),
(5086, 56, 2110, 38),
(5087, 56, 42, 39),
(5088, 56, 2450, 40),
(5089, 56, 425, 41),
(5090, 56, 2261, 42),
(5091, 56, 360, 43),
(5092, 56, 1642, 44),
(5093, 56, 836, 45),
(5094, 56, 2048, 46),
(5095, 56, 2721, 47),
(5096, 218, 61, 1),
(5097, 218, 2524, 2),
(5098, 218, 1519, 3),
(5099, 218, 458, 4),
(5100, 218, 2219, 5),
(5101, 218, 1982, 6),
(5102, 218, 1692, 7),
(5103, 218, 364, 8),
(5104, 218, 2343, 9),
(5105, 218, 485, 10),
(5106, 218, 668, 11),
(5107, 218, 625, 12),
(5108, 218, 2631, 13),
(5109, 174, 147, 1),
(5110, 174, 87, 2),
(5111, 174, 424, 3),
(5112, 174, 1655, 4),
(5113, 174, 1989, 5),
(5114, 174, 2589, 6),
(5115, 174, 1734, 7),
(5116, 174, 2097, 8),
(5117, 174, 161, 9),
(5118, 174, 1971, 10),
(5119, 174, 69, 11),
(5120, 174, 1480, 12),
(5121, 174, 482, 13),
(5122, 174, 1635, 14),
(5123, 174, 187, 15),
(5124, 174, 64, 16),
(5125, 174, 2138, 17),
(5126, 174, 1193, 18),
(5127, 174, 1541, 19),
(5128, 174, 2044, 20),
(5129, 174, 2366, 21),
(5130, 174, 1430, 22),
(5131, 174, 186, 23),
(5132, 174, 1577, 24),
(5133, 174, 1959, 25),
(5134, 174, 1610, 26),
(5135, 174, 2193, 27),
(5136, 174, 2726, 28),
(5137, 21, 2182, 1),
(5138, 21, 1286, 2),
(5139, 21, 1930, 3),
(5140, 21, 1586, 4),
(5141, 21, 1198, 5),
(5142, 21, 716, 6),
(5143, 21, 1784, 7),
(5144, 21, 1936, 8),
(5145, 21, 474, 9),
(5146, 21, 817, 10),
(5147, 21, 150, 11),
(5148, 21, 2486, 12),
(5149, 21, 1938, 13),
(5150, 21, 2389, 14),
(5151, 21, 1278, 15),
(5152, 109, 1945, 1),
(5153, 109, 1698, 2),
(5154, 109, 1517, 3),
(5155, 109, 1681, 4),
(5156, 109, 475, 5),
(5157, 109, 1949, 6),
(5158, 109, 919, 7),
(5159, 109, 2143, 8),
(5160, 109, 355, 9),
(5161, 109, 1722, 10),
(5162, 109, 599, 11),
(5163, 109, 1687, 12),
(5164, 109, 1118, 13),
(5165, 109, 1868, 14),
(5166, 109, 445, 15),
(5167, 109, 699, 16),
(5168, 109, 192, 17),
(5169, 109, 2390, 18),
(5170, 109, 2201, 19),
(5171, 109, 863, 20),
(5172, 109, 500, 21),
(5173, 109, 467, 22),
(5174, 109, 1017, 23),
(5175, 109, 2336, 24),
(5176, 109, 2599, 25),
(5177, 70, 1356, 1),
(5178, 70, 2498, 2),
(5179, 70, 1207, 3),
(5180, 70, 2166, 4),
(5181, 70, 205, 5),
(5182, 70, 2565, 6),
(5183, 70, 690, 7),
(5184, 70, 639, 8),
(5185, 70, 1170, 9),
(5186, 70, 1175, 10),
(5187, 91, 178, 1),
(5188, 91, 837, 2),
(5189, 91, 1826, 3),
(5190, 91, 564, 4),
(5191, 91, 884, 5),
(5192, 91, 291, 6),
(5193, 91, 609, 7),
(5194, 91, 1755, 8),
(5195, 91, 2383, 9),
(5196, 91, 499, 10),
(5197, 91, 1799, 11),
(5198, 91, 1728, 12),
(5199, 91, 1379, 13),
(5200, 91, 1928, 14),
(5201, 91, 230, 15),
(5202, 91, 2703, 16),
(5203, 91, 435, 17),
(5204, 91, 430, 18),
(5205, 91, 1376, 19),
(5206, 91, 1506, 20),
(5207, 91, 2573, 21),
(5208, 91, 1861, 22),
(5209, 155, 1828, 1),
(5210, 155, 1002, 2),
(5211, 155, 1887, 3),
(5212, 155, 2060, 4),
(5213, 155, 2674, 5),
(5214, 155, 1785, 6),
(5215, 155, 2523, 7),
(5216, 155, 573, 8),
(5217, 155, 2265, 9),
(5218, 155, 2308, 10),
(5219, 155, 2310, 11),
(5220, 155, 224, 12),
(5221, 155, 393, 13),
(5222, 155, 2177, 14),
(5223, 155, 1267, 15),
(5224, 155, 2815, 16),
(5225, 19, 2026, 1),
(5226, 19, 48, 2),
(5227, 19, 9, 3),
(5228, 19, 280, 4),
(5229, 19, 1079, 5),
(5230, 19, 1195, 6),
(5231, 19, 922, 7),
(5232, 19, 1914, 8),
(5233, 19, 2278, 9),
(5234, 19, 2376, 10),
(5235, 19, 2096, 11),
(5236, 19, 2739, 12),
(5237, 213, 402, 1),
(5238, 213, 1832, 2),
(5239, 213, 469, 3),
(5240, 213, 2801, 4),
(5241, 169, 1893, 1),
(5242, 169, 1428, 2),
(5243, 169, 1479, 3),
(5244, 169, 2057, 4),
(5245, 169, 2649, 5),
(5246, 169, 2047, 6),
(5247, 169, 2025, 7),
(5248, 169, 545, 8),
(5249, 169, 2114, 9),
(5250, 169, 2412, 10),
(5251, 169, 907, 11),
(5252, 169, 1404, 12),
(5253, 169, 408, 13),
(5254, 169, 1969, 14),
(5255, 169, 1823, 15),
(5256, 169, 2711, 16),
(5257, 169, 1715, 17),
(5258, 169, 2222, 18),
(5259, 169, 1548, 19),
(5260, 169, 407, 20),
(5261, 169, 640, 21),
(5262, 169, 1467, 22),
(5263, 169, 749, 23),
(5264, 169, 234, 24),
(5265, 169, 2653, 25),
(5266, 169, 2724, 26),
(5267, 1, 1742, 1),
(5268, 1, 891, 2),
(5269, 1, 2545, 3),
(5270, 1, 1157, 4),
(5271, 1, 1624, 5),
(5272, 1, 2122, 6),
(5273, 1, 2438, 7),
(5274, 1, 128, 8),
(5275, 1, 1973, 9),
(5276, 1, 2010, 10),
(5277, 1, 1364, 11),
(5278, 1, 1886, 12),
(5279, 1, 41, 13),
(5280, 1, 2206, 14),
(5281, 1, 160, 15),
(5282, 1, 1410, 16),
(5283, 1, 756, 17),
(5284, 1, 1218, 18),
(5285, 1, 2382, 19),
(5286, 1, 589, 20),
(5287, 1, 2297, 21),
(5288, 1, 657, 22),
(5289, 1, 643, 23),
(5290, 1, 304, 24),
(5291, 1, 297, 25),
(5292, 1, 1727, 26),
(5293, 1, 1754, 27),
(5294, 1, 1713, 28),
(5295, 1, 682, 29),
(5296, 1, 1565, 30),
(5297, 1, 900, 31),
(5298, 1, 914, 32),
(5299, 1, 12, 33),
(5300, 1, 1600, 34),
(5301, 1, 2603, 35),
(5302, 1, 1310, 36),
(5303, 1, 2716, 37),
(5304, 9, 2676, 1),
(5305, 9, 1718, 2),
(5306, 9, 2328, 3),
(5307, 9, 127, 4),
(5308, 9, 744, 5),
(5309, 9, 1632, 6),
(5310, 9, 928, 7),
(5311, 9, 1248, 8),
(5312, 9, 2635, 9),
(5313, 9, 2253, 10),
(5314, 9, 2737, 11),
(5315, 100, 228, 1),
(5316, 100, 1237, 2),
(5317, 100, 1575, 3),
(5318, 100, 1194, 4),
(5319, 100, 2306, 5),
(5320, 100, 2776, 6),
(5321, 46, 901, 1),
(5322, 46, 2411, 2),
(5323, 46, 1348, 3),
(5324, 46, 1427, 4),
(5325, 46, 2194, 5),
(5326, 46, 2385, 6),
(5327, 46, 1434, 7),
(5328, 46, 2369, 8),
(5329, 46, 828, 9),
(5330, 46, 1275, 10),
(5331, 46, 1112, 11),
(5332, 46, 1462, 12),
(5333, 46, 1680, 13),
(5334, 46, 1952, 14),
(5335, 46, 2027, 15),
(5336, 46, 1027, 16),
(5337, 46, 2464, 17),
(5338, 46, 559, 18),
(5339, 46, 1953, 19),
(5340, 46, 1352, 20),
(5341, 46, 1759, 21),
(5342, 46, 2425, 22),
(5343, 46, 1567, 23),
(5344, 46, 536, 24),
(5345, 46, 944, 25),
(5346, 153, 1828, 1),
(5347, 153, 2698, 2),
(5348, 153, 2510, 3),
(5349, 153, 2540, 4),
(5350, 153, 142, 5),
(5351, 153, 1307, 6),
(5352, 15, 2676, 1),
(5353, 15, 2277, 2),
(5354, 15, 1456, 3),
(5355, 15, 622, 4),
(5356, 15, 2260, 5),
(5357, 15, 554, 6),
(5358, 15, 2364, 7),
(5359, 15, 2714, 8),
(5360, 15, 1714, 9),
(5361, 15, 736, 10),
(5362, 15, 2684, 11),
(5363, 15, 1113, 12),
(5364, 15, 2339, 13),
(5365, 15, 248, 14),
(5366, 15, 1920, 15),
(5367, 15, 2558, 16),
(5368, 15, 1382, 17),
(5369, 15, 714, 18),
(5370, 15, 188, 19),
(5371, 15, 2026, 20),
(5372, 36, 1338, 1),
(5373, 36, 2687, 2),
(5374, 36, 970, 3),
(5375, 36, 864, 4),
(5376, 36, 2515, 5),
(5377, 36, 1028, 6),
(5378, 36, 818, 7),
(5379, 36, 198, 8),
(5380, 36, 1843, 9),
(5381, 36, 750, 10),
(5382, 36, 2414, 11),
(5383, 36, 546, 12),
(5384, 36, 618, 13),
(5385, 36, 2567, 14),
(5386, 36, 27, 15),
(5387, 36, 312, 16),
(5388, 36, 2557, 17),
(5389, 36, 844, 18),
(5390, 36, 2140, 19),
(5391, 36, 1808, 20),
(5392, 36, 966, 21),
(5393, 36, 893, 22),
(5394, 36, 2600, 23),
(5395, 36, 949, 24),
(5396, 36, 1927, 25),
(5397, 36, 1071, 26),
(5398, 36, 1706, 27),
(5399, 36, 1879, 28),
(5400, 36, 2323, 29),
(5401, 224, 2027, 1),
(5402, 224, 957, 2),
(5403, 224, 2289, 3),
(5404, 224, 611, 4),
(5405, 224, 634, 5),
(5406, 224, 520, 6),
(5407, 224, 2479, 7),
(5408, 224, 950, 8),
(5409, 224, 934, 9),
(5410, 224, 1131, 10),
(5411, 224, 2745, 11),
(5412, 78, 1869, 1),
(5413, 78, 1533, 2),
(5414, 78, 2235, 3),
(5415, 78, 1997, 4),
(5416, 78, 2207, 5),
(5417, 78, 1242, 6),
(5418, 78, 317, 7),
(5419, 78, 353, 8),
(5420, 78, 2692, 9),
(5421, 78, 1674, 10),
(5422, 78, 1225, 11),
(5423, 78, 2762, 12),
(5424, 53, 985, 1),
(5425, 53, 856, 2),
(5426, 53, 2472, 3),
(5427, 53, 55, 4),
(5428, 53, 778, 5),
(5429, 53, 325, 6),
(5430, 53, 1444, 7),
(5431, 53, 215, 8),
(5432, 53, 1320, 9),
(5433, 53, 1564, 10),
(5434, 53, 1099, 11),
(5435, 53, 2185, 12),
(5436, 53, 2527, 13),
(5437, 53, 1075, 14),
(5438, 53, 2720, 15),
(5439, 217, 178, 1),
(5440, 217, 1961, 2),
(5441, 217, 1656, 3),
(5442, 217, 1435, 4),
(5443, 217, 1496, 5),
(5444, 217, 1888, 6),
(5445, 217, 1332, 7),
(5446, 217, 226, 8),
(5447, 217, 501, 9),
(5448, 217, 1035, 10),
(5449, 217, 1589, 11),
(5450, 217, 455, 12),
(5451, 217, 937, 13),
(5452, 217, 307, 14),
(5453, 217, 2518, 15),
(5454, 217, 352, 16),
(5455, 217, 2631, 17),
(5456, 117, 656, 1),
(5457, 117, 432, 2),
(5458, 117, 616, 3),
(5459, 117, 1025, 4),
(5460, 117, 1021, 5),
(5461, 117, 1752, 6),
(5462, 117, 401, 7),
(5463, 117, 1960, 8),
(5464, 117, 2474, 9),
(5465, 117, 1241, 10),
(5466, 117, 137, 11),
(5467, 117, 1998, 12),
(5468, 117, 1721, 13),
(5469, 117, 1702, 14),
(5470, 117, 2669, 15),
(5471, 117, 449, 16),
(5472, 117, 309, 17),
(5473, 117, 535, 18),
(5474, 117, 418, 19),
(5475, 117, 2402, 20),
(5476, 117, 2500, 21),
(5477, 117, 2788, 22),
(5478, 25, 1945, 1),
(5479, 25, 1316, 2),
(5480, 25, 494, 3),
(5481, 25, 1970, 4),
(5482, 25, 2604, 5),
(5483, 25, 1858, 6),
(5484, 25, 1760, 7),
(5485, 25, 428, 8),
(5486, 25, 1106, 9),
(5487, 25, 2038, 10),
(5488, 25, 2455, 11),
(5489, 25, 847, 12),
(5490, 25, 1335, 13),
(5491, 25, 1102, 14),
(5492, 25, 2457, 15),
(5493, 25, 1307, 16),
(5494, 25, 1852, 17),
(5495, 25, 801, 18),
(5496, 25, 332, 19),
(5497, 25, 566, 20),
(5498, 25, 2221, 21),
(5499, 25, 2205, 22),
(5500, 25, 670, 23),
(5501, 25, 250, 24),
(5502, 25, 2200, 25),
(5503, 25, 1488, 26),
(5504, 25, 2559, 27),
(5505, 25, 1495, 28),
(5506, 25, 483, 29),
(5507, 25, 1653, 30),
(5508, 25, 1147, 31),
(5509, 25, 2742, 32),
(5510, 149, 301, 1),
(5511, 149, 53, 2),
(5512, 149, 105, 3),
(5513, 149, 1695, 4),
(5514, 149, 2040, 5),
(5515, 149, 2338, 6),
(5516, 149, 2619, 7),
(5517, 149, 1901, 8),
(5518, 149, 97, 9),
(5519, 149, 1055, 10),
(5520, 149, 433, 11),
(5521, 149, 350, 12),
(5522, 149, 825, 13),
(5523, 149, 3, 14),
(5524, 149, 1990, 15),
(5525, 149, 1707, 16),
(5526, 149, 2342, 17),
(5527, 149, 2811, 18),
(5528, 204, 275, 1),
(5529, 204, 368, 2),
(5530, 204, 1101, 3),
(5531, 204, 486, 4),
(5532, 204, 1918, 5),
(5533, 204, 1293, 6),
(5534, 204, 684, 7),
(5535, 204, 62, 8),
(5536, 204, 1711, 9),
(5537, 204, 2091, 10),
(5538, 204, 2212, 11),
(5539, 204, 189, 12),
(5540, 204, 2531, 13),
(5541, 201, 325, 1),
(5542, 201, 2442, 2),
(5543, 201, 1366, 3),
(5544, 201, 2712, 4),
(5545, 201, 72, 5),
(5546, 201, 2825, 6),
(5547, 206, 159, 1),
(5548, 206, 1532, 2),
(5549, 206, 457, 3),
(5550, 206, 31, 4),
(5551, 206, 2827, 5),
(5552, 93, 61, 1),
(5553, 93, 236, 2),
(5554, 93, 1616, 3),
(5555, 93, 2102, 4),
(5556, 93, 2640, 5),
(5557, 93, 705, 6),
(5558, 93, 2101, 7),
(5559, 93, 1374, 8),
(5560, 93, 1159, 9),
(5561, 93, 514, 10),
(5562, 93, 823, 11),
(5563, 93, 1617, 12),
(5564, 93, 246, 13),
(5565, 172, 1302, 1),
(5566, 172, 1554, 2),
(5567, 172, 1660, 3),
(5568, 172, 45, 4),
(5569, 172, 126, 5),
(5570, 172, 2725, 6),
(5571, 140, 382, 1),
(5572, 140, 1459, 2),
(5573, 140, 1301, 3),
(5574, 140, 2208, 4),
(5575, 140, 878, 5),
(5576, 140, 1502, 6),
(5577, 140, 567, 7),
(5578, 140, 1761, 8),
(5579, 140, 1100, 9),
(5580, 140, 2173, 10),
(5581, 140, 2723, 11),
(5582, 79, 1869, 1),
(5583, 79, 1533, 2),
(5584, 79, 1563, 3),
(5585, 79, 1855, 4),
(5586, 79, 331, 5),
(5587, 79, 834, 6),
(5588, 79, 2763, 7),
(5589, 52, 2493, 1),
(5590, 52, 1440, 2),
(5591, 52, 1165, 3),
(5592, 52, 1623, 4),
(5593, 52, 538, 5),
(5594, 52, 2525, 6),
(5595, 52, 1845, 7),
(5596, 52, 2291, 8),
(5597, 52, 1599, 9),
(5598, 52, 1445, 10),
(5599, 52, 961, 11),
(5600, 52, 1005, 12),
(5601, 52, 1138, 13),
(5602, 52, 282, 14),
(5603, 52, 1712, 15),
(5604, 52, 592, 16),
(5605, 52, 2671, 17),
(5606, 52, 1473, 18),
(5607, 52, 2204, 19),
(5608, 52, 1596, 20),
(5609, 52, 2519, 21),
(5610, 52, 96, 22),
(5611, 52, 1654, 23),
(5612, 52, 1580, 24),
(5613, 52, 2435, 25),
(5614, 52, 2227, 26),
(5615, 52, 1809, 27),
(5616, 52, 2288, 28),
(5617, 52, 978, 29),
(5618, 52, 488, 30),
(5619, 52, 2159, 31),
(5620, 52, 2337, 32),
(5621, 52, 1016, 33),
(5622, 52, 368, 34),
(5623, 52, 275, 35),
(5624, 52, 1791, 36),
(5625, 52, 2202, 37),
(5626, 52, 985, 38),
(5627, 190, 2010, 1),
(5628, 190, 1593, 2),
(5629, 190, 71, 3),
(5630, 190, 1912, 4),
(5631, 190, 50, 5),
(5632, 190, 2062, 6),
(5633, 190, 2240, 7),
(5634, 190, 2017, 8),
(5635, 190, 1381, 9),
(5636, 190, 207, 10),
(5637, 190, 2493, 11),
(5638, 50, 985, 1),
(5639, 50, 603, 2),
(5640, 50, 29, 3),
(5641, 50, 1566, 4),
(5642, 50, 1557, 5),
(5643, 50, 16, 6),
(5644, 50, 1287, 7),
(5645, 50, 1778, 8),
(5646, 50, 1111, 9),
(5647, 50, 1417, 10),
(5648, 7, 2607, 1),
(5649, 7, 2076, 2),
(5650, 7, 646, 3),
(5651, 7, 427, 4),
(5652, 7, 702, 5),
(5653, 7, 2077, 6),
(5654, 7, 1337, 7),
(5655, 7, 784, 8),
(5656, 7, 1238, 9),
(5657, 7, 761, 10),
(5658, 7, 1240, 11),
(5659, 7, 294, 12),
(5660, 7, 892, 13),
(5661, 7, 963, 14),
(5662, 7, 1994, 15),
(5663, 7, 1957, 16),
(5664, 7, 628, 17),
(5665, 7, 2031, 18),
(5666, 39, 818, 1),
(5667, 39, 1187, 2),
(5668, 39, 92, 3),
(5669, 39, 2129, 4),
(5670, 39, 933, 5),
(5671, 39, 374, 6),
(5672, 39, 612, 7),
(5673, 39, 1104, 8),
(5674, 39, 70, 9),
(5675, 39, 1487, 10),
(5676, 39, 887, 11),
(5677, 39, 1340, 12),
(5678, 39, 1388, 13),
(5679, 39, 2648, 14),
(5680, 39, 2598, 15),
(5681, 39, 660, 16),
(5682, 39, 43, 17),
(5683, 39, 1637, 18),
(5684, 39, 79, 19),
(5685, 39, 2699, 20),
(5686, 66, 246, 1),
(5687, 66, 153, 2),
(5688, 66, 1511, 3),
(5689, 66, 850, 4),
(5690, 66, 1415, 5),
(5691, 66, 1576, 6),
(5692, 66, 1022, 7),
(5693, 66, 2508, 8),
(5694, 66, 168, 9),
(5695, 66, 112, 10),
(5696, 66, 1224, 11),
(5697, 66, 897, 12),
(5698, 66, 2534, 13),
(5699, 66, 1472, 14),
(5700, 66, 630, 15),
(5701, 14, 1727, 1),
(5702, 14, 297, 2),
(5703, 14, 1441, 3),
(5704, 14, 912, 4),
(5705, 14, 698, 5),
(5706, 14, 1735, 6),
(5707, 14, 2081, 7),
(5708, 14, 2231, 8),
(5709, 14, 803, 9),
(5710, 14, 1797, 10),
(5711, 14, 423, 11),
(5712, 14, 780, 12),
(5713, 14, 1386, 13),
(5714, 14, 2157, 14),
(5715, 14, 2176, 15),
(5716, 14, 26, 16),
(5717, 14, 1461, 17),
(5718, 14, 2181, 18),
(5719, 14, 715, 19),
(5720, 14, 1234, 20),
(5721, 14, 1005, 21),
(5722, 44, 2313, 1),
(5723, 44, 1370, 2),
(5724, 44, 158, 3),
(5725, 44, 1256, 4),
(5726, 44, 311, 5),
(5727, 44, 1643, 6),
(5728, 44, 1182, 7),
(5729, 44, 2569, 8),
(5730, 44, 1468, 9),
(5731, 44, 14, 10),
(5732, 44, 2121, 11),
(5733, 44, 1856, 12),
(5734, 44, 1280, 13),
(5735, 44, 818, 14),
(5736, 122, 2493, 1),
(5737, 122, 2695, 2),
(5738, 122, 1177, 3),
(5739, 122, 502, 4),
(5740, 122, 1212, 5),
(5741, 122, 870, 6),
(5742, 122, 2490, 7),
(5743, 122, 2268, 8),
(5744, 122, 184, 9),
(5745, 83, 1530, 1),
(5746, 83, 1977, 2),
(5747, 83, 587, 3),
(5748, 83, 398, 4),
(5749, 83, 1745, 5),
(5750, 83, 2397, 6),
(5751, 83, 2043, 7),
(5752, 226, 1434, 1),
(5753, 226, 261, 2),
(5754, 226, 1158, 3),
(5755, 226, 1636, 4),
(5756, 226, 977, 5),
(5757, 226, 2706, 6),
(5758, 226, 591, 7),
(5759, 226, 1766, 8),
(5760, 226, 2511, 9),
(5761, 226, 1249, 10),
(5762, 226, 1405, 11),
(5763, 226, 145, 12),
(5764, 226, 732, 13),
(5765, 226, 1525, 14),
(5766, 226, 2126, 15),
(5767, 226, 2835, 16),
(5768, 22, 1550, 1),
(5769, 22, 1705, 2),
(5770, 22, 1603, 3),
(5771, 22, 335, 4),
(5772, 22, 2597, 5),
(5773, 22, 386, 6),
(5774, 22, 2367, 7),
(5775, 22, 2562, 8),
(5776, 22, 243, 9),
(5777, 22, 1505, 10),
(5778, 22, 1668, 11),
(5779, 22, 1014, 12),
(5780, 22, 807, 13),
(5781, 22, 1153, 14),
(5782, 22, 883, 15),
(5783, 22, 1179, 16),
(5784, 22, 1129, 17),
(5785, 22, 1775, 18),
(5786, 22, 173, 19),
(5787, 22, 2453, 20),
(5788, 22, 642, 21),
(5789, 22, 2029, 22),
(5790, 22, 232, 23),
(5791, 22, 2182, 24),
(5792, 38, 927, 1),
(5793, 38, 1748, 2),
(5794, 38, 404, 3),
(5795, 38, 2373, 4),
(5796, 38, 1403, 5),
(5797, 38, 129, 6),
(5798, 38, 10, 7),
(5799, 38, 1585, 8),
(5800, 38, 1087, 9),
(5801, 38, 2300, 10),
(5802, 38, 1388, 11),
(5803, 38, 1340, 12),
(5804, 38, 848, 13),
(5805, 38, 537, 14),
(5806, 38, 2432, 15),
(5807, 38, 2592, 16),
(5808, 38, 2156, 17),
(5809, 38, 764, 18),
(5810, 38, 438, 19),
(5811, 38, 546, 20),
(5812, 41, 721, 1),
(5813, 41, 723, 2),
(5814, 41, 707, 3),
(5815, 41, 1598, 4),
(5816, 41, 759, 5),
(5817, 41, 1470, 6),
(5818, 41, 1141, 7),
(5819, 41, 2496, 8),
(5820, 41, 1510, 9),
(5821, 41, 867, 10),
(5822, 41, 2666, 11),
(5823, 41, 2259, 12),
(5824, 41, 444, 13),
(5825, 41, 843, 14),
(5826, 41, 2214, 15),
(5827, 41, 1792, 16),
(5828, 41, 906, 17),
(5829, 41, 985, 18),
(5830, 88, 1080, 1),
(5831, 88, 2007, 2),
(5832, 88, 2191, 3),
(5833, 88, 597, 4),
(5834, 88, 1259, 5),
(5835, 88, 2770, 6),
(5836, 182, 722, 1),
(5837, 182, 1829, 2),
(5838, 182, 241, 3),
(5839, 182, 1954, 4),
(5840, 182, 2606, 5),
(5841, 182, 939, 6),
(5842, 182, 1673, 7),
(5843, 182, 1816, 8),
(5844, 182, 2560, 9),
(5845, 182, 1569, 10),
(5846, 182, 2112, 11),
(5847, 182, 650, 12),
(5848, 182, 2199, 13),
(5849, 182, 140, 14),
(5850, 182, 2441, 15),
(5851, 182, 2348, 16),
(5852, 182, 1676, 17),
(5853, 182, 1729, 18),
(5854, 182, 1377, 19),
(5855, 182, 598, 20),
(5856, 54, 325, 1),
(5857, 54, 1630, 2),
(5858, 54, 1093, 3),
(5859, 54, 2416, 4),
(5860, 54, 378, 5),
(5861, 231, 2085, 1),
(5862, 231, 1068, 2),
(5863, 231, 2150, 3),
(5864, 231, 199, 4),
(5865, 231, 225, 5),
(5866, 231, 2394, 6),
(5867, 231, 2443, 7),
(5868, 231, 1145, 8),
(5869, 231, 47, 9),
(5870, 231, 1315, 10),
(5871, 231, 1979, 11),
(5872, 231, 775, 12),
(5873, 231, 1060, 13),
(5874, 231, 814, 14),
(5875, 231, 182, 15),
(5876, 231, 544, 16),
(5877, 121, 2469, 1),
(5878, 121, 15, 2),
(5879, 121, 2132, 3),
(5880, 121, 481, 4),
(5881, 121, 2695, 5),
(5882, 121, 2493, 6),
(5883, 105, 2244, 1),
(5884, 105, 2458, 2),
(5885, 105, 663, 3),
(5886, 105, 2003, 4),
(5887, 105, 1921, 5),
(5888, 105, 58, 6),
(5889, 105, 290, 7);
INSERT INTO `line_stops` (`id`, `line`, `stop`, `stop_number`) VALUES
(5890, 105, 2327, 8),
(5891, 105, 1782, 9),
(5892, 105, 1889, 10),
(5893, 105, 2163, 11),
(5894, 105, 2067, 12),
(5895, 105, 1951, 13),
(5896, 105, 1471, 14),
(5897, 105, 2780, 15),
(5898, 193, 513, 1),
(5899, 193, 2609, 2),
(5900, 193, 1804, 3),
(5901, 193, 2287, 4),
(5902, 193, 2229, 5),
(5903, 193, 2055, 6),
(5904, 193, 831, 7),
(5905, 193, 1000, 8),
(5906, 193, 474, 9),
(5907, 133, 2312, 1),
(5908, 133, 2405, 2),
(5909, 133, 2536, 3),
(5910, 132, 686, 1),
(5911, 132, 1767, 2),
(5912, 132, 1136, 3),
(5913, 132, 956, 4),
(5914, 132, 2679, 5),
(5915, 132, 2220, 6),
(5916, 132, 692, 7),
(5917, 132, 2800, 8),
(5918, 191, 1005, 1),
(5919, 191, 2104, 2),
(5920, 191, 1699, 3),
(5921, 191, 286, 4),
(5922, 191, 252, 5),
(5923, 191, 2237, 6),
(5924, 191, 735, 7),
(5925, 191, 496, 8),
(5926, 191, 2042, 9),
(5927, 191, 1166, 10),
(5928, 199, 216, 1),
(5929, 199, 201, 2),
(5930, 199, 523, 3),
(5931, 199, 2134, 4),
(5932, 199, 18, 5),
(5933, 199, 2824, 6),
(5934, 23, 2206, 1),
(5935, 23, 1110, 2),
(5936, 23, 422, 3),
(5937, 23, 68, 4),
(5938, 23, 2719, 5),
(5939, 80, 2053, 1),
(5940, 80, 1745, 2),
(5941, 80, 2043, 3),
(5942, 80, 2397, 4),
(5943, 80, 2107, 5),
(5944, 80, 1285, 6),
(5945, 80, 75, 7),
(5946, 80, 1043, 8),
(5947, 80, 1394, 9),
(5948, 80, 2243, 10),
(5949, 80, 1840, 11),
(5950, 80, 2764, 12),
(5951, 55, 2531, 1),
(5952, 55, 13, 2),
(5953, 55, 2461, 3),
(5954, 198, 985, 1),
(5955, 198, 2434, 2),
(5956, 198, 1235, 3),
(5957, 198, 600, 4),
(5958, 198, 580, 5),
(5959, 198, 585, 6),
(5960, 198, 1859, 7),
(5961, 198, 1916, 8),
(5962, 198, 1573, 9),
(5963, 198, 1763, 10),
(5964, 198, 2715, 11),
(5965, 198, 2615, 12),
(5966, 198, 1968, 13),
(5967, 198, 572, 14),
(5968, 198, 216, 15),
(5969, 198, 1183, 16),
(5970, 198, 2823, 17),
(5971, 111, 1049, 1),
(5972, 111, 772, 2),
(5973, 111, 498, 3),
(5974, 111, 1919, 4),
(5975, 111, 80, 5),
(5976, 111, 1583, 6),
(5977, 111, 2784, 7),
(5978, 20, 2026, 1),
(5979, 20, 1965, 2),
(5980, 20, 1128, 3),
(5981, 20, 648, 4),
(5982, 20, 1387, 5),
(5983, 20, 109, 6),
(5984, 20, 1260, 7),
(5985, 20, 2740, 8),
(5986, 11, 2676, 1),
(5987, 11, 1900, 2),
(5988, 11, 1073, 3),
(5989, 11, 197, 4),
(5990, 11, 1847, 5),
(5991, 11, 717, 6),
(5992, 11, 531, 7),
(5993, 11, 2280, 8),
(5994, 11, 2436, 9),
(5995, 11, 2738, 10),
(5996, 45, 1008, 1),
(5997, 45, 1956, 2),
(5998, 45, 1537, 3),
(5999, 45, 2234, 4),
(6000, 45, 745, 5),
(6001, 45, 94, 6),
(6002, 45, 2421, 7),
(6003, 45, 2747, 8),
(6004, 215, 1970, 1),
(6005, 215, 214, 2),
(6006, 215, 1373, 3),
(6007, 215, 1009, 4),
(6008, 215, 2520, 5),
(6009, 215, 988, 6),
(6010, 215, 2832, 7),
(6011, 47, 944, 1),
(6012, 47, 2618, 2),
(6013, 47, 2267, 3),
(6014, 47, 1233, 4),
(6015, 47, 819, 5),
(6016, 47, 1790, 6),
(6017, 47, 2677, 7),
(6018, 47, 1498, 8),
(6019, 47, 471, 9),
(6020, 47, 982, 10),
(6021, 47, 2449, 11),
(6022, 47, 284, 12),
(6023, 47, 546, 13),
(6024, 186, 532, 1),
(6025, 186, 74, 2),
(6026, 186, 2311, 3),
(6027, 186, 327, 4),
(6028, 186, 2578, 5),
(6029, 186, 1860, 6),
(6030, 186, 193, 7),
(6031, 186, 462, 8),
(6032, 186, 310, 9),
(6033, 186, 276, 10),
(6034, 186, 1322, 11),
(6035, 186, 1208, 12),
(6036, 186, 680, 13),
(6037, 186, 2718, 14),
(6038, 210, 299, 1),
(6039, 210, 2392, 2),
(6040, 210, 2356, 3),
(6041, 210, 854, 4),
(6042, 210, 2830, 5),
(6043, 110, 1868, 1),
(6044, 110, 2255, 2),
(6045, 110, 1188, 3),
(6046, 110, 637, 4),
(6047, 110, 1029, 5),
(6048, 110, 2542, 6),
(6049, 110, 2552, 7),
(6050, 110, 2783, 8),
(6051, 64, 1588, 1),
(6052, 64, 741, 2),
(6053, 64, 296, 3),
(6054, 64, 2350, 4),
(6055, 64, 1003, 5),
(6056, 141, 2027, 1),
(6057, 141, 2670, 2),
(6058, 141, 2024, 3),
(6059, 141, 1392, 4),
(6060, 141, 1717, 5),
(6061, 141, 484, 6),
(6062, 141, 2805, 7),
(6063, 57, 630, 1),
(6064, 57, 810, 2),
(6065, 57, 2045, 3),
(6066, 57, 2322, 4),
(6067, 57, 381, 5),
(6068, 57, 1219, 6),
(6069, 57, 292, 7),
(6070, 57, 762, 8),
(6071, 57, 1121, 9),
(6072, 57, 51, 10),
(6073, 57, 930, 11),
(6074, 113, 98, 1),
(6075, 113, 2046, 2),
(6076, 113, 1124, 3),
(6077, 113, 134, 4),
(6078, 113, 1074, 5),
(6079, 113, 652, 6),
(6080, 113, 2456, 7),
(6081, 113, 1048, 8),
(6082, 113, 2484, 9),
(6083, 113, 2362, 10),
(6084, 113, 2581, 11),
(6085, 113, 675, 12),
(6086, 113, 1181, 13),
(6087, 113, 773, 14),
(6088, 113, 2514, 15),
(6089, 113, 2568, 16),
(6090, 113, 1318, 17),
(6091, 113, 1312, 18),
(6092, 113, 177, 19),
(6093, 113, 1731, 20),
(6094, 134, 382, 1),
(6095, 134, 2090, 2),
(6096, 134, 1168, 3),
(6097, 134, 1007, 4),
(6098, 134, 2019, 5),
(6099, 134, 1783, 6),
(6100, 134, 1976, 7),
(6101, 134, 2123, 8),
(6102, 134, 2405, 9),
(6103, 134, 2536, 10),
(6104, 134, 2312, 11),
(6105, 158, 2085, 1),
(6106, 158, 1289, 2),
(6107, 158, 2296, 3),
(6108, 158, 1793, 4),
(6109, 158, 1425, 5),
(6110, 158, 1351, 6),
(6111, 158, 2817, 7),
(6112, 67, 1552, 1),
(6113, 67, 32, 2),
(6114, 67, 2165, 3),
(6115, 67, 1096, 4),
(6116, 67, 2686, 5),
(6117, 67, 1738, 6),
(6118, 67, 2660, 7),
(6119, 67, 548, 8),
(6120, 67, 1200, 9),
(6121, 67, 2753, 10),
(6122, 147, 676, 1),
(6123, 147, 2629, 2),
(6124, 147, 593, 3),
(6125, 147, 2286, 4),
(6126, 147, 941, 5),
(6127, 147, 2574, 6),
(6128, 147, 1323, 7),
(6129, 147, 2809, 8),
(6130, 84, 535, 1),
(6131, 84, 418, 2),
(6132, 84, 2579, 3),
(6133, 84, 522, 4),
(6134, 84, 2422, 5),
(6135, 84, 2766, 6),
(6136, 221, 2004, 1),
(6137, 221, 1765, 2),
(6138, 221, 1431, 3),
(6139, 221, 316, 4),
(6140, 221, 2317, 5),
(6141, 221, 2374, 6),
(6142, 221, 1149, 7),
(6143, 221, 913, 8),
(6144, 221, 754, 9),
(6145, 221, 1092, 10),
(6146, 136, 1904, 1),
(6147, 136, 81, 2),
(6148, 136, 2089, 3),
(6149, 136, 52, 4),
(6150, 136, 2801, 5),
(6151, 124, 1939, 1),
(6152, 124, 613, 2),
(6153, 124, 2241, 3),
(6154, 124, 1555, 4),
(6155, 124, 315, 5),
(6156, 124, 2148, 6),
(6157, 124, 1150, 7),
(6158, 124, 100, 8),
(6159, 124, 412, 9),
(6160, 124, 122, 10),
(6161, 124, 1353, 11),
(6162, 124, 2793, 12),
(6163, 144, 1874, 1),
(6164, 144, 955, 2),
(6165, 144, 2668, 3),
(6166, 144, 799, 4),
(6167, 144, 1737, 5),
(6168, 144, 2807, 6),
(6169, 99, 269, 1),
(6170, 99, 542, 2),
(6171, 99, 321, 3),
(6172, 99, 1620, 4),
(6173, 99, 1906, 5),
(6174, 99, 1602, 6),
(6175, 99, 975, 7),
(6176, 99, 2775, 8),
(6177, 98, 2664, 1),
(6178, 98, 2325, 2),
(6179, 98, 1943, 3),
(6180, 98, 2774, 4),
(6181, 208, 349, 1),
(6182, 208, 2254, 2),
(6183, 208, 2829, 3),
(6184, 220, 436, 1),
(6185, 220, 1490, 2),
(6186, 220, 1004, 3),
(6187, 220, 1173, 4),
(6188, 220, 249, 5),
(6189, 220, 2550, 6),
(6190, 220, 2495, 7),
(6191, 220, 258, 8),
(6192, 220, 976, 9),
(6193, 220, 882, 10),
(6194, 220, 2491, 11),
(6195, 220, 565, 12),
(6196, 220, 999, 13),
(6197, 220, 2833, 14),
(6198, 167, 2004, 1),
(6199, 167, 2483, 2),
(6200, 167, 1523, 3),
(6201, 167, 1663, 4),
(6202, 167, 2256, 5),
(6203, 167, 2644, 6),
(6204, 167, 910, 7),
(6205, 167, 1089, 8),
(6206, 167, 1288, 9),
(6207, 167, 851, 10),
(6208, 167, 2610, 11),
(6209, 167, 931, 12),
(6210, 167, 2683, 13),
(6211, 167, 419, 14),
(6212, 167, 1543, 15),
(6213, 167, 1098, 16),
(6214, 167, 460, 17),
(6215, 116, 432, 1),
(6216, 116, 656, 2),
(6217, 116, 162, 3),
(6218, 116, 1615, 4),
(6219, 116, 1303, 5),
(6220, 116, 1512, 6),
(6221, 116, 827, 7),
(6222, 116, 420, 8),
(6223, 116, 793, 9),
(6224, 116, 2787, 10),
(6225, 72, 1175, 1),
(6226, 72, 2757, 2),
(6227, 65, 1588, 1),
(6228, 65, 741, 2),
(6229, 65, 296, 3),
(6230, 65, 2752, 4),
(6231, 152, 1828, 1),
(6232, 152, 1967, 2),
(6233, 152, 2452, 3),
(6234, 152, 1526, 4),
(6235, 152, 2386, 5),
(6236, 152, 614, 6),
(6237, 152, 2351, 7),
(6238, 152, 247, 8),
(6239, 152, 2149, 9),
(6240, 152, 2568, 10),
(6241, 139, 178, 1),
(6242, 139, 2601, 2),
(6243, 139, 2170, 3),
(6244, 139, 1540, 4),
(6245, 139, 1940, 5),
(6246, 139, 1481, 6),
(6247, 139, 1010, 7),
(6248, 139, 2804, 8),
(6249, 58, 921, 1),
(6250, 58, 729, 2),
(6251, 58, 1054, 3),
(6252, 58, 270, 4),
(6253, 58, 588, 5),
(6254, 58, 56, 6),
(6255, 58, 324, 7),
(6256, 58, 1032, 8),
(6257, 58, 2095, 9),
(6258, 58, 1931, 10),
(6259, 58, 1445, 11),
(6260, 58, 961, 12),
(6261, 58, 1005, 13),
(6262, 171, 1969, 1),
(6263, 171, 1993, 2),
(6264, 171, 579, 3),
(6265, 171, 1116, 4),
(6266, 171, 2197, 5),
(6267, 171, 980, 6),
(6268, 171, 2651, 7),
(6269, 171, 1464, 8),
(6270, 171, 841, 9),
(6271, 171, 1302, 10),
(6272, 171, 1955, 11),
(6273, 171, 709, 12),
(6274, 171, 2068, 13),
(6275, 171, 2481, 14),
(6276, 171, 1801, 15),
(6277, 171, 2056, 16),
(6278, 171, 582, 17),
(6279, 171, 1822, 18),
(6280, 171, 2566, 19),
(6281, 171, 1446, 20),
(6282, 171, 187, 21),
(6283, 161, 2493, 1),
(6284, 161, 2655, 2),
(6285, 161, 328, 3),
(6286, 161, 349, 4),
(6287, 161, 1582, 5),
(6288, 161, 1325, 6),
(6289, 161, 1421, 7),
(6290, 161, 159, 8),
(6291, 161, 2299, 9),
(6292, 161, 171, 10),
(6293, 161, 340, 11),
(6294, 161, 1741, 12),
(6295, 161, 2645, 13),
(6296, 161, 2184, 14),
(6297, 161, 659, 15),
(6298, 161, 1932, 16),
(6299, 161, 273, 17),
(6300, 161, 2297, 18),
(6301, 35, 1344, 1),
(6302, 35, 1083, 2),
(6303, 35, 1803, 3),
(6304, 35, 812, 4),
(6305, 35, 1253, 5),
(6306, 35, 550, 6),
(6307, 35, 2334, 7),
(6308, 35, 2380, 8),
(6309, 35, 2264, 9),
(6310, 188, 655, 1),
(6311, 188, 1262, 2),
(6312, 188, 2008, 3),
(6313, 188, 2819, 4),
(6314, 6, 1542, 1),
(6315, 6, 1362, 2),
(6316, 6, 1849, 3),
(6317, 6, 1375, 4),
(6318, 6, 2623, 5),
(6319, 6, 2154, 6),
(6320, 6, 431, 7),
(6321, 6, 621, 8),
(6322, 6, 1341, 9),
(6323, 6, 2174, 10),
(6324, 6, 1239, 11),
(6325, 6, 2736, 12),
(6326, 225, 1434, 1),
(6327, 225, 261, 2),
(6328, 225, 541, 3),
(6329, 225, 2307, 4),
(6330, 225, 1725, 5),
(6331, 225, 886, 6),
(6332, 225, 82, 7),
(6333, 225, 1897, 8),
(6334, 225, 909, 9),
(6335, 225, 2236, 10),
(6336, 225, 2835, 11),
(6337, 166, 2004, 1),
(6338, 166, 2483, 2),
(6339, 166, 822, 3),
(6340, 166, 478, 4),
(6341, 166, 334, 5),
(6342, 166, 1094, 6),
(6343, 166, 2673, 7),
(6344, 166, 2239, 8),
(6345, 166, 2437, 9),
(6346, 166, 1572, 10),
(6347, 166, 2463, 11),
(6348, 166, 1751, 12),
(6349, 166, 375, 13),
(6350, 166, 2591, 14),
(6351, 166, 468, 15),
(6352, 166, 2320, 16),
(6353, 166, 2162, 17),
(6354, 166, 898, 18),
(6355, 166, 504, 19),
(6356, 166, 901, 20),
(6357, 189, 1247, 1),
(6358, 189, 2099, 2),
(6359, 189, 1853, 3),
(6360, 189, 2482, 4),
(6361, 189, 2820, 5),
(6362, 163, 180, 1),
(6363, 163, 943, 2),
(6364, 163, 1139, 3),
(6365, 163, 696, 4),
(6366, 163, 785, 5),
(6367, 163, 1544, 6),
(6368, 163, 575, 7),
(6369, 163, 1463, 8),
(6370, 163, 2153, 9),
(6371, 163, 219, 10),
(6372, 163, 1326, 11),
(6373, 163, 2361, 12),
(6374, 163, 2642, 13),
(6375, 163, 969, 14),
(6376, 163, 210, 15),
(6377, 163, 879, 16),
(6378, 163, 2022, 17),
(6379, 163, 2631, 18),
(6380, 163, 352, 19),
(6381, 163, 2518, 20),
(6382, 163, 1024, 21),
(6383, 163, 217, 22),
(6384, 163, 103, 23),
(6385, 163, 1411, 24),
(6386, 163, 1874, 25),
(6387, 163, 155, 26),
(6388, 163, 2689, 27),
(6389, 163, 1015, 28),
(6390, 163, 2516, 29),
(6391, 163, 905, 30),
(6392, 163, 2151, 31),
(6393, 163, 2004, 32),
(6394, 205, 1461, 1),
(6395, 205, 117, 2),
(6396, 205, 1704, 3),
(6397, 205, 1795, 4),
(6398, 205, 2826, 5),
(6399, 119, 379, 1),
(6400, 119, 929, 2),
(6401, 119, 125, 3),
(6402, 119, 649, 4),
(6403, 119, 782, 5),
(6404, 119, 2790, 6),
(6405, 157, 1743, 1),
(6406, 157, 896, 2),
(6407, 157, 2262, 3),
(6408, 157, 790, 4),
(6409, 157, 1720, 5),
(6410, 157, 2415, 6),
(6411, 157, 2611, 7),
(6412, 157, 1584, 8),
(6413, 157, 2816, 9),
(6414, 127, 2021, 1),
(6415, 127, 2654, 2),
(6416, 127, 2213, 3),
(6417, 127, 2119, 4),
(6418, 127, 1264, 5),
(6419, 127, 2796, 6),
(6420, 160, 1281, 1),
(6421, 160, 586, 2),
(6422, 160, 1255, 3),
(6423, 160, 925, 4),
(6424, 160, 2137, 5),
(6425, 160, 2188, 6),
(6426, 160, 363, 7),
(6427, 160, 212, 8),
(6428, 160, 2818, 9),
(6429, 82, 456, 1),
(6430, 82, 174, 2),
(6431, 82, 948, 3),
(6432, 82, 2765, 4),
(6433, 76, 80, 1),
(6434, 76, 971, 2),
(6435, 76, 2760, 3),
(6436, 138, 931, 1),
(6437, 138, 1595, 2),
(6438, 138, 1787, 3),
(6439, 138, 904, 4),
(6440, 138, 413, 5),
(6441, 138, 2309, 6),
(6442, 138, 2803, 7),
(6443, 179, 2324, 1),
(6444, 179, 1452, 2),
(6445, 179, 555, 3),
(6446, 179, 2729, 4),
(6447, 131, 440, 1),
(6448, 131, 2409, 2),
(6449, 131, 1665, 3),
(6450, 131, 6, 4),
(6451, 131, 392, 5),
(6452, 131, 2312, 6),
(6453, 131, 1133, 7),
(6454, 131, 2799, 8),
(6455, 68, 2602, 1),
(6456, 68, 2276, 2),
(6457, 68, 2069, 3),
(6458, 68, 507, 4),
(6459, 68, 2754, 5),
(6460, 126, 2021, 1),
(6461, 126, 733, 2),
(6462, 126, 2795, 3),
(6463, 137, 460, 1),
(6464, 137, 527, 2),
(6465, 137, 1137, 3),
(6466, 137, 1878, 4),
(6467, 137, 2659, 5),
(6468, 137, 451, 6),
(6469, 137, 2802, 7),
(6470, 151, 1299, 1),
(6471, 151, 2506, 2),
(6472, 151, 2813, 3),
(6473, 16, 2026, 1),
(6474, 16, 1934, 2),
(6475, 16, 1883, 3),
(6476, 16, 986, 4),
(6477, 16, 1278, 5),
(6478, 16, 1298, 6),
(6479, 16, 2049, 7),
(6480, 16, 932, 8),
(6481, 16, 872, 9),
(6482, 16, 1684, 10),
(6483, 16, 77, 11),
(6484, 16, 2691, 12),
(6485, 16, 1412, 13),
(6486, 16, 1221, 14),
(6487, 203, 2031, 1),
(6488, 203, 2555, 2),
(6489, 203, 1018, 3),
(6490, 203, 65, 4),
(6491, 203, 2189, 5),
(6492, 203, 1591, 6),
(6493, 203, 1295, 7),
(6494, 69, 458, 1),
(6495, 69, 2650, 2),
(6496, 69, 2365, 3),
(6497, 69, 2755, 4),
(6498, 125, 2533, 1),
(6499, 125, 1503, 2),
(6500, 125, 1197, 3),
(6501, 125, 439, 4),
(6502, 125, 2128, 5),
(6503, 125, 2794, 6),
(6504, 8, 510, 1),
(6505, 8, 409, 2),
(6506, 8, 552, 3),
(6507, 8, 2627, 4),
(6508, 8, 1258, 5),
(6509, 8, 938, 6),
(6510, 8, 1361, 7),
(6511, 8, 858, 8),
(6512, 8, 1378, 9),
(6513, 8, 903, 10),
(6514, 8, 259, 11),
(6515, 8, 1454, 12),
(6516, 71, 1175, 1),
(6517, 71, 2756, 2),
(6518, 5, 2085, 1),
(6519, 5, 2033, 2),
(6520, 5, 916, 3),
(6521, 5, 1291, 4),
(6522, 5, 2298, 5),
(6523, 5, 267, 6),
(6524, 5, 1774, 7),
(6525, 5, 2453, 8),
(6526, 5, 642, 9),
(6527, 5, 2029, 10),
(6528, 5, 232, 11),
(6529, 5, 2575, 12),
(6530, 5, 2182, 13),
(6531, 195, 985, 1),
(6532, 195, 672, 2),
(6533, 195, 2661, 3),
(6534, 195, 2570, 4),
(6535, 195, 181, 5),
(6536, 195, 104, 6),
(6537, 195, 1152, 7),
(6538, 195, 1817, 8),
(6539, 195, 2822, 9),
(6540, 142, 2665, 1),
(6541, 142, 525, 2),
(6542, 142, 2547, 3),
(6543, 142, 2036, 4),
(6544, 142, 1926, 5),
(6545, 230, 2056, 1),
(6546, 230, 2270, 2),
(6547, 230, 2837, 3),
(6548, 73, 1891, 1),
(6549, 73, 146, 2),
(6550, 73, 2758, 3),
(6551, 200, 378, 1),
(6552, 200, 800, 2),
(6553, 200, 2074, 3),
(6554, 200, 2614, 4),
(6555, 200, 1937, 5),
(6556, 200, 1172, 6),
(6557, 28, 130, 1),
(6558, 28, 2744, 2),
(6559, 120, 379, 1),
(6560, 120, 929, 2),
(6561, 120, 895, 3),
(6562, 120, 832, 4),
(6563, 120, 2791, 5),
(6564, 180, 303, 1),
(6565, 180, 664, 2),
(6566, 180, 111, 3),
(6567, 180, 607, 4),
(6568, 180, 2730, 5),
(6569, 86, 1080, 1),
(6570, 86, 2007, 2),
(6571, 86, 2191, 3),
(6572, 86, 597, 4),
(6573, 86, 742, 5),
(6574, 86, 176, 6),
(6575, 86, 2768, 7),
(6576, 228, 1820, 1),
(6577, 228, 2537, 2),
(6578, 228, 131, 3),
(6579, 228, 676, 4),
(6580, 222, 1092, 1),
(6581, 222, 1882, 2),
(6582, 222, 737, 3),
(6583, 222, 2834, 4),
(6584, 219, 67, 1),
(6585, 219, 278, 2),
(6586, 219, 678, 3),
(6587, 219, 2083, 4),
(6588, 103, 1268, 1),
(6589, 103, 2778, 2),
(6590, 97, 2632, 1),
(6591, 97, 30, 2),
(6592, 97, 1984, 3),
(6593, 97, 557, 4),
(6594, 97, 2664, 5),
(6595, 97, 2773, 6),
(6596, 77, 899, 1),
(6597, 77, 1910, 2),
(6598, 77, 1776, 3),
(6599, 77, 19, 4),
(6600, 77, 2761, 5),
(6601, 34, 1879, 1),
(6602, 34, 862, 2),
(6603, 34, 1230, 3),
(6604, 34, 1520, 4),
(6605, 34, 2120, 5),
(6606, 34, 235, 6),
(6607, 34, 2346, 7),
(6608, 34, 2553, 8),
(6609, 34, 1622, 9),
(6610, 34, 2745, 10),
(6611, 94, 2524, 1),
(6612, 94, 61, 2),
(6613, 63, 965, 1),
(6614, 63, 308, 2),
(6615, 63, 2750, 3),
(6616, 3, 1893, 1),
(6617, 3, 561, 2),
(6618, 3, 59, 3),
(6619, 3, 751, 4),
(6620, 3, 251, 5),
(6621, 3, 993, 6),
(6622, 3, 2999, 7),
(6623, 3, 3000, 8),
(6624, 3, 3001, 9),
(6625, 3, 3002, 10),
(6626, 3, 3003, 11),
(6627, 3, 3004, 12),
(6628, 3, 3005, 13),
(6629, 3, 3006, 14),
(6630, 3, 3007, 15),
(6631, 3, 3008, 16),
(6632, 3, 3009, 17),
(6633, 3, 3010, 18),
(6634, 3, 3011, 19),
(6635, 3, 3012, 20),
(6636, 3, 1338, 21),
(6637, 3, 3014, 22),
(6638, 3, 3015, 23),
(6639, 3, 3016, 24),
(6640, 3, 927, 25),
(6641, 3, 2329, 26),
(6642, 3, 3019, 27),
(6643, 3, 3020, 28),
(6644, 3, 3021, 29),
(6645, 3, 3022, 30),
(6646, 3, 1401, 31),
(6647, 3, 3024, 32),
(6648, 3, 2031, 33),
(6649, 3, 3026, 34),
(6650, 3, 510, 35),
(6651, 3, 3028, 36),
(6652, 3, 1542, 37),
(6653, 3, 3030, 38),
(6654, 3, 655, 39),
(6655, 3, 3032, 40),
(6656, 3, 3033, 41),
(6657, 3, 3034, 42),
(6658, 3, 3035, 43),
(6659, 3, 3036, 44),
(6660, 3, 2676, 45),
(6661, 3, 2277, 46),
(6662, 3, 1456, 47),
(6663, 3, 3040, 48),
(6664, 3, 3041, 49),
(6665, 3, 3042, 50),
(6666, 3, 3043, 51),
(6667, 3, 3044, 52),
(6668, 3, 3045, 53),
(6669, 3, 3046, 54),
(6670, 3, 2182, 55);

-- --------------------------------------------------------

--
-- Table structure for table `stops`
--

CREATE TABLE `stops` (
  `id` int NOT NULL COMMENT 'ID',
  `name` varchar(255) CHARACTER SET utf8mb4 COLLATE utf8mb4_0900_ai_ci NOT NULL COMMENT 'Stop name (unique)'
) ENGINE=InnoDB DEFAULT CHARSET=utf8mb4 COLLATE=utf8mb4_0900_ai_ci;

--
-- Dumping data for table `stops`
--

INSERT INTO `stops` (`id`, `name`) VALUES
(2452, '11. majori elgazs'),
(2674, '18. s 35. elgazs'),
(2060, '18. kitr'),
(1243, '23. majori elgazs'),
(2510, '28. major'),
(142, '29. majori kigazs'),
(1785, '39. major'),
(2523, '47. s 57. elgazs'),
(2265, '48. kitr'),
(2574, '50. sz. istll'),
(2308, '52. majori elgazs'),
(1526, '6. major'),
(336, '66. major'),
(2621, '67. major'),
(1962, '67. majori delta'),
(1555, '70-es kitr'),
(1833, '73. major'),
(2386, '81. majori elgazs'),
(2351, '84. kitr'),
(614, '88. majori elgazs'),
(1212, 'Aba-Srkeresztr'),
(1240, 'Abdszalk'),
(442, 'Abaliget'),
(1269, 'Abapuszta'),
(1145, 'Abajkr'),
(2443, 'Abajsznt'),
(2394, 'Abajsznti frd'),
(1981, 'Abajszina'),
(1754, 'Abda'),
(3015, 'Abony'),
(2168, 'Abonyi t'),
(1090, 'brahmhegy'),
(657, 'cs'),
(1734, 'Acsa-Erdkrt'),
(1792, 'Acsd'),
(2011, 'Adcs'),
(1376, 'dnd'),
(384, 'Adony'),
(2036, 'Adorjnpuszta'),
(1076, 'Agrd'),
(1256, 'Agrdytelep'),
(1643, 'gasegyhza'),
(311, 'gasegyhzi tanyk'),
(1387, 'gerdmajor'),
(1601, 'gostonpuszta'),
(2813, 'gya'),
(1942, 'Agyagbnya'),
(845, 'Ajak'),
(1473, 'Ajka'),
(2204, 'Ajka-Gyrtelep'),
(1990, 'Akaszt'),
(2223, 'Alagimajor'),
(632, 'Alap'),
(571, 'Albertfalva'),
(3009, 'Albertirsa'),
(1988, 'Algy'),
(448, 'Alibnfa'),
(786, 'llampuszta'),
(1588, 'Almamellk'),
(1578, 'Almamellk als'),
(2606, 'Almr'),
(1952, 'Alms'),
(1218, 'Almsfzit'),
(2382, 'Almsfzit fels'),
(1143, 'Almskert'),
(441, 'lomzg'),
(2375, 'Alsblatelep'),
(557, 'Alsbikol'),
(2804, 'Alsbogt'),
(1135, 'Alsboldva'),
(2180, 'Alserd'),
(41, 'Alsgalla'),
(2114, 'Alsgd'),
(1415, 'Alsgyenes'),
(2065, 'Alskara'),
(1115, 'Alslszl'),
(523, 'Alslv'),
(525, 'Alsmajsa'),
(2079, 'Alsmntelek'),
(383, 'Alsnemesapti'),
(2411, 'Alsnyk'),
(2059, 'Alsreghegy'),
(1166, 'Alsrs'),
(1721, 'Alsregmec'),
(1564, 'Alsrnk'),
(236, 'Alssegesd'),
(38, 'Alssomly'),
(688, 'Alsszkt'),
(92, 'Alsrrt'),
(2773, 'Alsvadcs'),
(524, 'Ambrzfalva'),
(1804, 'Anarcs'),
(1799, 'Andocs'),
(1950, 'Andkt'),
(1903, 'Andornaktlya'),
(2626, 'Andornaktlya als'),
(1667, 'Andrshida'),
(1839, 'Andrshida rgi'),
(2169, 'Angyalfld'),
(1399, 'Angyaltelek'),
(2820, 'Annavlgyibnya-Srisp'),
(46, 'Antalszlls'),
(1456, 'Apafa'),
(1198, 'Apagy'),
(2205, 'Aptfalva'),
(3028, 'Apavra'),
(924, 'Apc-Zagyvasznt'),
(372, 'porka'),
(908, 'Apostag'),
(1811, 'Aquincum'),
(2741, 'Arad'),
(1714, 'Aradvnypuszta'),
(2619, 'Arany Jnos u.'),
(932, 'Aranyosapti'),
(307, 'Aranyospuszta'),
(1409, 'Aranyvlgy'),
(31, 'rkipuszta'),
(177, 'rpd utca'),
(2801, 'rpdhalom'),
(1340, 'rpdszlls'),
(81, 'rpdtelep'),
(1341, 'rtnd'),
(1471, 'sotthalom'),
(1889, 'sotthalom fels'),
(2546, 'Aszal'),
(1741, 'szr'),
(2645, 'szr-Kemnytgyr'),
(147, 'Aszd'),
(1483, 'Aszf'),
(910, 'ta'),
(1051, 'Attala'),
(2409, 'Attala GV'),
(22, 'Attilapuszta'),
(2506, 'Augusztamajor'),
(91, 'Bab I.'),
(1384, 'Bab II.'),
(210, 'Babcsa'),
(2230, 'Bbolna'),
(1312, 'Babmajor'),
(2703, 'Bbonymegyer'),
(2027, 'Bcsalms'),
(2406, 'Bcsalmsi gymlcss'),
(2464, 'Bcsalmsi tanyk'),
(2289, 'Bcsalmsi vrserd'),
(1275, 'Bcsbokod-Bcsborsd'),
(1462, 'Bcsborsdi tanyk'),
(156, 'Badacsony'),
(1848, 'Badacsonylbdihegy'),
(66, 'Badacsonyrs'),
(2117, 'Badacsonytomaj'),
(2700, 'Badacsonytrdemic-Szigliget'),
(1146, 'Bag'),
(464, 'Bagimajor'),
(2211, 'Bagod'),
(2401, 'Bgyogszovt'),
(1434, 'Baja'),
(261, 'Baja szllsvros'),
(2194, 'Baja-Dunafrd'),
(2385, 'Baja-Dunapart'),
(2564, 'Bajai mt'),
(2369, 'Bajai szlk'),
(1172, 'Bajnsenye'),
(1659, 'Bajonta'),
(368, 'Bajti-elgazs'),
(1895, 'Bakonybnk'),
(1386, 'Bakonygyirt'),
(1620, 'Bakonykoppny'),
(423, 'Bakonypterd'),
(171, 'Bakonysrkny'),
(2157, 'Bakonyszentlszl'),
(2155, 'Bakonyszombathely'),
(1697, 'Bakonytamsi'),
(474, 'Baktalrnthza'),
(1231, 'Bakt'),
(187, 'Balassagyarmat'),
(1808, 'Balstya'),
(293, 'Balatonakali-Drgicse'),
(1835, 'Balatonakarattya'),
(1650, 'Balatonaliga'),
(1978, 'Balatonalmdi'),
(735, 'Balatonalmdi-reghegy'),
(2237, 'Balatonalmdi-Remetevlgy'),
(763, 'Balatonarcs'),
(1617, 'Balatonberny'),
(2634, 'Balatonboglr'),
(875, 'Balatonboglr fels'),
(1224, 'Balatonederics'),
(897, 'Balatonederics rgi'),
(406, 'Balatonfenyves'),
(200, 'Balatonfenyves als'),
(473, 'Balatonfenyves fels'),
(1080, 'Balatonfenyves GV'),
(1054, 'Balatonfkajr'),
(1672, 'Balatonfkajr fels'),
(2321, 'Balatonfldvr'),
(2447, 'Balatonfred'),
(1132, 'Balatonfzf'),
(168, 'Balatongyrk'),
(2215, 'Balatonkenese'),
(823, 'Balatonkeresztr'),
(1056, 'Balatonlelle'),
(2477, 'Balatonlelle fels'),
(1501, 'Balatonmriafrd'),
(1072, 'Balatonrendes'),
(694, 'Balatonszrsz'),
(693, 'Balatonszemes'),
(246, 'Balatonszentgyrgy'),
(2508, 'Balatonszentmihly'),
(1819, 'Balatonszepezd'),
(1339, 'Balatonszepezd fels'),
(1609, 'Balatonszplak als'),
(1551, 'Balatonszplak fels'),
(873, 'Balatonudvari'),
(514, 'Balatonjlak'),
(731, 'Balatonvilgos'),
(1724, 'Balffrd'),
(2828, 'Balinka'),
(433, 'Balkn'),
(1125, 'Balkny'),
(1342, 'Balladl'),
(1468, 'Ballszg'),
(1204, 'Balmazjvros'),
(573, 'Balogh tanya'),
(8, 'Balotaszlls'),
(163, 'Balsa'),
(2781, 'Balsa-Tiszapart'),
(2111, 'Bnfa'),
(1994, 'Bnhalma-Halast'),
(1110, 'Bnhida'),
(1122, 'Bnhidymajor'),
(45, 'Bnk'),
(2604, 'Bnkt'),
(1991, 'Bnrve'),
(738, 'Bnrvei Vzm'),
(529, 'Barackos'),
(811, 'Barackos mh.'),
(2355, 'Baracska'),
(1362, 'Brnd'),
(2253, 'Baranthegy'),
(2495, 'Baranyaszentistvn'),
(976, 'Baranyavr-Plmonostor'),
(2753, 'Brnyfok'),
(2784, 'Bartrti romok'),
(1194, 'Bartsg'),
(276, 'Bartudvar megll'),
(310, 'Bartudvar-Fltorony'),
(624, 'Brca'),
(2631, 'Barcs'),
(352, 'Barcs fels'),
(625, 'Barcstelep'),
(1496, 'Brdudvarnok'),
(2790, 'Barosakna'),
(260, 'Barosstelep'),
(3021, 'Barta'),
(173, 'Bashalom'),
(504, 'Bta'),
(901, 'Btaszk'),
(964, 'Bat'),
(1636, 'Btmonostor'),
(2535, 'Battonya'),
(2815, 'Battonya GV'),
(1642, 'Battynd'),
(747, 'Batyk-kitr'),
(578, 'Bzakerettye als'),
(257, 'Bzakerettye fels'),
(646, 'Bazsmajor'),
(112, 'Becehegy'),
(69, 'Becske'),
(1971, 'Becske als'),
(2459, 'Bede megll'),
(2344, 'Bedszeg'),
(1722, 'Bks'),
(1687, 'Bks kikt'),
(1118, 'Bks Krspart'),
(599, 'Bks Szchenyi tr'),
(1945, 'Bkscsaba'),
(1517, 'Bkscsaba Kossuth tr'),
(1698, 'Bkscsaba Sztlin ti kitr'),
(1681, 'Bkscsaba villanytelep'),
(2143, 'Bksi tanyk'),
(2785, 'Bkssmson'),
(2560, 'Blaptfalva'),
(1569, 'Blaptfalvi Cementgyr'),
(1652, 'Blatanya'),
(1562, 'Blatelep'),
(2048, 'Belatinc'),
(2361, 'Blavr'),
(794, 'Belecska'),
(2428, 'Beled'),
(1191, 'Beleg'),
(2668, 'Belenfz'),
(696, 'Belezna'),
(2390, 'Blmegyer'),
(2201, 'Blmegyeri tanyk'),
(560, 'Bels jtelep'),
(1177, 'Belsbrnd'),
(1102, 'Belskamarspuszta'),
(2652, 'Belsnyr'),
(40, 'Belsperegpuszta'),
(1126, 'Blzerind'),
(1534, 'Bna'),
(3032, 'Benedekvlgy'),
(258, 'Benge'),
(1249, 'Breg'),
(1258, 'Berekfrd'),
(1304, 'Berekht'),
(1173, 'Beremend'),
(1004, 'Beremend fels'),
(249, 'Beremend hatr'),
(1346, 'Beremendi Cementm'),
(222, 'Berente'),
(2623, 'Berettyjfalu'),
(2121, 'Beretvstelep'),
(324, 'Berhida'),
(1464, 'Berkenye'),
(219, 'Berzence'),
(1040, 'Besny'),
(776, 'Besnyi t'),
(145, 'Bezdn'),
(1345, 'Bezenye'),
(1453, 'Bezinart'),
(2438, 'Biatorbgy'),
(2122, 'Biatorbgy rgi'),
(712, 'Bicere'),
(905, 'Bicsrd'),
(2010, 'Bicske'),
(1973, 'Bicske als'),
(621, 'Biharkeresztes'),
(1941, 'Biharnagybajom'),
(1239, 'Biharpspki'),
(1155, 'Biharszentandrs'),
(748, 'Bikcs'),
(1873, 'Biri'),
(941, 'Br megll'),
(2101, 'Bize'),
(2762, 'Blokkhz'),
(1057, 'B'),
(1809, 'Boba'),
(3041, 'Bocskaikert'),
(1325, 'Bodajk'),
(37, 'Bodajk fels'),
(502, 'Bodakajtor-Felsszentivn'),
(1502, 'Bodolyabr'),
(1985, 'Bodorfa'),
(162, 'Bodroghalsz'),
(133, 'Bodrogkeresztr'),
(620, 'Bodrogolaszi'),
(2657, 'Bdvaszilas'),
(11, 'Bogrz'),
(1271, 'Bogdsa'),
(2640, 'Bhnye'),
(1262, 'Bojr-Holls'),
(308, 'Bojsza'),
(52, 'Bojtrtelek'),
(2396, 'Bkahza'),
(566, 'Bkny'),
(5, 'Bokod'),
(1806, 'Blcske'),
(820, 'Boldog'),
(462, 'Boldogasszony'),
(47, 'Boldogkvralja'),
(1396, 'Boldva'),
(1670, 'Bolhacsrda'),
(356, 'Bolhs'),
(419, 'Bly'),
(499, 'Bonnya'),
(651, 'Bonum'),
(2695, 'Brgnd'),
(919, 'Borosgyn'),
(2174, 'Bors'),
(2156, 'Borsihalom'),
(1749, 'Borsmonostor'),
(1112, 'Borsod rakod'),
(1067, 'Borsodszirk'),
(1955, 'Borsosberny'),
(109, 'Brvely'),
(1207, 'Brzsnygyngye'),
(2166, 'Brzsnyliget'),
(700, 'Bsrkny'),
(605, 'Bsznfa'),
(1046, 'Bsztr'),
(155, 'Botykapeterd'),
(549, 'Bratislava NS'),
(1174, 'Bratislava-Nov Mesto'),
(2716, 'Bruck-Kirlyhida'),
(580, 'Bucsu'),
(805, 'Bcsszentlszl'),
(359, 'Budafa'),
(1992, 'Budafok'),
(951, 'Budahomok'),
(3012, 'Budai t'),
(1157, 'Budars'),
(890, 'Budapest-Dli'),
(172, 'Budapest-Jzsefvros'),
(891, 'Budapest-Kelenfld'),
(1742, 'Budapest-Keleti'),
(1893, 'Budapest-Nyugati'),
(1180, 'Budapest-Vrosszli telep'),
(2341, 'Budattny'),
(563, 'Bdsktpuszta'),
(2, 'Bugac'),
(1606, 'Bugac fels'),
(2100, 'Bugacpuszta'),
(2020, 'Buj'),
(920, 'Buj kzsg'),
(843, 'Bk'),
(1154, 'Bk frdtelep'),
(2330, 'Bkksd'),
(1579, 'Cece'),
(1338, 'Cegld'),
(2359, 'Cegld KCK'),
(2106, 'Cegld-Bke tr'),
(1824, 'Cegld-Vigad'),
(3010, 'Cegldbercel'),
(3011, 'Cegldbercel-Cser'),
(1474, 'Cegldi kiserdk'),
(1328, 'Cegldi kzkrhz'),
(2687, 'Cegldi szllsok'),
(978, 'Celldmlk'),
(151, 'Center'),
(1424, 'Center als'),
(795, 'Chernelhzadamonya'),
(1350, 'Chinoin'),
(89, 'Cibak'),
(480, 'Cignd'),
(2292, 'Cigndi tanyk'),
(377, 'Cik'),
(652, 'Cinkus'),
(1252, 'Csaba als'),
(446, 'Csabacsd'),
(2192, 'Csabacsd fels'),
(719, 'Csabai tanyk'),
(152, 'Csabaszabadi'),
(533, 'Csabony'),
(270, 'Csajg'),
(588, 'Csajg fels'),
(2526, 'Csajg rgi'),
(1859, 'Csajta'),
(215, 'Csknydoroszl'),
(1381, 'Csala'),
(347, 'Csandapca'),
(1852, 'Csandpalota'),
(568, 'Csnig'),
(1279, 'Csanyik-Erdei iskola'),
(2426, 'Csnyoszr'),
(2735, 'Csap'),
(1039, 'Csapod'),
(1475, 'Csrdaszlls'),
(2658, 'Csarnapuszta'),
(1451, 'Csszr'),
(3046, 'Csszrszlls'),
(591, 'Cstalja'),
(495, 'Csatrimajor'),
(1793, 'Cseger elgazs'),
(1916, 'Csm'),
(1504, 'Csemetekert'),
(861, 'Csem'),
(4, 'Csem felsjrs'),
(1152, 'Csempeszkopcs'),
(1932, 'Csmpuszta'),
(312, 'Csengele'),
(1914, 'Csenger'),
(635, 'Csengd'),
(43, 'Cspa'),
(2430, 'Csepreg'),
(2250, 'Cserdi-Helesfa'),
(376, 'Csereerd'),
(1162, 'Csernfa'),
(335, 'Cserepes'),
(2811, 'Cserepes GV'),
(860, 'Cserepesi tanyk'),
(2536, 'Cserepespuszta'),
(2188, 'Cseres-tr'),
(2627, 'Cserht'),
(317, 'Cserk'),
(1367, 'Csermajor'),
(534, 'Csert'),
(2594, 'Csibrk'),
(634, 'Csikria'),
(950, 'Csikria kitr'),
(611, 'Csikriai szlk'),
(505, 'Csiki csrda'),
(2662, 'Csiksttts'),
(242, 'Csillagtanya'),
(2637, 'Csillebrc'),
(136, 'Csincse'),
(2768, 'Csisztafrd'),
(124, 'Csittnyhegy'),
(2583, 'Csobd'),
(1421, 'Cskak'),
(2343, 'Csokonyavisonta'),
(485, 'Csokonyavisonta als'),
(364, 'Csokonyavisonta fels'),
(2441, 'Csokvaomny'),
(440, 'Csoma-Szabadi'),
(992, 'Csomd'),
(452, 'Csmdr EV'),
(1439, 'Csmdri-t'),
(322, 'Csomorkny'),
(506, 'Csongrd'),
(2294, 'Csongrd als'),
(1250, 'Csongrdi ti tanyk'),
(1524, 'Csopak'),
(1623, 'Csr-Ndasdladny'),
(2431, 'Csorba als'),
(479, 'Csorba fels'),
(1694, 'Csorba fmsz. bolt'),
(2264, 'Csorna'),
(344, 'Csrg'),
(1693, 'Csrgi szlk'),
(885, 'Csorvs'),
(2125, 'Csorvs als'),
(2613, 'Cssz'),
(2757, 'Csvnyos'),
(808, 'Csugar'),
(2625, 'Csurgaszi csrda'),
(2315, 'Csurg'),
(565, 'Csza'),
(2654, 'Cukorgyr'),
(2147, 'Dabas'),
(984, 'Dabronc'),
(2190, 'Dad'),
(1268, 'Dalmand'),
(2611, 'Danckapart'),
(2809, 'Danitanya'),
(1024, 'Darny'),
(435, 'Darnypuszta'),
(1163, 'Darufalva'),
(1766, 'Dvod'),
(579, 'DCM elgazs'),
(2676, 'Debrecen'),
(1050, 'Debrecen marhavsrtr'),
(2277, 'Debrecen-Csapkert'),
(2620, 'Debrecen-Fatelep'),
(2103, 'Debrecen-Kertvros'),
(127, 'Debrecen-Kondoros'),
(1718, 'Debrecen-Szabadsgtelep'),
(1900, 'Debrecen-Tglskert'),
(2328, 'Debrecen-jfld'),
(239, 'Debrecen-Vsrtr'),
(2439, 'Decs'),
(2797, 'Dg'),
(1822, 'Dejtr'),
(1492, 'Dlegyhza'),
(724, 'Dli t'),
(2255, 'Dll'),
(2006, 'Demecser'),
(1737, 'Dencshza'),
(1343, 'Dnesfa'),
(981, 'Dnesmajor'),
(1002, 'Depnia'),
(1140, 'Derecske'),
(960, 'Derecske-Vsrtr'),
(320, 'Drtanya'),
(1495, 'Deszk'),
(1295, 'Dvavnya'),
(96, 'Devecser'),
(2316, 'Dinnys'),
(1745, 'Disgyr LEV'),
(2043, 'Disgyr-Majlth'),
(2397, 'Disgyr-Vroskzpont'),
(1302, 'Disjen'),
(542, 'Dispuszta'),
(1149, 'Disviszl'),
(2342, 'Diriczi tanya'),
(787, 'Dobaipuszta'),
(2067, 'Dob iskola'),
(1095, 'Dbrkz'),
(2522, 'Domaszk'),
(1572, 'Dombay-t'),
(697, 'Dombegyhz'),
(2183, 'Dombegyhz fels'),
(1209, 'Dombegyhz Hunyadi t'),
(590, 'Dombiratos'),
(233, 'Dombiratos fels'),
(622, 'Dombostanya'),
(382, 'Dombvr'),
(1491, 'Dombvr als'),
(2782, 'Dombrd'),
(2161, 'Dmeflde'),
(1548, 'Dmsi tkels'),
(268, 'Dmsd'),
(2354, 'Dnt'),
(2834, 'Donji Miholjac'),
(771, 'Dr'),
(1842, 'Dork'),
(1247, 'Dorog'),
(2009, 'Dzsa kitr'),
(1267, 'Dzsa tsz'),
(2281, 'Dzsalaktanya'),
(813, 'Drvacsepely'),
(1995, 'Drvafok'),
(1882, 'Drvapalkonya-Drvaszabolcs'),
(737, 'Drvaszabolcs'),
(1710, 'Drvasztra-Zalta'),
(2622, 'Drvatamsi'),
(1801, 'Drgely'),
(2056, 'Drgelypalnk'),
(2068, 'Drgelyvr'),
(740, 'Dubicsny'),
(1795, 'Dudar'),
(2826, 'Dudarbnya'),
(2087, 'Dunaalms'),
(1518, 'Dunaegyhza'),
(2083, 'Dunafldvr'),
(678, 'Dunafldvr fels'),
(277, 'Dunaharaszti'),
(1821, 'Dunaharaszti als'),
(2363, 'Dunai Finomt'),
(2047, 'Dunakeszi'),
(2649, 'Dunakeszi als'),
(2025, 'Dunakeszi megll'),
(545, 'Dunakeszi-Gyrtelep'),
(2548, 'Dunakmld'),
(2746, 'Dunapataj'),
(855, 'Dunatettlen'),
(2398, 'Dunajvros'),
(1038, 'Dunajvros kls'),
(869, 'Dunavarsny'),
(1625, 'Dunavecse'),
(416, 'Dzs'),
(2717, 'Ebenfurth'),
(3035, 'Ebes'),
(2482, 'Ebsznybnya'),
(1735, 'cs'),
(1300, 'Ecser'),
(2503, 'Edelny'),
(770, 'Edelny als'),
(722, 'Eger'),
(1954, 'Eger-Felnmet'),
(1317, 'Eger-Rendez'),
(1829, 'Eger-Tihamr'),
(971, 'Egeresvlgy-Varrhz'),
(539, 'Egerfarmos'),
(122, 'gri elgazs'),
(1446, 'gerlp'),
(241, 'Egervr'),
(1420, 'Egervr-Vasboldogasszony'),
(2334, 'Egyed-Rbacsanak'),
(2290, 'Egyek'),
(778, 'Egyhzasrdc'),
(415, 'Egyhzerd'),
(1303, 'Elgazs GV'),
(214, 'Elek'),
(1217, 'Eleki t'),
(963, 'Elht'),
(1034, 'Elszlls'),
(2126, 'Elzaszlls'),
(2513, 'Emmamajor'),
(453, 'Emd'),
(994, 'Enese'),
(314, 'Enying'),
(2014, 'Etvs major'),
(2691, 'Eperjeske als'),
(1234, 'Eplny'),
(2021, 'Ercsi'),
(2795, 'Ercsi Marx tr'),
(1413, 'rd'),
(302, 'rd als'),
(114, 'rd fels'),
(1558, 'rd-Elgazs'),
(454, 'Erdszlak'),
(28, 'rdliget'),
(2681, 'Erdbnye'),
(2802, 'Erdf'),
(1196, 'Erdkertes'),
(375, 'Erdsmecske'),
(2425, 'Erdszl'),
(2076, 'Erdtelek'),
(1781, 'rdl'),
(2639, 'Ereklys'),
(125, 'Ereny'),
(1837, 'rht'),
(2737, 'rmihlyfalva'),
(1618, 'Erzsbetmajor'),
(2575, 'szaki kitr'),
(757, 'Esztergom'),
(85, 'Esztergom-Kertvros'),
(234, 'Esztergomi csavargzs'),
(367, 'Esztergomi tbor'),
(1077, 'Ete'),
(405, 'Etelka'),
(1812, 'Eternitgyr'),
(402, 'Fbinsebestyn'),
(1872, 'Fcnkert'),
(595, 'Fakapu'),
(1201, 'Fancsika GV'),
(569, 'Fard'),
(2765, 'Farkasgdr-rvnyk'),
(1855, 'Farkasmly-Borpinck'),
(459, 'Farmos'),
(2243, 'Fazola-koh'),
(369, 'Fegyvernek piactr'),
(530, 'Fegyvernek szabadsgtelep'),
(185, 'Fegyvernek Tpart'),
(2088, 'Fegyvernek vsrtr'),
(1401, 'Fegyvernek-rmnyes'),
(1062, 'Fegyverneki t'),
(2257, 'Fehrgyarmat'),
(445, 'Fehrht'),
(1794, 'Fehrt fels'),
(1582, 'Fehrvrcsurg'),
(1259, 'Fehrvzpuszta'),
(2591, 'Feked'),
(2515, 'Fekete'),
(176, 'Feketeakol'),
(2630, 'Feketebzseny'),
(1178, 'Feketegyarmat'),
(123, 'Feketehalom'),
(1769, 'Feketehalomtanya'),
(431, 'Feketenagytanya'),
(290, 'Feketeszl'),
(540, 'Feketevlgy'),
(1593, 'Felcst'),
(71, 'Felcst vastlloms'),
(1049, 'Felnmet'),
(451, 'Felsbda'),
(2664, 'Felsbikol'),
(2102, 'Felsbogtpuszta'),
(1047, 'Felscebe'),
(2145, 'Felscsem'),
(2219, 'Felserzsbetpuszta'),
(2572, 'Felsgalla'),
(907, 'Felsgd'),
(1011, 'Felsjnosfa'),
(800, 'Felsjnosfa rgi'),
(2754, 'Felskak'),
(2268, 'Felskrtvlyes'),
(942, 'Felslajos'),
(2821, 'Felslszl'),
(2824, 'Felslv'),
(1045, 'Felsmntelek'),
(1755, 'Felsmocsold'),
(1730, 'Felsnyk'),
(216, 'Felsr'),
(1347, 'Felsreghegy'),
(2391, 'Felspakony'),
(400, 'Felspaty'),
(2228, 'Felsrajk'),
(498, 'Felstrkny Dohnygyri dl'),
(772, 'Felstrkny Mszget'),
(1583, 'Felstrkny Sziklaforrs'),
(1919, 'Felstrkny Vadaskert'),
(80, 'Felstrkny-Fthz'),
(1533, 'Felsjvros'),
(2325, 'Felsvadcs'),
(2628, 'Felszsolca'),
(153, 'Fenkpuszta'),
(1438, 'Fnyes'),
(1863, 'Fnyesi szlk'),
(1042, 'Fnyeslitke'),
(1717, 'Fenyves baromfitelep'),
(1116, 'Fenyveshegy'),
(1488, 'Ferencszlls'),
(642, 'Ferenctanya'),
(2022, 'Ferenctelep'),
(1144, 'Ferencvros'),
(3001, 'Ferihegy'),
(228, 'Fertboz'),
(1575, 'Fertboz-Mzeumvast'),
(1433, 'Fertendrd'),
(532, 'Fertszentmikls'),
(1448, 'Fertszentmikls als'),
(74, 'Fertszplak-Fertd'),
(327, 'Fertjlak'),
(943, 'Fityehz'),
(1001, 'Fodortanya'),
(1284, 'Fldek'),
(2367, 'Folys'),
(1979, 'Fony'),
(2041, 'Fonyd'),
(1117, 'Fonydliget'),
(519, 'Fornd-Kecsege'),
(361, 'Forr-Encs'),
(2709, 'Ft'),
(366, 'Ftfrd'),
(2032, 'Ftjfalu'),
(477, 'Fvenyes'),
(2417, 'Fvenypuszta'),
(269, 'Franciavgs'),
(1587, 'Fle'),
(2728, 'Flek'),
(1957, 'Flekipuszta'),
(2313, 'Flpszlls'),
(2335, 'Fperegpuszta'),
(391, 'Frged'),
(809, 'Frjes'),
(2788, 'Fzrkomls'),
(309, 'Fzrradvny'),
(2050, 'Fzesabony'),
(232, 'Fzesbokor'),
(1605, 'Fzesgyarmat'),
(1123, 'Fzesgyarmat-Macsks'),
(2016, 'Fzesgyarmat-Tglagyr'),
(673, 'Fzesgyarmatfrd'),
(962, 'Fzfs'),
(2596, 'Fzffrd'),
(466, 'Gbortelep'),
(849, 'Gacsly'),
(1897, 'Gdor'),
(1186, 'Gdoros'),
(1108, 'Gajdospuszta'),
(1182, 'Galambhz'),
(982, 'Galambos'),
(2499, 'Galbcs kert'),
(2097, 'Galgaguta'),
(1989, 'Galgagyrk'),
(1850, 'Galgahvz'),
(1655, 'Galgamcsa'),
(1322, 'Glos'),
(989, 'Glosfa'),
(594, 'Gamsza'),
(2307, 'Gara'),
(2764, 'Garadna'),
(2653, 'Garamkvesd'),
(2340, 'Grdony'),
(2134, 'Gasthaus Pia'),
(789, 'Gtr'),
(2282, 'Gvavencsell'),
(2333, 'Gvavencsell als'),
(1626, 'Gvavencsell fels'),
(211, 'Gecse-Gyarmat'),
(1418, 'Ggny'),
(1184, 'Gelse'),
(548, 'Gemenc-Dunapart'),
(2660, 'Gemenci delta'),
(212, 'Gencs'),
(1566, 'Gencsapti als'),
(1557, 'Gencsapti fels'),
(118, 'Gplloms'),
(486, 'Grce'),
(1943, 'Gerecse'),
(975, 'Gerencepuszta'),
(2393, 'Gerje'),
(1814, 'Gic-Hathalom'),
(195, 'Gilnyi'),
(2412, 'Gd'),
(878, 'Godisa'),
(135, 'Gdll'),
(521, 'Gdll-llami telepek'),
(739, 'Godvr'),
(51, 'Ggnfa'),
(1463, 'Gla'),
(6, 'Glle'),
(392, 'Glle fels'),
(225, 'Golop'),
(814, 'Gnc'),
(1060, 'Gncruszka'),
(2214, 'Gr'),
(1458, 'Grbed'),
(2562, 'Grbehza'),
(365, 'Grbekanyar'),
(1305, 'Grbemajor'),
(316, 'Grcsny'),
(996, 'Grnypuszta'),
(1692, 'Grgeteg'),
(2453, 'Grgszlls'),
(816, 'Gorzsa'),
(2641, 'Gsfa'),
(36, 'Gubs'),
(1084, 'Guth'),
(2108, 'Gyl'),
(1254, 'Gyl fels'),
(2720, 'Gyanafalva'),
(575, 'Gyknyes'),
(2561, 'Gyknyes-Kavicsbnya'),
(1576, 'Gyenesdis'),
(1584, 'Gyermekotthon'),
(57, 'Gykrkt'),
(683, 'Gyoma'),
(868, 'Gyomai elgazs'),
(1156, 'Gymre'),
(1648, 'Gymre-Tt'),
(2444, 'Gymr'),
(1400, 'Gymr-Tfrd'),
(434, 'Gyn'),
(617, 'Gyngyfa-Magyarmecske'),
(2730, 'Gyngys'),
(1869, 'Gyngys EV'),
(16, 'Gyngysfalu'),
(111, 'Gyngyshalsz'),
(1789, 'Gyngyshermn'),
(1738, 'Gyngysoldal'),
(1242, 'Gyngyssolymos'),
(1190, 'Gyoprosfrd'),
(1091, 'Gyoprosi szlk'),
(1727, 'Gyr'),
(297, 'Gyr-Gyrvros'),
(1797, 'Gyrasszonyfa'),
(1561, 'Gyrgyliget'),
(508, 'Gyrgytarl'),
(1441, 'Gyrszabadhegy'),
(2533, 'Gyrszemere'),
(304, 'Gyrszentivn'),
(280, 'Gyrtelek'),
(1079, 'Gyrtelek als'),
(2682, 'Gyrvr'),
(2276, 'Gyta-Busvr'),
(674, 'Gygr'),
(262, 'Gyula'),
(1103, 'Gyula GV'),
(410, 'Gyula-Jnoszug'),
(2287, 'Gyulahza'),
(2084, 'Gyulai vroserd'),
(1902, 'Gyulamez'),
(2098, 'Gyulavri'),
(2571, 'Gylevsz'),
(2049, 'Gyre'),
(1946, 'Hagyms'),
(2310, 'Hagyms GV'),
(531, 'Hajdbagos'),
(2707, 'Hajdbszrmny'),
(264, 'Hajddorog'),
(3042, 'Hajdhadhz'),
(2346, 'Hajdjrs'),
(1773, 'Hajdnns'),
(797, 'Hajdnns-Vsrtr'),
(2260, 'Hajdsmson'),
(554, 'Hajdsmsoni tanyk'),
(1592, 'Hajdszentgyrgy'),
(3033, 'Hajdszoboszl'),
(1768, 'Hajdvid'),
(2248, 'Hajdvlgy'),
(1445, 'Hajmskr'),
(1599, 'Hajmskr-jtelep'),
(1179, 'Hajnalos'),
(1632, 'Halp'),
(2252, 'Halperd'),
(2618, 'Halasi tanyk'),
(2780, 'Halastelki iskola'),
(664, 'Halszaranyos'),
(990, 'Halszlak'),
(298, 'Halsztanya'),
(284, 'Halesz'),
(2030, 'Halipuszta'),
(1380, 'Halmaj'),
(2759, 'Halyagos'),
(2086, 'Hamuhz'),
(799, 'Hamuhza'),
(2247, 'Hansg-Nagyerd'),
(1770, 'Hansgliget'),
(2831, 'Hanthza'),
(1720, 'Harangod'),
(2128, 'Haraszt GV'),
(2818, 'Harica'),
(363, 'Haricabnya'),
(2185, 'Haris'),
(1598, 'Harka'),
(2267, 'Harkaktny'),
(1092, 'Harkny'),
(629, 'Hrmashegyalja'),
(734, 'Hros'),
(1709, 'Hrshegy'),
(443, 'Harta'),
(1622, 'Hartmann kitr'),
(205, 'Hrtkt'),
(728, 'Hatr u.'),
(1690, 'Hatrcsrda'),
(1277, 'Hatmajor forgalmi kitr'),
(412, 'Hatos'),
(663, 'Hattyas-telep'),
(1975, 'Hatvan'),
(1870, 'Hatvan Rendez pu.'),
(12, 'Hegyeshalom'),
(1788, 'Hegyfalu'),
(2141, 'Hegyk'),
(775, 'Hejce-Vilmny'),
(1507, 'Hejbba-Hejpapi'),
(2039, 'Hejkeresztr'),
(341, 'Hejszalonta'),
(1127, 'Hkd'),
(749, 'Helemba'),
(14, 'Helvcia'),
(501, 'Hencse-Hedrehely'),
(2266, 'Hendrik major'),
(128, 'Herceghalom'),
(2511, 'Hercegsznt'),
(2491, 'Hercegszlls'),
(282, 'Herend'),
(969, 'Heresznye'),
(2377, 'Hermina u.'),
(829, 'Herminatanya'),
(1432, 'Hernd'),
(394, 'Herndcsny'),
(894, 'Herndgecse'),
(833, 'Herndgny'),
(1679, 'Herndnmeti-Bcs'),
(209, 'Herndszentandrs'),
(987, 'Herndszurdok'),
(287, 'Herndvcse'),
(299, 'Hetnyegyhza'),
(2392, 'Hetnyegyhza als'),
(1353, 'Hetes kitr'),
(1061, 'Hetvehely'),
(702, 'Heves'),
(427, 'Hevesi szlk'),
(2077, 'Hevesvezekny'),
(2685, 'Hvzgyrk'),
(1497, 'Hidas-Bonyhd'),
(544, 'Hidasnmeti'),
(1747, 'Hdvgard'),
(1442, 'Hittanya'),
(714, 'Hodsz'),
(2146, 'Hdmezvsrhely'),
(1972, 'Hdmezvsrhely-Ipartelepek'),
(1915, 'Hdmezvsrhely-jvros'),
(641, 'Hdmezvsrhelyi Npkert'),
(437, 'Homok'),
(1318, 'Homokosi'),
(1589, 'Homokszentgyrgy'),
(555, 'Homokterenye'),
(2270, 'Hont'),
(170, 'Honvderd'),
(2120, 'Horgos'),
(235, 'Horgosi Kirlyhalom'),
(1033, 'Hort-Csny'),
(1064, 'Hortobgy'),
(876, 'Hortobgyi Halast'),
(934, 'Horvth tanyk'),
(465, 'Horvtjrfalu'),
(1444, 'Horvtndalja'),
(3005, 'Hosszberek-Pteri'),
(1085, 'Hosszht'),
(2437, 'Hosszhetny'),
(923, 'Hosszhomok'),
(2280, 'Hosszplyi'),
(1711, 'Hosszpereszteg'),
(1193, 'Hugyag'),
(2191, 'Hunyadi akol'),
(1031, 'Hunyadi t'),
(1906, 'Huszrokelpuszta'),
(2748, 'Hvsvlgy'),
(2492, 'Ibrny'),
(348, 'Ibrny temet'),
(2460, 'Igrici'),
(1083, 'Ihsz'),
(87, 'Iklad-Domony'),
(424, 'Iklad-Domony fels'),
(2365, 'Ikladi kitr'),
(1686, 'Ikldbrdce temet'),
(1319, 'Ikrny'),
(224, 'Ilona kanyar'),
(471, 'Ilonaszlls'),
(2007, 'Imremajor'),
(2312, 'Inm'),
(2405, 'Inm als'),
(725, 'Inncs'),
(2284, 'Inrcs-Kakucs'),
(918, 'Inrcsi szltelep'),
(538, 'Inota'),
(2837, 'Ipolysg'),
(2566, 'Ipolyszg'),
(1577, 'Ipolytarnc'),
(582, 'Ipolyvece'),
(2800, 'Iregszemcse'),
(685, 'Isaszeg'),
(1323, 'Iskola keresztt'),
(2761, 'Istllsk-semberbarlang feljr'),
(2680, 'Istvnfrd'),
(79, 'Istvnhza'),
(1314, 'Istvnmajor'),
(1479, 'Istvntelek'),
(713, 'Ivacs'),
(1482, 'Ivn'),
(904, 'Ivnbattyn'),
(2332, 'Ivncsa'),
(2309, 'Ivnszls'),
(158, 'Izsk'),
(2549, 'Izsfalva'),
(2262, 'Jajhalom'),
(55, 'Jk-Balogunyom'),
(1964, 'Jakabszlls'),
(2001, 'Jakabszlls fels'),
(93, 'Jakabszllsi tanyk'),
(1455, 'Jk-Nagybajom'),
(107, 'Jaksorpart'),
(1862, 'Jakushegy'),
(2353, 'Jalsoviczky-tanya'),
(1334, 'Jmborhalom'),
(472, 'Jnkmajtis'),
(998, 'Jankovich-telep'),
(1352, 'Jnoshalma'),
(113, 'Jnoshza'),
(1719, 'Jnoshegy'),
(2235, 'Jnoska'),
(1052, 'Jnossomorja'),
(949, 'Jnosszlls'),
(631, 'Jszapti'),
(1426, 'Jszrokszlls'),
(1223, 'Jszberny'),
(658, 'Jszboldoghza-Jnoshida'),
(1733, 'Jszdzsa'),
(20, 'Jszfnyszaru'),
(703, 'Jszkarajen'),
(512, 'Jszkarajen fels'),
(491, 'Jszkarajen Templom tr'),
(1265, 'Jszkisr'),
(1857, 'Jszkisr fels'),
(281, 'Jszladny'),
(1499, 'Jszszentandrsi t'),
(1498, 'Jszszentlszl'),
(497, 'Jeni'),
(2142, 'Jobbgyi'),
(105, 'Jkai u.'),
(1514, 'Jsvaf-Aggtelek'),
(183, 'Jzsa'),
(1465, 'Jzsef Szanatrium'),
(2186, 'Jzsefmajor'),
(313, 'Jzsefmajor BGV'),
(2670, 'Jzsefmajor GV'),
(2024, 'Juliskamajor'),
(2018, 'Jurenk-major'),
(1263, 'Justhmajor'),
(655, 'Kaba'),
(333, 'Kabkapuszta'),
(226, 'Kadarkt'),
(961, 'Kdrta'),
(1628, 'Kadocsa kitr'),
(706, 'Kajdacs'),
(2275, 'Kakasszk'),
(1896, 'Kkics'),
(2607, 'Kl-Kpolna'),
(1293, 'Kld'),
(1689, 'Kllsemjn'),
(455, 'Klmncsa'),
(1260, 'Klmnd'),
(2747, 'Kalocsa'),
(1959, 'Kalonda'),
(2798, 'Klz'),
(1846, 'Klzbelmajor'),
(1631, 'Kmahza'),
(603, 'Kmon'),
(2378, 'Kanizsavr'),
(2135, 'Kntorhalom'),
(2595, 'Knyavr'),
(2140, 'Kapitnysg'),
(2407, 'Kpolnadl'),
(390, 'Kpolnsnyk'),
(1928, 'Kapoly'),
(1435, 'Kaposdada'),
(2704, 'Kaposf'),
(1940, 'Kaposfred'),
(2504, 'Kaposgyarmat-Hajms'),
(2501, 'Kaposhomok'),
(1656, 'Kaposmr'),
(266, 'Kapospula'),
(1459, 'Kaposszekcs'),
(837, 'Kaposszentjakab'),
(1282, 'Kapostskevr'),
(1961, 'Kaposjlak'),
(178, 'Kaposvr'),
(2042, 'Kptalanfred'),
(1939, 'Kapuvr'),
(2241, 'Kapuvr Belsmajor'),
(613, 'Kapuvr Garta'),
(1407, 'Karcsond'),
(1728, 'Kard'),
(2435, 'Karakszrcsk'),
(882, 'Karancs'),
(1436, 'Krsz-Kblny'),
(699, 'Krszmajor'),
(192, 'Krszmegyer'),
(510, 'Karcag'),
(552, 'Karcag-Ipartelep'),
(409, 'Karcag-Vsrtr'),
(3026, 'Karcagi puszta'),
(1813, 'Kardoskt'),
(117, 'Kardosrt'),
(1055, 'Krolyderki elgazs'),
(1021, 'Krolyfalva'),
(974, 'Krolyi Mihly-telep'),
(1674, 'Karoshd'),
(1529, 'Kaskanty'),
(2584, 'Kaskantyi tanyk'),
(2731, 'Kassa'),
(760, 'Kassa-Erzsbetvros'),
(175, 'Kassamindszent'),
(2776, 'Kastly (Nagycenk)'),
(1070, 'Kastlyosdomb'),
(1685, 'Kastlypark'),
(675, 'Kaszaper'),
(2514, 'Kaszaperi iskola'),
(1429, 'Kaszaperi tanyk'),
(547, 'Kaszaperpuszta fels'),
(2750, 'Kasz'),
(1292, 'Kszonyi megll'),
(1633, 'Katdfa'),
(1028, 'Katonatelep'),
(1649, 'Katraszl'),
(143, 'Katymr'),
(1661, 'Katymri Tglagyr'),
(315, 'Kavicsbnya elgazs'),
(1613, 'Kazincbarcika'),
(1192, 'Kazincbarcika als'),
(1537, 'Kecel'),
(2234, 'Kecel-Szilos'),
(1669, 'Kecskd'),
(68, 'Kecskd als'),
(818, 'Kecskemt'),
(1280, 'Kecskemt als'),
(90, 'Kecskemt KK'),
(1330, 'Kecskemt-Mriavros'),
(198, 'Kecskemt-Parasztfiskola'),
(3014, 'Kecskscsrda'),
(157, 'Kehida-Kustny'),
(783, 'Kk'),
(1802, 'Kelebia'),
(2479, 'Kelebiai tanyk'),
(3030, 'Kelenc'),
(1571, 'Kemecse'),
(2172, 'Kemence'),
(522, 'Kemencepatak'),
(60, 'Kemendollr'),
(488, 'Kemenesmihlyfa'),
(1489, 'Kemenesplfa'),
(2080, 'Kemenespuszta'),
(2395, 'Kmes'),
(628, 'Kenderes'),
(65, 'Kenderessziget'),
(1493, 'Kenderfldek'),
(2540, 'Kendergyr'),
(793, 'Kenzl'),
(2787, 'Kenzli Tisza-part'),
(952, 'Kengyel'),
(1615, 'Kengyel BV'),
(2296, 'Kengyel GV'),
(1634, 'Kenyeri'),
(679, 'Kenyhec'),
(2300, 'Kerekdomb'),
(2830, 'Kerekegyhza'),
(854, 'Kerekegyhza als'),
(2326, 'Kerekes- s Csete-tanyk'),
(3, 'Kereksziget'),
(1431, 'Keresztespuszta'),
(425, 'Kerkaszabadhegy'),
(2227, 'Kerta'),
(1707, 'Kertszsziget'),
(1200, 'Keselys'),
(2665, 'Keszhidegkt-Gynk'),
(850, 'Keszthely'),
(1511, 'Keszthely rgi'),
(1970, 'Ktegyhza'),
(494, 'Ktegyhzi tanyk'),
(1457, 'Ktrkz'),
(1933, 'Kthalom'),
(1159, 'Kthely'),
(1780, 'Ktp'),
(1088, 'Kettshalom'),
(1740, 'Ktjfalu'),
(551, 'Kttkz'),
(141, 'Kevermes'),
(329, 'Kevermes kavicsbnya'),
(476, 'Kevermes puszta'),
(1082, 'Kevermes Szchenyi t'),
(1105, 'Kevermes szlk'),
(39, 'Kevermesi tanyk'),
(2350, 'Kikerics mh.'),
(2708, 'Kilimn'),
(1565, 'Kimle-Krolyhza'),
(2829, 'Kincsesbnya'),
(53, 'Kinizsi u.'),
(1729, 'Kirld'),
(1703, 'Kirlyegyhza-Cementgyr'),
(132, 'Kirlyegyhza-Rigpuszta'),
(2789, 'Kirlyhelmec'),
(727, 'Kirlyhelmec-Perbenyik'),
(1175, 'Kirlyrt'),
(1170, 'Kirlyrt als'),
(2383, 'Kisbrapti'),
(340, 'Kisbr'),
(1614, 'Kisbcsa'),
(2402, 'Kisbzsva'),
(1013, 'Kiscsk'),
(1416, 'Kiscsripuszta'),
(217, 'Kisdobsza'),
(2129, 'Kisfi'),
(1129, 'Kisfstanya'),
(294, 'Kisgycs'),
(2424, 'Kishagyms'),
(21, 'Kishomok'),
(2579, 'Kishuta'),
(146, 'Kisirts-Cscsfordt'),
(2601, 'Kisivni trol'),
(802, 'Kisivnszk'),
(1787, 'Kisjakabfalva'),
(988, 'Kisjen-Erdhegy'),
(1676, 'Kiskapud'),
(2803, 'Kiskassa'),
(1238, 'Kiskre'),
(761, 'Kiskre-Tiszahd'),
(1008, 'Kiskrs'),
(2771, 'Kiskrs KK'),
(295, 'Kiskrsi t'),
(644, 'Kiskorpd'),
(2833, 'Kiskszeg'),
(1071, 'Kiskundorozsma'),
(546, 'Kiskunflegyhza'),
(874, 'Kiskunflegyhzi hatrt'),
(1843, 'Kiskunflegyhzi t'),
(944, 'Kiskunhalas'),
(2633, 'Kiskunlachza'),
(1790, 'Kiskunmajsa'),
(2772, 'Kiskunmajsa KK'),
(645, 'Kiskunmajsai t'),
(1359, 'Kismacs'),
(2597, 'Kismargita'),
(254, 'Kismarja'),
(2711, 'Kismaros'),
(1356, 'Kismaros EV'),
(912, 'Kismegyer'),
(3044, 'Kismicske'),
(764, 'Kismindszenti t'),
(2105, 'Kisnmedi'),
(917, 'Kisphi'),
(1120, 'Kispest'),
(2163, 'Kissor'),
(888, 'Kisszlls'),
(33, 'Kisszekeres'),
(130, 'Kisszns'),
(1197, 'Kisszentpl puszta'),
(1490, 'Kistapolca rgi'),
(844, 'Kistelek'),
(2557, 'Kisteleki szlk'),
(76, 'Kisterenye'),
(373, 'Kisterenye-Bnyatelep'),
(2488, 'Kistokaj'),
(2304, 'Kistke'),
(1150, 'Kistlgyfa'),
(2749, 'Kistolmcs'),
(305, 'Kistolmcsi erdei lak'),
(1089, 'Kisttfalu'),
(2031, 'Kisjszlls'),
(1993, 'Kisvc'),
(513, 'Kisvrda'),
(1107, 'Kisvrda-Hrmast'),
(2609, 'Kisvrdai szlk'),
(1298, 'Kisvarsny'),
(2200, 'Kiszombor'),
(250, 'Kiszombor megll'),
(607, 'Kitrgyr'),
(1664, 'Klbertelep'),
(2559, 'Klrafalva'),
(1494, 'Klementina'),
(2410, 'Klemimajor'),
(946, 'Klotildliget'),
(2005, 'Knzits Kroly t'),
(251, 'Kbnya als'),
(2693, 'Kbnya fels'),
(993, 'Kbnya-Kispest'),
(751, 'Kbnya-Teher'),
(370, 'Kocsistanya'),
(953, 'Kocsola'),
(48, 'Kocsord'),
(9, 'Kocsord als'),
(2545, 'Krberek'),
(1104, 'Kohrykertek'),
(2422, 'Kkapu'),
(88, 'Kktpuszta GV'),
(1026, 'Klesd-Alstengelic'),
(2519, 'Kolontr'),
(2667, 'Komdi'),
(2297, 'Komrom'),
(1825, 'Komjti'),
(2723, 'Koml'),
(2399, 'Koml szll'),
(1500, 'Komor'),
(2569, 'Kncsg'),
(2082, 'Kncsgpuszta'),
(1168, 'Konda'),
(2137, 'Kond'),
(2744, 'Kondoros'),
(1020, 'Konta'),
(1854, 'Kny'),
(627, 'Knya'),
(1627, 'Konyr'),
(1276, 'Konyri Sstfrd'),
(2544, 'Knyaszk'),
(819, 'Konyhadl'),
(1478, 'Kopncs'),
(759, 'Kphza'),
(536, 'Kopolya'),
(2389, 'Koportos'),
(1856, 'Korhnkz'),
(997, 'Krhz'),
(1315, 'Korlt-Vizsoly'),
(325, 'Krmend'),
(422, 'Krnye'),
(1678, 'Krgy'),
(54, 'Krgyszentgyrgy'),
(2794, 'Koronc'),
(1261, 'Krsgyres'),
(2273, 'Krshd'),
(1944, 'Krsladny'),
(426, 'Krsnagyharsny'),
(7, 'Krsnagyharsny rgi'),
(743, 'Krsszakl'),
(846, 'Krsszeg'),
(1987, 'Krstettlen'),
(528, 'Krsjfalu'),
(2054, 'Krzsa'),
(82, 'Krts'),
(1607, 'Kossuth tr'),
(2113, 'Kossuth tr GV'),
(1417, 'Kszeg'),
(1216, 'Kszeg-Srgyr'),
(1111, 'Kszegfalva'),
(1226, 'Ksziget'),
(244, 'Ktaj'),
(2387, 'Ktaji szeszgyr'),
(1884, 'Ktegyn'),
(263, 'Ktpuszta'),
(1553, 'Kovcshida'),
(2449, 'Kvgr'),
(1752, 'Kveshegy'),
(1840, 'Kzp-Garadna'),
(1098, 'Kzpmez'),
(2518, 'Kzprigc'),
(1019, 'Kzpont'),
(911, 'Krinolin kert'),
(2158, 'Kulcs'),
(1405, 'Klld'),
(1307, 'Klsmezhegyespuszta'),
(2130, 'Klsvat'),
(1306, 'Kungota fels'),
(1688, 'Kungota posta'),
(2478, 'Kungota rakod'),
(1078, 'Kungota Szchenyi t'),
(1515, 'Kungota tancshza'),
(2805, 'Kunbaja GV'),
(957, 'Kunbaja-Bcsalmsi szlk'),
(742, 'Kund puszta'),
(1567, 'Kunfehrt'),
(56, 'Kngs'),
(1406, 'Kungyalu'),
(1329, 'Kungyalu als'),
(58, 'Kunhalom'),
(892, 'Kunhegyes'),
(938, 'Kunmadaras'),
(2414, 'Kunszlls'),
(2699, 'Kunszentmrton'),
(144, 'Kunszentmrton-rpart'),
(326, 'Kunszentmikls-Tass'),
(354, 'Kurd'),
(2203, 'Kuriapuszta'),
(1996, 'Krts'),
(223, 'Kutas'),
(2092, 'Kutasi puszta'),
(2624, 'Kutitanya'),
(1798, 'Ktvlgy'),
(95, 'Lbatlan'),
(1982, 'Lbod'),
(1035, 'Lad'),
(2692, 'Lajoshza'),
(2419, 'Lajosmizse'),
(2238, 'Lajosmizse als'),
(1880, 'Lajtajfalu'),
(1388, 'Lakitelek'),
(733, 'Laktanya'),
(2136, 'Lapist'),
(1096, 'Lassi'),
(1894, 'Ltkp'),
(1521, 'Lzri'),
(517, 'Lzi'),
(358, 'Lenyvr'),
(682, 'Lbny-Mosonszentmikls'),
(2149, 'Lehczki kitr'),
(718, 'Lengyeltti'),
(2585, 'Lenti EV'),
(1851, 'Lenti-Gyngyvirg u.'),
(202, 'Lentiszombathely-Mumor'),
(898, 'Leperdpuszta'),
(921, 'Lepsny'),
(729, 'Lepsny fels'),
(1423, 'Lepsny GV'),
(2045, 'Lesenceistvnd'),
(810, 'Lesencetomaj'),
(2738, 'Ltavrtes'),
(914, 'Levl'),
(716, 'Levelek-Magy'),
(283, 'Levenye'),
(1936, 'Ligettanya'),
(1394, 'Lillafred'),
(1888, 'Liptfa'),
(186, 'Litke'),
(753, 'Locsmnd'),
(2529, 'Lkshza'),
(2542, 'Lkuca'),
(715, 'Lkt'),
(1000, 'Lrnthza'),
(1081, 'Lrinci'),
(475, 'Lrinczy-kert'),
(2726, 'Losonc'),
(1372, 'Ltr'),
(2240, 'Lovasberny'),
(867, 'Lv'),
(1868, 'Ludad'),
(2044, 'Ludnyhalszi'),
(247, 'Ludnyi tanya'),
(1539, 'Ludas'),
(1257, 'Ludast'),
(1864, 'Lujzamajor'),
(1778, 'Lukcshza'),
(1287, 'Lukcshza als'),
(2752, 'Lukafa'),
(296, 'Lukafai elgazs'),
(2791, 'Lyukbnya'),
(832, 'Lyukbnya als'),
(1818, 'Macs'),
(1309, 'Mcsa kitr'),
(1068, 'Md'),
(393, 'Madr tanya'),
(1369, 'Madaras'),
(78, 'Madarszpuszta'),
(1651, 'Magdolnatelep'),
(1750, 'Magdolnavlgy'),
(1395, 'Magld'),
(2543, 'Magldi Nyaral'),
(1513, 'Mgocs-Alsmocsold'),
(116, 'Mgori-majori rakod'),
(1449, 'Mgorpuszta'),
(428, 'Magyarbnhegyes'),
(1760, 'Magyarbnhegyes-jtelep'),
(1308, 'Magyarbnhegyesi t'),
(2221, 'Magyarcsand'),
(1010, 'Magyaregres'),
(567, 'Magyarhertelend'),
(1844, 'Magyarkeresztr-Zsebehza'),
(980, 'Magyarkt'),
(2197, 'Magyarkt-Verce'),
(1480, 'Magyarnndor'),
(25, 'Magyarsor'),
(1761, 'Magyarszk'),
(2139, 'Magyarszerdahely'),
(909, 'Magyart'),
(456, 'Mahca'),
(1285, 'Majlth mh.'),
(321, 'Mkfld'),
(2608, 'Maklr'),
(670, 'Mak'),
(2242, 'Mak-jvros'),
(704, 'Mak-jvsrtr'),
(2160, 'Malomkert'),
(2686, 'Malomtelel'),
(1621, 'Malomvlgy'),
(77, 'Mndok'),
(1898, 'Mannersdorf a d Rabnitz'),
(1374, 'Marcali'),
(812, 'Marcalt'),
(913, 'Mrfa'),
(1595, 'Mria kitr'),
(1273, 'Mriabesny'),
(1161, 'Mriabesny rgi'),
(221, 'Mriabesnyi kolostor'),
(190, 'Mriagyd'),
(2246, 'Mriahullmtelep'),
(2000, 'Mriakpolna'),
(1158, 'Mriaknnye'),
(1549, 'Mriakt'),
(2555, 'Mrialaka'),
(1389, 'Mriamajor GV'),
(1044, 'Mrianosztra'),
(2013, 'Mriapcs'),
(115, 'Mriaszltelep'),
(2144, 'Mriaudvar'),
(1099, 'Mriajfalu'),
(1245, 'Marihzi rakod'),
(1138, 'Mrk'),
(2683, 'Mrok'),
(2107, 'Mrtabnya'),
(17, 'Mrtly'),
(2283, 'Martf'),
(306, 'Martinka'),
(1641, 'Martonvsr'),
(1007, 'Mszlonyi t'),
(828, 'Mthzapuszta'),
(2026, 'Mtszalka'),
(1560, 'Mtszalka rgi'),
(1594, 'Matk fels'),
(518, 'Matk-Als'),
(2763, 'Mtrafred'),
(834, 'Mtrafred als'),
(2324, 'Mtramindszent'),
(2729, 'Mtranovk-Homokterenye'),
(265, 'Mtraszls-Hasznos'),
(1509, 'Mtraverebly'),
(1708, 'Mtravidki Erm'),
(2261, 'Mtysdomb'),
(1134, 'Mtysdomb fels'),
(2473, 'Mtysdomb GV'),
(84, 'Mza-Szszvr'),
(2151, 'Mecsekalja-Cserkt'),
(2173, 'Mecsekjnosi'),
(1100, 'Mecsekplske'),
(2679, 'Medgyes GV'),
(1858, 'Medgyesegyhza'),
(1570, 'Medinci-Senkovac'),
(417, 'Meggyespele'),
(286, 'Meggyespuszta'),
(2816, 'Megyasz'),
(2075, 'Mhkerk'),
(1006, 'Melindai tanyk'),
(507, 'Mlyger'),
(559, 'Mlykt'),
(1953, 'Mlykti tanyk'),
(1658, 'Mende'),
(1522, 'Mnesmajor'),
(615, 'Mnfcsanak'),
(1691, 'Mnfcsanak fels'),
(1830, 'Mntelek'),
(798, 'Menyecske'),
(1164, 'Mra'),
(609, 'Mernye'),
(1645, 'Mesterhza-Tompaldony'),
(705, 'Mesztegny'),
(2602, 'Mesztegny EV'),
(1917, 'Mezberny'),
(2448, 'Mezcst'),
(1640, 'Mezfalva'),
(2457, 'Mezhegyes'),
(1828, 'Mezhegyes GV'),
(1967, 'Mezhegyes jtelep'),
(2568, 'Mezhegyesi elgazs'),
(665, 'Mezhdvg'),
(1980, 'Mezkeresztes-Meznyrd'),
(2455, 'Mezkovcshza'),
(2038, 'Mezkovcshza fels'),
(1731, 'Mezkovcshza GV'),
(1358, 'Mezkvesd'),
(2368, 'Mezkvesd fels'),
(1171, 'Mezkvesd-Hfrd'),
(1779, 'Mezlak'),
(2494, 'Mezmegyer'),
(2154, 'Mezpeterd'),
(1516, 'Meztrkny'),
(1820, 'Meztr'),
(2033, 'Mezzombor'),
(562, 'Mihlyhza'),
(213, 'Mikeccsrda'),
(1847, 'Mikeprcs'),
(1600, 'Miklshalma'),
(100, 'Miklsmajor'),
(677, 'Miklstelep'),
(824, 'Mikfalva'),
(1702, 'Mikhza'),
(2212, 'Mikosdpuszta'),
(2193, 'Mikosfalva'),
(804, 'Mindszent'),
(1018, 'Mirh'),
(121, 'Miske'),
(1530, 'Miskolc Gyri kapu'),
(2053, 'Miskolc-Dorottya utca'),
(429, 'Miskolc-Gmri'),
(218, 'Miskolc-Rendez pu.'),
(220, 'Miskolc-Repltr'),
(2133, 'Miskolc-Tiszai'),
(1899, 'Mcsny'),
(387, 'Mogyorsbnya'),
(328, 'Moha'),
(349, 'Moha-Rakod'),
(460, 'Mohcs'),
(482, 'Mohora'),
(1411, 'Molvny'),
(3006, 'Monor'),
(1986, 'Monori tanyk'),
(3007, 'Monorierd'),
(1816, 'Mnosbl'),
(2436, 'Monostorplyi'),
(732, 'Monostorszeg'),
(1086, 'Monyha'),
(159, 'Mr'),
(1532, 'Mr-Sporttelep'),
(457, 'Mr-jtelep'),
(2593, 'Mrgy'),
(2078, 'Mrgy-Alsnna'),
(1782, 'Mrahalom'),
(2498, 'Morg'),
(1203, 'Mricgt'),
(2775, 'Mrichza'),
(900, 'Mosonmagyarvr'),
(193, 'Mosonszentandrs'),
(968, 'Mosonszolnok'),
(1392, 'Mosztonga major'),
(493, 'Mozsg-Szulimn'),
(1187, 'Mkert'),
(2721, 'Murahely'),
(1139, 'Murakeresztr'),
(836, 'Muraszombat'),
(516, 'Murony'),
(360, 'Musznya-Vaslak'),
(2832, 'Nadab'),
(237, 'Ndas-dl'),
(1630, 'Ndasd'),
(1832, 'Ndashalom'),
(1299, 'Ndasmajor'),
(2485, 'Ndiga rakod'),
(1525, 'Ndorszlls'),
(1237, 'Ndtelep'),
(2819, 'Ndudvar'),
(2008, 'Ndudvar als'),
(1452, 'Ndjfalu'),
(2217, 'Ngel major'),
(826, 'Nagylls'),
(2524, 'Nagyatd'),
(1519, 'Nagyatd-Bodvica'),
(2706, 'Nagybaracska'),
(977, 'Nagybaracskai szlk'),
(1866, 'Nagybtony'),
(288, 'Nagyberki'),
(2758, 'Nagybrzsny'),
(196, 'Nagybugac'),
(1470, 'Nagycenk'),
(1041, 'Nagycenk-Hidegsg'),
(1935, 'Nagycsny'),
(1390, 'Nagycscs'),
(744, 'Nagycsere'),
(1883, 'Nagydobos'),
(2371, 'Nagydorog'),
(1128, 'Nagyecsed'),
(2210, 'Nagyr'),
(1704, 'Nagyesztergr'),
(1075, 'Nagyfalva'),
(857, 'Nagygyant'),
(167, 'Nagygyimt'),
(2539, 'Nagyhalsz'),
(1030, 'Nagyhalsz-Kendergyr'),
(339, 'Nagyhalom'),
(436, 'Nagyharsny'),
(1484, 'Nagyht'),
(2756, 'Nagyhideghegy'),
(659, 'Nagyigmnd-Bbolna'),
(1891, 'Nagyirts-Szent Orbn Erdei Hotel'),
(2507, 'Nagykll'),
(180, 'Nagykanizsa'),
(2196, 'Nagykapornak'),
(1476, 'Nagykarcsony'),
(1619, 'Nagykarcsony fels'),
(2293, 'Nagykarcsony rgi'),
(2740, 'Nagykroly'),
(1922, 'Nagykta'),
(2216, 'Nagykereki'),
(710, 'Nagykonda'),
(686, 'Nagyknyi'),
(956, 'Nagyknyi Halast'),
(1767, 'Nagyknyi Pri t'),
(1136, 'Nagyknyi-Tamsi kves t'),
(864, 'Nagykrs'),
(332, 'Nagylak'),
(801, 'Nagylaki Kendergyr'),
(397, 'Nagylng'),
(1805, 'Nagylapos'),
(1222, 'Nagylk'),
(469, 'Nagymgocs'),
(1904, 'Nagymgocs tancshza'),
(1705, 'Nagymajor'),
(1229, 'Nagymnyok'),
(2222, 'Nagymaros'),
(1715, 'Nagymaros-Visegrd'),
(1543, 'Nagynyrd'),
(527, 'Nagynyrdi kitr'),
(1236, 'Nagynyr'),
(709, 'Nagyoroszi'),
(1751, 'Nagypall'),
(766, 'Nagypeleske'),
(2689, 'Nagypeterd'),
(1547, 'Nagyrkos'),
(2614, 'Nagyrkos rgi'),
(1885, 'Nagyrcse'),
(1130, 'Nagyrt'),
(32, 'Nagyrezt'),
(2337, 'Nagysimonyi'),
(1205, 'Nagysznt'),
(1059, 'Nagyszekeres'),
(1520, 'Nagyszkss'),
(255, 'Nagyszns'),
(643, 'Nagyszentjnos'),
(2615, 'Nagyszentmihly'),
(1503, 'Nagyszentpl puszta'),
(1402, 'Nagytlya'),
(2286, 'Nagytanya'),
(2576, 'Nagytanya AGV'),
(880, 'Nagytanya NyK'),
(593, 'Nagytanyai elgazs'),
(1796, 'Nagyttny'),
(2582, 'Nagyttny-Disd'),
(463, 'Nagytke'),
(1114, 'Nagyttipuszta'),
(830, 'Nagyt'),
(2736, 'Nagyvrad'),
(2199, 'Nagyvisny-Ddes'),
(604, 'Nagyzerind'),
(191, 'Nagyzomlin'),
(2123, 'Nak'),
(1976, 'Nak als'),
(1586, 'Napkor'),
(140, 'Nekzseny'),
(1408, 'Nemesbikk'),
(1803, 'Nemesgrzsny'),
(1675, 'Nemesgulcs-Kisapti'),
(103, 'Nemeske'),
(2666, 'Nemeskr-Egyhzasfalu'),
(1800, 'Nemeskeresztr'),
(2288, 'Nemeskocs'),
(2534, 'Nemesvita'),
(2825, 'Nmetjvr'),
(2236, 'Nenadics'),
(2384, 'Neszehd'),
(1756, 'Neszmly'),
(86, 'Neszmlyi tglagyr'),
(2718, 'Nezsider'),
(680, 'Nezsider-frd'),
(1556, 'Nick'),
(701, 'Nick-Rbahd'),
(841, 'Ngrd'),
(161, 'Ngrdkvesd'),
(2366, 'Ngrdszakl'),
(1272, 'Normafa'),
(577, 'Noskovci'),
(1783, 'Nosztny'),
(319, 'Novajidrny'),
(271, 'Nyakvg'),
(2165, 'Nyrilegel'),
(70, 'Nyrjas'),
(374, 'Nyrlrinc'),
(612, 'Nyrlrinc als'),
(933, 'Nyrlrinci szlk'),
(970, 'Nyrsapt'),
(2552, 'Nykes'),
(695, 'Nykldhza'),
(2349, 'Nyergesjfalu'),
(2070, 'Nyergesjfalu fels'),
(636, 'Nyilas'),
(2635, 'Nyrbrny'),
(859, 'Nyracsd'),
(736, 'Nyradony'),
(2558, 'Nyrbtor'),
(2767, 'Nyrbltek'),
(1313, 'Nyrbltek als'),
(1920, 'Nyrbogt'),
(2468, 'Nyrbogdny'),
(1965, 'Nyrcsaholy'),
(1382, 'Nyrcsszri'),
(2182, 'Nyregyhza'),
(1286, 'Nyregyhza kls'),
(2408, 'Nyregyhza NyK'),
(487, 'Nyregyhza Petfi tr'),
(24, 'Nyregyhza-Vsrtr'),
(2339, 'Nyrgelse'),
(2500, 'Nyri'),
(831, 'Nyrjk'),
(2229, 'Nyrkarsz'),
(762, 'Nyrlak'),
(1716, 'Nyrlugos'),
(1905, 'Nyrlugos fels'),
(2486, 'Nyrmada'),
(2476, 'Nyrmrtonfalva'),
(2551, 'Nyrmrtonfalva als'),
(188, 'Nyrmeggyes'),
(1113, 'Nyrmihlydi'),
(1336, 'Nyrszls'),
(2029, 'Nyrtelek'),
(1662, 'Nyomsi fldek'),
(698, 'Nyl'),
(337, 'Nyulas mh.'),
(503, 'Nyldomb'),
(1563, 'Nylmly'),
(1680, 'alms'),
(572, 'Oberwart Einkaufszentrum'),
(201, 'Oberwart Lokalbahn'),
(10, 'bg'),
(983, 'buda'),
(1360, 'csa'),
(2318, 'csai szlk'),
(2663, 'csai szlk rgi'),
(2317, 'csrd'),
(2475, 'csny'),
(2505, 'dinnys'),
(1602, 'Odvask'),
(1784, 'fehrt'),
(1550, 'Ohat-Pusztakcs'),
(2058, 'Okny'),
(1422, 'Okorg-Krszpuszta'),
(1195, 'kritflps'),
(2434, 'Olad'),
(2181, 'Olaszfalu'),
(1909, 'Olaszliszka-Tolcsva'),
(2538, 'lb-Alsszeleste'),
(2462, 'legyen'),
(3036, 'Ondd'),
(2303, 'Onga'),
(395, 'Ongajfalu'),
(556, 'nts'),
(765, 'paks'),
(1934, 'plyi'),
(2743, 'pcska'),
(2446, 'pcskai tanyk'),
(72, 'Orbnfalu'),
(973, 'rbottyn'),
(2198, 'rdgrka'),
(94, 'regcsert'),
(1604, 'reglak'),
(1999, 'regtanyk'),
(1069, 'Orgovny'),
(2138, 'rhalom'),
(64, 'rhalom rgi'),
(1391, 'rhegy'),
(2672, 'rhegy forgalmi kitr'),
(2110, 'rihdos'),
(2502, 'riszentpter'),
(1937, 'riszentpter rgi'),
(745, 'rjeg'),
(274, 'rkny'),
(353, 'rlm'),
(23, 'rmnyes gplloms'),
(2285, 'rmnyes ktrok'),
(1297, 'Ormosbnya'),
(1930, 'Oros'),
(98, 'Oroshza'),
(2064, 'Oroshza als'),
(2071, 'Oroshza fels'),
(2046, 'Oroshza ftr'),
(1124, 'Oroshza Hatos'),
(1974, 'Oroshza-veggyr'),
(134, 'Oroshzi iskola'),
(2127, 'Oroshzi tanyk'),
(2719, 'Oroszlny'),
(2471, 'Oroszvr'),
(2358, 'Orszgt'),
(929, 'Orszgti rhz'),
(886, 'rszlls'),
(662, 'rszem'),
(2002, 'Ortstet'),
(785, 'rtilos'),
(773, 'Ortutay major'),
(2352, 'rvnyes'),
(2291, 'sk'),
(2792, 'Osli'),
(2148, 'Osli elgazs'),
(2175, 'ssipuszta'),
(1016, 'Ostffyasszonyfa'),
(966, 'szeszk'),
(2034, 'Oszk'),
(351, 'Osztopn'),
(2677, 'tfa'),
(1713, 'ttevny'),
(1373, 'Ottlaka'),
(1871, 'tvs forgalmi kitr'),
(1214, 'tvsknyi'),
(2278, 'vri'),
(2732, 'zd'),
(338, 'zd als'),
(1244, 'zd kls'),
(106, 'zedmajor'),
(203, 'ztelek'),
(2547, 'Pacsmag'),
(2319, 'Pcsony'),
(346, 'Phi'),
(227, 'Pka'),
(2646, 'Pakod'),
(207, 'Pkozd'),
(2722, 'Paks'),
(806, 'Paks-Dunapart'),
(3016, 'Paldicspuszta'),
(535, 'Plhza'),
(418, 'Plhza-Ipartelep'),
(1058, 'Pli-Vadosfa'),
(2553, 'Palicsfrd'),
(782, 'Plinks'),
(851, 'Palkonya'),
(3040, 'Pallagpusztai major'),
(730, 'Plmajor'),
(2563, 'Plmatr'),
(2162, 'Palotabozsok'),
(2177, 'Palotai ti iskola'),
(619, 'Pamuk'),
(1310, 'Pndorfalu'),
(2074, 'Pankasz'),
(2081, 'Pannonhalma'),
(1344, 'Ppa'),
(2279, 'Ppateszr'),
(639, 'Paphegy'),
(75, 'Paprgyr'),
(1032, 'Papkeszi'),
(1815, 'Paradicsommajor'),
(1349, 'Pri'),
(2724, 'Prknynna'),
(2532, 'Paszab'),
(2274, 'Pszt'),
(2017, 'Ptka'),
(450, 'Ptroha'),
(1701, 'Ptyod'),
(647, 'Pzmneum'),
(1608, 'Pcel'),
(2004, 'Pcs'),
(1094, 'Pcs fels'),
(822, 'Pcs-Gyrvros'),
(2483, 'Pcs-Klvros'),
(2673, 'Pcs-Vasas'),
(1523, 'Pcsbnya-Rendez'),
(1663, 'Pcsudvard'),
(2256, 'Pcsudvard rgi'),
(334, 'Pcsjhegy'),
(478, 'Pcsjhegy rgi'),
(2463, 'Pcsvrad'),
(1765, 'Pellrd'),
(2810, 'Ply'),
(1771, 'Ply Hatrongyos elgazs'),
(2037, 'Ply kitr'),
(2643, 'Penyige'),
(2465, 'Perbenyik trak'),
(2153, 'Perdcmajor'),
(649, 'Pereces'),
(398, 'Pereces kitr'),
(1141, 'Pereszteg'),
(596, 'Perkupa'),
(2713, 'Pesterzsbet'),
(1535, 'Pestszentimre'),
(2701, 'Pestszentimre fels'),
(2999, 'Pestszentlrinc'),
(2550, 'Petrda'),
(2427, 'Pterfa'),
(2450, 'Pterhegy-Ttkeresztr'),
(879, 'Pterhida-Komlsd'),
(1845, 'Ptfrd'),
(2055, 'Petnehza'),
(350, 'Petfi tsz.'),
(2567, 'Petfiszlls'),
(27, 'Petfiszllsi tanyk'),
(438, 'Petfivros'),
(179, 'Pethza'),
(279, 'Pettend'),
(206, 'Petyerktanya'),
(2115, 'Pik tanya'),
(3008, 'Pilis'),
(1206, 'Piliscsaba'),
(777, 'Piliscsv'),
(285, 'Pilisjszfalu'),
(2131, 'Pilisvrsvr'),
(166, 'Pincehely'),
(2823, 'Pinkaf'),
(1366, 'Pinkamindszent'),
(1573, 'Pinkavr'),
(995, 'Pinkc'),
(954, 'Pinnye'),
(331, 'Pipishegy'),
(1748, 'Piroska'),
(154, 'Pirt'),
(2612, 'Pirti szlk'),
(1925, 'Piszke'),
(1169, 'Pitvaros'),
(1772, 'Pityur-rtje'),
(2605, 'Pocsaj-Esztr'),
(584, 'Pogonyipuszta'),
(2537, 'Phamara'),
(245, 'Pkaszepetk'),
(240, 'Pokoltanya'),
(243, 'Polgr'),
(972, 'Polgrdi'),
(1590, 'Polgrdi-Ipartelepek'),
(654, 'Polgrdi-Tekerespuszta'),
(2755, 'Pollai erd'),
(2578, 'Pomogy'),
(1348, 'Prbly'),
(1552, 'Prbly EV'),
(1427, 'Prbly fels'),
(922, 'Porcsalma-Tyukod'),
(2440, 'Poroszl'),
(1791, 'Porpc'),
(2690, 'Porrogszentkirly'),
(2269, 'Portelek'),
(26, 'Porva-Csesznek'),
(399, 'Psahalom'),
(1419, 'Psfa'),
(139, 'Ptrte'),
(1528, 'Pozsony'),
(935, 'Pozsonyligetfalu'),
(1357, 'Pzva'),
(2817, 'Prgy'),
(1351, 'Prgy als'),
(1043, 'Puskaporos'),
(2589, 'Pspkhatvan'),
(1542, 'Pspkladny'),
(2400, 'Pspkladny-Vsrtr'),
(2023, 'Pspkmolnri'),
(779, 'Pusztabnrve'),
(34, 'Pusztaberny'),
(165, 'Pusztacsald'),
(903, 'Pusztadomahza'),
(2189, 'Pusztaecseg'),
(2786, 'Pusztafldvr'),
(44, 'Pusztafldvr als'),
(2484, 'Pusztafldvri elgazs'),
(1876, 'Pusztagyimt'),
(1361, 'Pusztaketts'),
(164, 'Pusztakrt'),
(684, 'Pusztalnc'),
(2774, 'Pusztamart'),
(2779, 'Pusztamrges'),
(2617, 'Pusztamonostor'),
(2616, 'Pusztap'),
(2469, 'Pusztaszabolcs'),
(3022, 'Pusztaszakllas'),
(1732, 'Pusztaszentistvn'),
(2470, 'Pusztaszentmihlyfa'),
(936, 'Pusztaszenttornya'),
(3019, 'Pusztaszuri'),
(1447, 'Pusztatemplom'),
(131, 'Pusztatrpszt'),
(2827, 'Pusztavm'),
(598, 'Putnok'),
(1253, 'Rbahd'),
(889, 'Rbapatona'),
(2380, 'Rbapordny'),
(1757, 'Rbasmjn'),
(2072, 'Rbatamsi'),
(148, 'Rcalms'),
(515, 'Rcalms rgi'),
(2119, 'Rckeresztr als'),
(1264, 'Rckeresztr Hsk tere'),
(2213, 'Rckeresztr mrleghz'),
(413, 'Radahza'),
(925, 'Radostyn'),
(726, 'Ragyolc'),
(2179, 'Rajka'),
(2298, 'Rakamaz'),
(784, 'Rkht'),
(150, 'Rkczitanya'),
(1527, 'Rkos'),
(2066, 'Rkoscsaba'),
(403, 'Rkoscsaba-jtelep'),
(1913, 'Rkoshegy'),
(1210, 'Rkoskeresztr'),
(83, 'Rkoskert'),
(2061, 'Rkosliget'),
(1568, 'Rkospalota-Kertvros'),
(2057, 'Rkospalota-jpest'),
(1428, 'Rkosrendez'),
(2808, 'Randfa'),
(955, 'Randfai elgazs'),
(1472, 'Raposka'),
(1610, 'Rapp'),
(1677, 'Rrs'),
(1430, 'Rrspuszta'),
(2150, 'Rtka'),
(1320, 'Rtt'),
(2231, 'Ravazd'),
(1725, 'Regce'),
(1294, 'Regly'),
(1591, 'Rhely'),
(1668, 'Reje'),
(1956, 'Remerenci'),
(357, 'Remete'),
(564, 'Rpspuszta'),
(318, 'Rpcelak'),
(1, 'Rpcemicske'),
(2556, 'Rpcesarud'),
(601, 'Rpceszemere'),
(2512, 'Rpcevis'),
(1660, 'Rtsg'),
(1966, 'Rtszilas'),
(101, 'Rtszilas als'),
(278, 'Rvbr'),
(667, 'Rvflp'),
(1437, 'Ricse'),
(2271, 'Rigcs'),
(2650, 'Rinyaszentkirlyi ti kitr'),
(1183, 'Rdny'),
(585, 'Rohonc'),
(1951, 'Rkabgys'),
(492, 'Rkatanya'),
(1037, 'Romnd'),
(2725, 'Romhny'),
(1289, 'Rosszmalom elgazs'),
(2766, 'Rostall'),
(1230, 'Rszke'),
(490, 'Rtfalva'),
(1012, 'Rozsly'),
(1181, 'Rzsamajor'),
(2232, 'Rzss'),
(2734, 'Rudabnya'),
(1027, 'Rudics'),
(1368, 'Rudnaykert'),
(2822, 'Rum'),
(1817, 'Rum kastly'),
(2094, 'Ruzsa'),
(2481, 'Sferkt'),
(1977, 'Sgvri'),
(1836, 'Sajecseg'),
(586, 'Sajkpolna'),
(1176, 'Sajkaza'),
(73, 'Sajkeresztr'),
(1255, 'Sajlszlfalva'),
(1377, 'Sajmercse'),
(2454, 'Sajnmeti'),
(1281, 'Sajszentpter'),
(1274, 'Sajszentpter-Piactr'),
(902, 'Sajszged'),
(42, 'Sal'),
(1834, 'Salgtarjn'),
(2587, 'Salgtarjn kls'),
(906, 'Salkveskt-Vassurny'),
(610, 'Sallai telep'),
(1763, 'Smfalva'),
(2541, 'Smod'),
(2379, 'Smsoni t'),
(2035, 'Sndormajor'),
(343, 'Sndoros'),
(638, 'Snta tanya'),
(2521, 'Sntos'),
(1849, 'Sp'),
(717, 'Srnd'),
(184, 'Srbogrd'),
(2195, 'Sregres'),
(979, 'Sarkad'),
(2372, 'Sarkadi Cukorgyr'),
(2167, 'Sarkadkeresztr'),
(870, 'Srkeresztr'),
(2489, 'Srkzi tanyk'),
(496, 'Srkuta 4. sz. rhz'),
(720, 'Srmellk'),
(208, 'Srosd'),
(432, 'Srospatak'),
(656, 'Srospatak trak'),
(616, 'Srospatak Kazinczy u.'),
(1440, 'Srpentele'),
(380, 'Srpilis-Vrdomb'),
(821, 'Srrtudvari'),
(2311, 'Sarrd'),
(2490, 'Srszentgota'),
(1165, 'Srszentmihly'),
(108, 'Srszentmikls'),
(871, 'Srt'),
(275, 'Srvr'),
(2208, 'Ssd'),
(1003, 'Sasrt'),
(2751, 'Sasrt-Frsztelep'),
(2348, 'Sta'),
(2727, 'Storaljajhely'),
(1960, 'Storaljajhely dohnygyr'),
(2474, 'Storaljajhely Kossuth tr'),
(1241, 'Storaljajhely kztemet'),
(137, 'Storaljajhely Torzss'),
(1137, 'Storhely'),
(1393, 'Storosbnya'),
(1450, 'Svoly'),
(1865, 'Svoly-Tzegtelep'),
(1887, 'Scheieri elgazs'),
(1235, 'S'),
(355, 'Sebk kert'),
(1616, 'Segesd'),
(323, 'Sellye'),
(618, 'Selymes'),
(2305, 'Selyp'),
(481, 'Sereglyes'),
(2132, 'Sereglyes-Szlhegy'),
(1009, 'Sikl'),
(1984, 'Sikl GV'),
(169, 'Sikls'),
(958, 'Siklsi szlk'),
(458, 'Simongt'),
(1890, 'Simontornya'),
(2812, 'Simonyifalva'),
(1929, 'Simonyifalva piactr'),
(1861, 'Sifok'),
(940, 'Sifok-Tisztviseltelep'),
(1506, 'Sijut'),
(2573, 'Sivlgy'),
(1251, 'Sirat'),
(1101, 'Sitke'),
(2836, 'Slatina'),
(1414, 'Sofronya'),
(67, 'Solt'),
(1877, 'Soltszentimre'),
(788, 'Soltvadkert'),
(2109, 'Soltvadkerti t'),
(1931, 'Sly'),
(2675, 'Solymr'),
(1065, 'Solymos major'),
(430, 'Som-Nagyberny'),
(1654, 'Somlvsrhely'),
(2118, 'Somodi'),
(291, 'Somodor'),
(884, 'Somogyaszal'),
(1481, 'Somogyaszali t'),
(345, 'Somogyjd'),
(1379, 'Somogymeggyes'),
(1332, 'Somogyszentimre'),
(2769, 'Somogyszentpl'),
(470, 'Somogyszentpl fels'),
(2799, 'Somogyszil'),
(1133, 'Somogyszil als'),
(61, 'Somogyszob'),
(668, 'Somogytarnca'),
(1326, 'Somogyudvarhely'),
(2187, 'Somogyvr'),
(1202, 'Somoskjfalu'),
(2301, 'Soponya'),
(2331, 'Soponya fels'),
(721, 'Sopron'),
(723, 'Sopron-Marhaplyaudvar'),
(707, 'Sopron-Rendez'),
(1983, 'Sopronkertes'),
(1510, 'Sopronkvesd'),
(484, 'Srhz major'),
(1324, 'Sorkifalud'),
(1758, 'Soroksr'),
(447, 'Soroksri t'),
(2306, 'Soromprhely (Nagycenk)'),
(576, 'Sshalom'),
(1963, 'Sstelep'),
(838, 'Sst'),
(509, 'Sstgygyfrd'),
(781, 'Ssthegy'),
(1736, 'Ssvertike'),
(2299, 'Svnykt'),
(2760, 'Stimeczhz'),
(2712, 'Strm'),
(2116, 'Slysp'),
(292, 'Smeg'),
(1219, 'Smegi bazaltbnya'),
(1923, 'Sumony'),
(2632, 'Stt'),
(2224, 'Stt fels'),
(30, 'Stt-Hrsfa'),
(1827, 'Szabadbattyn'),
(526, 'Szabadegyhza'),
(1908, 'Szabadifrd'),
(1657, 'Szabadisst'),
(2745, 'Szabadka'),
(1131, 'Szabadka gyrtelep'),
(520, 'Szabadkai tanyk'),
(2003, 'Szabadkai t'),
(1316, 'Szabadkgys'),
(1647, 'Szabadkgys als'),
(792, 'Szabadkgys GV'),
(330, 'Szabadsgliget'),
(379, 'Szabadsgrendez pu.'),
(2245, 'Szabadsgtelep GV'),
(2338, 'Szabadsgtr'),
(2710, 'Szabadszlls'),
(1477, 'Szada'),
(35, 'Szada als'),
(2091, 'Szajki erd'),
(2329, 'Szajol'),
(1023, 'Szk-Szend'),
(1311, 'Szakly-Hgysz'),
(2421, 'Szakmr'),
(2684, 'Szakolykert'),
(991, 'Szalai megll'),
(1910, 'Szalajka-Fatelep'),
(19, 'Szalajka-Ftyol-vzess'),
(1776, 'Szalajka-Halast'),
(1225, 'Szalajkahz'),
(899, 'Szalajkavlgy-Lovasplya'),
(866, 'Szalatnak'),
(2656, 'Szalkszentmrton'),
(248, 'Szalmadpuszta'),
(711, 'Szalonna'),
(915, 'Szank'),
(1486, 'Szanki tanyk'),
(1807, 'Szntd-Krshegy'),
(550, 'Szany-Rbaszentandrs'),
(752, 'Szaprfalu'),
(119, 'Szaprfalu kzpmajor'),
(1364, 'Szr'),
(1371, 'Szrazd'),
(2655, 'Szrazrt'),
(1924, 'Szrazvm'),
(2302, 'Szrfld'),
(895, 'Szarkahegy'),
(2356, 'Szarks'),
(1886, 'Szrliget'),
(2697, 'Szarvas'),
(939, 'Szarvask'),
(2295, 'Szszberek'),
(2051, 'Szszvr'),
(570, 'Szatina-Kishajms'),
(2739, 'Szatmrnmeti'),
(2096, 'Szatmrnmeti gzfrsz'),
(2600, 'Szatymaz'),
(2374, 'Szava'),
(1764, 'Szzhalombatta'),
(468, 'Szebny'),
(1646, 'Szchenyi tr'),
(1810, 'Szchenyihegy'),
(1541, 'Szcsny'),
(2249, 'Szedres'),
(1879, 'Szeged'),
(2244, 'Szeged Rudolf tr'),
(2458, 'Szeged-trak'),
(2323, 'Szeged-Feketehalom'),
(1706, 'Szeged-Rendez'),
(2497, 'Szeged-Rkus'),
(1927, 'Szegedi halast'),
(1443, 'Szegf'),
(301, 'Szeghalom'),
(1213, 'Szegi'),
(2360, 'Szegvr'),
(2015, 'Szkes'),
(2493, 'Szkesfehrvr'),
(1777, 'Szkesfehrvr-Repltr'),
(1246, 'Szkkutas'),
(2327, 'Szksst'),
(1831, 'Szekszrd'),
(2152, 'Szekszrd-Palnk'),
(661, 'Szkt'),
(2520, 'Szkudvar'),
(1838, 'Szlesht'),
(1637, 'Szelevny'),
(1958, 'Szellht'),
(3000, 'Szemeretelep'),
(2089, 'Szendrei major'),
(2347, 'Szendr'),
(2528, 'Szendr fels'),
(1296, 'Szendrld'),
(2694, 'Szenta'),
(965, 'Szenta EV'),
(1248, 'Szentannapuszta'),
(1538, 'Szentbalzs'),
(1015, 'Szentdnes'),
(2807, 'Szentegt'),
(2586, 'Szentes'),
(1597, 'Szentetornya'),
(1712, 'Szentgl'),
(2527, 'Szentgotthrd'),
(1665, 'Szentivn'),
(672, 'Szentkirly'),
(252, 'Szentkirlyszabadja'),
(1375, 'Szentkozma'),
(2480, 'Szentlszl'),
(2796, 'Szentlszl GV'),
(839, 'Szentlrnt'),
(2516, 'Szentlrinc'),
(791, 'Szentmrtonkta');
INSERT INTO `stops` (`id`, `name`) VALUES
(741, 'Szentmrtonpuszta'),
(862, 'Szentmihlytelek'),
(1921, 'Szentmihlytelek GV'),
(197, 'Szepes'),
(1073, 'Szepeshalom'),
(1355, 'Szepezdfrd'),
(1998, 'Szphalom-Hosszlz'),
(2388, 'Szpjuhszn'),
(2733, 'Szepsi'),
(1199, 'Szerecseny'),
(2085, 'Szerencs'),
(300, 'Szerep'),
(1874, 'Szigetvr'),
(1385, 'Szihalom'),
(2509, 'Szikncs'),
(887, 'Szikra'),
(204, 'Sziksz'),
(342, 'Sziksz-Vsrtr'),
(511, 'Szil-Sopronnmeti'),
(1029, 'Szilas'),
(2019, 'Szilfs'),
(852, 'Szilsrkny'),
(650, 'Szilvsvrad'),
(2112, 'Szilvsvrad-Szalajkavlgy'),
(1948, 'Szirmabeseny'),
(1467, 'Szob'),
(640, 'Szob als'),
(2218, 'Szob kisvast'),
(1404, 'Szd-Szdliget'),
(669, 'Szgihegy'),
(2644, 'Szkd'),
(1460, 'Szkehalom'),
(2651, 'Szokolya'),
(2565, 'Szokolya-Mnyoki'),
(690, 'Szokolya-Riezner'),
(2581, 'Szllsi tanyk'),
(2362, 'Szllspuszta'),
(927, 'Szolnok'),
(1266, 'Szolnok-Alcsi rgi'),
(687, 'Szlsnyaral'),
(926, 'Szlsnyaral rgi'),
(985, 'Szombathely'),
(856, 'Szombathely-Rendez'),
(29, 'Szombathely-Repltr'),
(2472, 'Szombathely-Szls'),
(589, 'Szny'),
(273, 'Szny-Dli'),
(2647, 'Szophomok'),
(1653, 'Szreg'),
(483, 'Szreg-jtelep'),
(99, 'Szrny'),
(1142, 'Szorgalmatos'),
(1635, 'Szgy'),
(1892, 'Szuhakll-Mcsony'),
(758, 'Szulimn'),
(937, 'Szulok'),
(2069, 'Szunyogvr'),
(1119, 'Szurdokpspki'),
(230, 'Tab'),
(1397, 'Tabdi'),
(1151, 'Tborfalva'),
(2345, 'Tc'),
(1233, 'Taj'),
(174, 'Taksalpa'),
(708, 'Taksony'),
(1743, 'Taktaharkny'),
(896, 'Taktaharkny fels'),
(421, 'Taktaszada'),
(102, 'Talin t'),
(199, 'Tllya'),
(1926, 'Tamsi'),
(2364, 'Tamsipuszta'),
(181, 'Tanakajd'),
(2178, 'Tncsicstelep'),
(2263, 'Tpigyrgye'),
(1469, 'Tpimajor'),
(1185, 'Tpiszecs'),
(1638, 'Tpiszele'),
(1485, 'Tpiszentmrton'),
(2570, 'Tplnszentkereszt als'),
(2661, 'Tplnszentkereszt fels'),
(630, 'Tapolca'),
(396, 'Tpszentmikls'),
(2052, 'Tar'),
(916, 'Tarcal'),
(18, 'Tarcsafrd'),
(1673, 'Tardosi kbnyk'),
(637, 'Tarhos'),
(2404, 'Tarjni t'),
(803, 'Tarjnpuszta'),
(2184, 'Trkny-Csp'),
(769, 'Tarnars'),
(1337, 'Tarnaszentmikls'),
(2258, 'Tarnaszentmikls kzsg'),
(1283, 'Tarnaszentmikls Plyi t'),
(411, 'Tarnaszentmikls jtelep'),
(574, 'Trnok'),
(2770, 'Tska'),
(597, 'Tskai elgazs'),
(947, 'Taszr'),
(671, 'Tt'),
(2688, 'Tt rgi'),
(756, 'Tata'),
(2206, 'Tatabnya'),
(2254, 'Tatrk'),
(1048, 'Tatrsnci iskola'),
(1612, 'Tatrvr'),
(2233, 'Tedej'),
(3043, 'Tgls'),
(2209, 'Teklafalu'),
(1106, 'Telbisztanya'),
(1762, 'Telekfld'),
(2093, 'Telekgerends'),
(2040, 'Templom'),
(2381, 'Tengelic'),
(256, 'Tenyszlls'),
(2577, 'Terecsenypuszta'),
(754, 'Terehegy'),
(1759, 'Terzhalom'),
(1559, 'Ttnyliget'),
(648, 'Tiborszlls'),
(2432, 'Tiszaalpr'),
(2592, 'Tiszaalpr als'),
(537, 'Tiszaalpr fels'),
(1211, 'Tiszabercel'),
(2530, 'Tiszabercel-Vsrtr'),
(1723, 'Tiszabezdd'),
(2517, 'Tiszab szigori'),
(2806, 'Tiszab termnyraktr'),
(1603, 'Tiszacsege'),
(2433, 'Tiszacsermely'),
(807, 'Tiszadada'),
(1014, 'Tiszadob'),
(1775, 'Tiszaeszlr'),
(1148, 'Tiszafldvr'),
(1454, 'Tiszafred'),
(259, 'Tiszafred-Gyrtelep'),
(1327, 'Tiszahdf'),
(229, 'Tiszai t'),
(129, 'Tiszajen als'),
(1403, 'Tiszajen-Vezseny'),
(2777, 'Tiszajen-Vezseny KCK'),
(1947, 'Tiszakard'),
(2466, 'Tiszakard hatrszl'),
(2423, 'Tiszakard megll'),
(1087, 'Tiszakcske'),
(883, 'Tiszalk'),
(1153, 'Tiszalki Vzmvek'),
(1036, 'Tiszalc'),
(267, 'Tiszanagyfalu'),
(1875, 'Tiszapalkonya-Erm'),
(660, 'Tiszasas'),
(120, 'Tiszaszablyoz Trsulat'),
(858, 'Tiszaszentimre'),
(1412, 'Tiszaszentmrton'),
(1378, 'Tiszaszls'),
(581, 'Tiszatelek'),
(1911, 'Tiszateny'),
(2598, 'Tiszaug'),
(2648, 'Tiszaug-Tiszahdf'),
(633, 'Tiszajvros'),
(2373, 'Tiszavrkony'),
(1097, 'Tiszavasvri'),
(2714, 'Tisztavz'),
(948, 'Tizesbrc'),
(2314, 'Toboliu'),
(1907, 'Tcvlgy'),
(842, 'Tfrd'),
(666, 'Tht'),
(1291, 'Tokaj'),
(2099, 'Tokod'),
(1853, 'Tokod fels'),
(2159, 'Tokorcs forgalmi kitr'),
(1554, 'Tolmcs'),
(489, 'Tolna-Mzs'),
(945, 'Tolnanmedi'),
(853, 'Tompa'),
(2467, 'Tompapuszta'),
(1826, 'Toponr'),
(1540, 'Toponri t'),
(1997, 'Toppancshd'),
(1188, 'Tordac'),
(444, 'Tormsliget'),
(691, 'Torna'),
(149, 'Tornandaska'),
(371, 'Tornyai t'),
(2124, 'Tornyosnmeti'),
(1684, 'Tornyosplca'),
(1624, 'Trkblint'),
(827, 'Trkr'),
(2171, 'Trkfi'),
(2588, 'Trkfi-Fels'),
(3020, 'Trkszentmikls'),
(600, 'Torony'),
(2073, 'Trsznek'),
(253, 'Trtel'),
(63, 'Trtel megll'),
(1581, 'Trvnyszk'),
(848, 'Tserd'),
(1596, 'Tsokbernd'),
(404, 'Tszeg'),
(2696, 'Tth tanya'),
(49, 'Ttkomls'),
(755, 'Ttkomls Templom tr'),
(1746, 'Ttkomls vsrtr'),
(2451, 'Ttkomlsi tanyk'),
(1410, 'Tvroskert'),
(825, 'Tviskes'),
(2793, 'Tzeggyr'),
(1545, 'Tunyogmatolcs'),
(543, 'Tunyogmatolcs als'),
(623, 'Tura'),
(385, 'Turbk-Trksr'),
(3024, 'Turgony'),
(2705, 'Turgony GV'),
(959, 'Turistahz'),
(1363, 'Trje'),
(676, 'Trkeve'),
(2090, 'Tskepuszta'),
(13, 'Tskeszentpter'),
(1580, 'Tskevr'),
(1695, 'Tzp'),
(2164, 'Tuzsr'),
(1536, 'Tykfarm'),
(1160, 'Ugod'),
(602, 'Ugyer'),
(1585, 'jbg'),
(587, 'jdisgyr Vasgyr'),
(2580, 'jdombrd'),
(3045, 'jfehrt'),
(790, 'jharangod'),
(692, 'jireg'),
(1878, 'jistll puszta'),
(872, 'jkenz'),
(2259, 'jkr'),
(653, 'jkgys'),
(2429, 'Ujkitr'),
(389, 'jktaj'),
(2698, 'jmezhegyes'),
(1786, 'jpalota (Palota)'),
(1739, 'jpest'),
(1666, 'jszsz'),
(2742, 'jszeged'),
(386, 'jszentmargita'),
(1147, 'jszreg'),
(2220, 'jtelep (Iregszemcse)'),
(97, 'jtelep (Szeghalom)'),
(1901, 'jtelep-kitr'),
(1505, 'jtikos'),
(967, 'judvar'),
(1611, 'jvros'),
(1331, 'jvros mh.'),
(689, 'jvenyim'),
(2415, 'jvilg'),
(930, 'Ukk'),
(3004, 'll'),
(238, 'Unghvry pince'),
(1270, 'rgeht'),
(1867, 'rihegy'),
(362, 'rmsht'),
(1700, 'rm'),
(1425, 'Urrt elgazs'),
(1370, 'Uzovicstelep'),
(381, 'Uzsa'),
(2322, 'Uzsabnya als'),
(1969, 'Vc'),
(408, 'Vc-Alsvros'),
(1726, 'Vchartyn'),
(877, 'Vckisjfalu'),
(1682, 'Vcrtt'),
(863, 'Vadasmajor'),
(881, 'Vadaspark'),
(815, 'Vadsz'),
(1508, 'Vadszlak'),
(2370, 'Vadna'),
(1290, 'Vg'),
(817, 'Vaja-Rohod'),
(272, 'Vajht'),
(1066, 'Vajszl'),
(768, 'Vajszli tglagyr'),
(2638, 'Vajta'),
(1860, 'Valla'),
(796, 'Vmoscsald'),
(303, 'Vmosgyrk'),
(928, 'Vmosprcs'),
(2418, 'Vralja'),
(2012, 'Vrda'),
(1744, 'Vrfok'),
(401, 'Vrhegy'),
(1671, 'Vrhegyalja'),
(2063, 'Vrkonyi szlk'),
(750, 'Vrosfld'),
(1949, 'Vrosi kert'),
(2487, 'Vrosi park'),
(561, 'Vrosligeti elgazs'),
(592, 'Vrosld'),
(2671, 'Vrosld-Kisld'),
(2525, 'Vrpalota'),
(2442, 'Vasalja'),
(1074, 'Vsrhelyi hatr'),
(1301, 'Vsrosdomb'),
(1918, 'Vsrosmiske'),
(1278, 'Vsrosnamny'),
(1938, 'Vsrosnamny kls'),
(2239, 'Vasas-Hird'),
(1354, 'Vasegerszeg'),
(62, 'Vashosszfalu'),
(541, 'Vaskt'),
(104, 'Vasszcseny'),
(2403, 'Vastmzeum'),
(289, 'Vasvr'),
(1968, 'Vasvrsvr'),
(558, 'Vaszar'),
(3002, 'Vecss'),
(3003, 'Vecss-Kertekalja'),
(1208, 'Vdeny'),
(1025, 'Vgard'),
(847, 'Vgegyhza'),
(1335, 'Vgegyhza als'),
(2496, 'Vejke'),
(1220, 'Velence'),
(1227, 'Velencefrd'),
(2320, 'Vmnd'),
(2202, 'Vp'),
(2062, 'Vereb'),
(553, 'Veres major'),
(1228, 'Veresegyhz'),
(1823, 'Verce'),
(50, 'Vrtesacsa'),
(1912, 'Vrtesboglr'),
(160, 'Vrtesszls'),
(3034, 'Vrvlgy'),
(1531, 'Veszkny'),
(1005, 'Veszprm'),
(1699, 'Veszprm ipartelepek'),
(2104, 'Veszprm rgi'),
(780, 'Veszprmvarsny'),
(2599, 'Vszt'),
(467, 'Vszt kls'),
(2336, 'Vszt piactr'),
(1017, 'Vszt vsrtr'),
(500, 'Vszti tanyk'),
(2376, 'Vets'),
(1696, 'Vica'),
(2272, 'Viczintelep'),
(1487, 'Vilgoshegy'),
(126, 'Vilgospuszta'),
(606, 'Vilgospuszta GV'),
(931, 'Villny'),
(2610, 'Villnykvesd'),
(2678, 'Vilmamajor'),
(893, 'Vilmaszlls'),
(1512, 'Vilmatanya'),
(2814, 'Vilmos major'),
(1215, 'Vilmosmajor elgazs'),
(2095, 'Vilonya-Kirlyszentistvn'),
(2669, 'Vily-Vitny'),
(449, 'Vilyi puszta'),
(1189, 'Vinr'),
(2176, 'Vinye'),
(1383, 'Virgvlgy'),
(1774, 'Virnyos'),
(420, 'Viss'),
(194, 'Vitzipuszta'),
(986, 'Vitka'),
(626, 'Vitnyd-Csermajor'),
(2783, 'Vizesfs'),
(1333, 'Vizesgyn rgi'),
(2456, 'Vizi'),
(2413, 'Vzjrs'),
(1398, 'Vznyom'),
(2659, 'Vizslak'),
(583, 'Vizsls'),
(2642, 'Vzvr'),
(1288, 'Vokny'),
(461, 'Vnck'),
(1022, 'Vonyarcvashegy'),
(1321, 'Vrsberny-Budatava'),
(2629, 'Vrscsillag tsz. elgazs'),
(2778, 'Vrsegyhza GV'),
(999, 'Vrsmart'),
(1167, 'Vrs'),
(608, 'Vulkapordny'),
(2715, 'Welgersdorf'),
(2420, 'Zdor'),
(231, 'Zagyvaplfalva'),
(110, 'Zagyvarkas'),
(1221, 'Zhony'),
(2226, 'Zajda-Doboskert'),
(1639, 'Zajta'),
(1544, 'Zkny'),
(2251, 'Zkny iskola'),
(1053, 'Zknyszk'),
(1466, 'Zknyszk als'),
(746, 'Zalaapti'),
(2225, 'Zalabr'),
(2531, 'Zalabr-Batyk'),
(1546, 'Zalacsny'),
(774, 'Zalacsb-Salomvr'),
(1232, 'Zalaegerszeg'),
(2636, 'Zalaegerszeg-Ola'),
(388, 'Zalaegerszeg-Ola rgi'),
(1121, 'Zalagymr'),
(1093, 'Zalahshgy-Szce'),
(840, 'Zalahosszfalu'),
(1644, 'Zalakomr'),
(378, 'Zalalv'),
(2416, 'Zalapataka'),
(138, 'Zalapatakalja'),
(2461, 'Zalaszentgrt'),
(1881, 'Zalaszentgyrgy'),
(1753, 'Zalaszentivn'),
(2445, 'Zalaszentivn-Kisfaludpuszta'),
(1365, 'Zalaszentjakab'),
(2554, 'Zalaszentlszl'),
(865, 'Zalaszentlrinc'),
(414, 'Zalaszentmihly-Pacsa'),
(1629, 'Zalaudvarnok'),
(189, 'Zalavg'),
(2357, 'Zamrdi'),
(1841, 'Zamrdi fels'),
(1683, 'Znka-Erzsbettbor'),
(835, 'Znka-Kveskl'),
(2170, 'Zarany puszta'),
(407, 'Zebegny'),
(1574, 'Zelemr'),
(2207, 'Zemanek'),
(2028, 'Zemplnagrd'),
(15, 'Zichyjfalu'),
(1109, 'Ziliz'),
(1461, 'Zirc'),
(767, 'Zldhalom'),
(439, 'Zldmajori elgazs'),
(2835, 'Zombor'),
(2590, 'Zrnyitelep'),
(681, 'Zsdeny mh.'),
(2702, 'Zsdeny-Rzsamajor'),
(182, 'Zsujta'),
(59, 'Zugl'),
(2603, 'Zurny');

-- --------------------------------------------------------

--
-- Table structure for table `users`
--

CREATE TABLE `users` (
  `username` varchar(255) NOT NULL COMMENT 'Username',
  `email` varchar(255) NOT NULL COMMENT 'Email',
  `password` varchar(255) NOT NULL COMMENT 'Password',
  `firstname` varchar(255) NOT NULL COMMENT 'First name',
  `surname` varchar(255) NOT NULL COMMENT 'Surname',
  `is_admin` tinyint(1) NOT NULL DEFAULT '0' COMMENT 'If user is admin, value is 1, else it''s 0 (default is 0)',
  `registration_date` datetime NOT NULL DEFAULT CURRENT_TIMESTAMP COMMENT 'Date and time when the user registered (auto generated)'
) ENGINE=InnoDB DEFAULT CHARSET=utf8mb4 COLLATE=utf8mb4_0900_ai_ci;

--
-- Dumping data for table `users`
--

INSERT INTO `users` (`username`, `email`, `password`, `firstname`, `surname`, `is_admin`, `registration_date`) VALUES
('alex_jackson', 'alex.jackson@example.org', 'securePwd789', 'Alex', 'Jackson', 0, '2023-07-10 00:00:00'),
('alex_wilson', 'alex.wilson@mailservice.net', 'secureAlex456', 'Alex', 'Wilson', 0, '2024-07-10 00:00:00'),
('alice_smith', 'alice.smith@emailprovider.com', 'securePwd42', 'Alice', 'Smith', 0, '2023-02-20 00:00:00'),
('ava_anderson', 'ava.anderson@emailprovider.net', 'avaAnderson123', 'Ava', 'Anderson', 0, '2025-06-05 00:00:00'),
('ava_brown', 'ava.brown@emailprovider.org', 'brownPass', 'Ava', 'Brown', 0, '2023-10-25 00:00:00'),
('ava_taylor', 'ava.taylor@emailhost.com', 'taylorPwd123', 'Ava', 'Taylor', 0, '2024-06-05 00:00:00'),
('charlotte_davis', 'charlotte.davis@emailhost.com', 'davisPwd1234', 'Charlotte', 'Davis', 0, '2025-08-15 00:00:00'),
('david_wilson', 'davidwilson@example.net', 'p@ss123word', 'David', 'Wilson', 0, '2023-05-12 00:00:00'),
('emily_martinez', 'emily.martinez@emailhost.com', 'securePass!23', 'Emily', 'Martinez', 0, '2024-01-10 00:00:00'),
('emma_jones', 'emma.jones@mailprovider.org', 'secretPass456', 'Emma', 'Jones', 0, '2023-06-20 00:00:00'),
('emma_rodriguez', 'emma.rodriguez@mailservice.org', 'emmaPwd456', 'Emma', 'Rodriguez', 0, '2024-02-15 00:00:00'),
('emma_smith', 'emma.smith@mailservice.org', 'secureEmma!23', 'Emma', 'Smith', 0, '2025-04-25 00:00:00'),
('isabella_johnson', 'isabella.johnson@mailservice.net', 'secureIsabella', 'Isabella', 'Johnson', 0, '2024-11-30 00:00:00'),
('james_johnson', 'james.johnson@example.com', 'secure123Pass', 'James', 'Johnson', 0, '2023-11-30 00:00:00'),
('johndoe123', 'johndoe123@example.com', 'p@ssw0rd', 'John', 'Doe', 0, '2023-01-15 00:00:00'),
('liam_jackson', 'liam.jackson@mailservice.net', 'secureLiam789', 'Liam', 'Jackson', 0, '2025-09-20 00:00:00'),
('liam_thomas', 'liam.thomas@emailhost.com', 'thomas123Pwd', 'Liam', 'Thomas', 0, '2024-10-25 00:00:00'),
('lucas_martinez', 'lucas.martinez@example.com', 'secureLucas789', 'Lucas', 'Martinez', 0, '2024-03-20 00:00:00'),
('mason_martin', 'mason.martin@example.com', 'secureMason456', 'Mason', 'Martin', 0, '2025-05-30 00:00:00'),
('mia_martinez', 'mia.martinez@emailprovider.net', 'miaPass123', 'Mia', 'Martinez', 0, '2024-04-25 00:00:00'),
('mia_wilson', 'mia.wilson@emailhost.com', 'wilsonPass123', 'Mia', 'Wilson', 0, '2025-03-20 00:00:00'),
('michael_jones', 'michael.jones@example.org', 'secureMichael', 'Michael', 'Jones', 0, '2024-05-30 00:00:00'),
('noah_martin', 'noah.martin@emailprovider.org', 'martinPwd789', 'Noah', 'Martin', 0, '2024-12-05 00:00:00'),
('oliver_davis', 'oliver.davis@example.net', 'davisPwd123', 'Oliver', 'Davis', 0, '2023-12-05 00:00:00'),
('olivia_anderson', 'olivia.anderson@example.org', 'securePass456', 'Olivia', 'Anderson', 0, '2024-09-20 00:00:00'),
('olivia_davis', 'olivia.davis@emailhost.com', 'pass1234', 'Olivia', 'Davis', 0, '2023-08-15 00:00:00'),
('sarah_miller', 'sarah.miller@emailhosting.com', 'securePwd123', 'Sarah', 'Miller', 0, '2023-04-05 00:00:00'),
('sophia_davis', 'sophia.davis@example.com', 'sophia123Pass', 'Sophia', 'Davis', 0, '2024-08-15 00:00:00'),
('sophia_johnson', 'sophia.johnson@example.com', 'sophiaPass789', 'Sophia', 'Johnson', 0, '2025-10-25 00:00:00'),
('sophia_jones', 'sophia.jones@example.com', 'sophia1234Pass', 'Sophia', 'Jones', 0, '2025-01-10 00:00:00'),
('user007', 'user007@mailservice.org', 'secretPass!', 'James', 'Bond', 0, '2023-03-10 00:00:00'),
('william_hall', 'william.hall@example.org', 'secureWilliam', 'William', 'Hall', 0, '2025-07-10 00:00:00'),
('william_white', 'will.white@mailservice.net', 'securePass12', 'William', 'White', 0, '2023-09-20 00:00:00');

--
-- Indexes for dumped tables
--

--
-- Indexes for table `arriving`
--
ALTER TABLE `arriving`
  ADD PRIMARY KEY (`line_stop_id`,`arrival`);

--
-- Indexes for table `line_names`
--
ALTER TABLE `line_names`
  ADD PRIMARY KEY (`id`),
  ADD UNIQUE KEY `name` (`name`);

--
-- Indexes for table `line_stops`
--
ALTER TABLE `line_stops`
  ADD PRIMARY KEY (`id`);

--
-- Indexes for table `stops`
--
ALTER TABLE `stops`
  ADD PRIMARY KEY (`id`),
  ADD UNIQUE KEY `name` (`name`);

--
-- Indexes for table `users`
--
ALTER TABLE `users`
  ADD PRIMARY KEY (`username`);

--
-- AUTO_INCREMENT for dumped tables
--

--
-- AUTO_INCREMENT for table `line_names`
--
ALTER TABLE `line_names`
  MODIFY `id` int NOT NULL AUTO_INCREMENT COMMENT 'ID', AUTO_INCREMENT=232;

--
-- AUTO_INCREMENT for table `line_stops`
--
ALTER TABLE `line_stops`
  MODIFY `id` int NOT NULL AUTO_INCREMENT COMMENT 'ID (key)', AUTO_INCREMENT=6671;

--
-- AUTO_INCREMENT for table `stops`
--
ALTER TABLE `stops`
  MODIFY `id` int NOT NULL AUTO_INCREMENT COMMENT 'ID', AUTO_INCREMENT=3047;
COMMIT;

/*!40101 SET CHARACTER_SET_CLIENT=@OLD_CHARACTER_SET_CLIENT */;
/*!40101 SET CHARACTER_SET_RESULTS=@OLD_CHARACTER_SET_RESULTS */;
/*!40101 SET COLLATION_CONNECTION=@OLD_COLLATION_CONNECTION */;
