-- phpMyAdmin SQL Dump
-- version 5.2.1
-- https://www.phpmyadmin.net/
--
-- Host: mysql
-- Generation Time: Nov 03, 2023 at 02:41 PM
-- Server version: 8.2.0
-- PHP Version: 8.2.12

SET SQL_MODE = "NO_AUTO_VALUE_ON_ZERO";
START TRANSACTION;
SET time_zone = "+00:00";


/*!40101 SET @OLD_CHARACTER_SET_CLIENT=@@CHARACTER_SET_CLIENT */;
/*!40101 SET @OLD_CHARACTER_SET_RESULTS=@@CHARACTER_SET_RESULTS */;
/*!40101 SET @OLD_COLLATION_CONNECTION=@@COLLATION_CONNECTION */;
/*!40101 SET NAMES utf8mb4 */;

--
-- Database: `vonat`
--
CREATE DATABASE IF NOT EXISTS `vonat` DEFAULT CHARACTER SET utf8mb4 COLLATE utf8mb4_0900_ai_ci;
USE `vonat`;

-- --------------------------------------------------------

--
-- Table structure for table `arriving`
--

CREATE TABLE `arriving` (
  `line_stop_id` int NOT NULL COMMENT 'Line stop ID',
  `arrival` time NOT NULL COMMENT 'Time of arrival',
  `day` int NOT NULL COMMENT 'Day of arrival (Monday = 1)'
) ENGINE=InnoDB DEFAULT CHARSET=utf8mb4 COLLATE=utf8mb4_0900_ai_ci;

-- --------------------------------------------------------

--
-- Table structure for table `leaving`
--

CREATE TABLE `leaving` (
  `line_stop_id` int NOT NULL COMMENT 'Line stop ID',
  `departure` time NOT NULL COMMENT 'Time of departure',
  `day` int NOT NULL COMMENT 'Day of departure (Monday = 1)'
) ENGINE=InnoDB DEFAULT CHARSET=utf8mb4 COLLATE=utf8mb4_0900_ai_ci;

-- --------------------------------------------------------

--
-- Table structure for table `line_names`
--

CREATE TABLE `line_names` (
  `id` int NOT NULL COMMENT 'ID',
  `name` varchar(255) CHARACTER SET utf8mb4 COLLATE utf8mb4_0900_ai_ci NOT NULL COMMENT 'Line name (unique)'
) ENGINE=InnoDB DEFAULT CHARSET=utf8mb4 COLLATE=utf8mb4_0900_ai_ci;

--
-- Dumping data for table `line_names`
--

INSERT INTO `line_names` (`id`, `name`) VALUES
(3, '1'),
(10, '10'),
(60, '100'),
(41, '100b'),
(36, '100c'),
(42, '101'),
(195, '102'),
(87, '103'),
(11, '105'),
(158, '106'),
(61, '107'),
(65, '108'),
(218, '109'),
(208, '11'),
(161, '110'),
(22, '111'),
(7, '112'),
(94, '113'),
(38, '114'),
(171, '115'),
(188, '116'),
(179, '117'),
(111, '12'),
(180, '120'),
(147, '121'),
(210, '125'),
(176, '125a'),
(221, '126'),
(58, '127'),
(227, '128'),
(162, '13'),
(192, '130'),
(63, '135'),
(196, '136'),
(112, '14'),
(86, '140'),
(66, '142'),
(177, '145'),
(16, '146'),
(150, '147'),
(160, '15'),
(201, '150'),
(185, '151'),
(89, '152'),
(184, '153'),
(53, '154'),
(178, '155'),
(217, '16'),
(163, '17'),
(39, '18'),
(145, '2'),
(47, '20'),
(202, '21'),
(146, '22'),
(71, '24'),
(19, '25'),
(134, '26'),
(225, '27'),
(103, '29'),
(124, '30'),
(164, '304'),
(130, '305'),
(135, '307'),
(175, '308'),
(6, '308a'),
(95, '30b'),
(102, '310'),
(211, '311'),
(110, '313'),
(118, '317'),
(77, '317a'),
(167, '317b'),
(140, '318'),
(93, '318a'),
(83, '319'),
(1, '321'),
(98, '323'),
(133, '324'),
(115, '325'),
(125, '330'),
(50, '331'),
(230, '331a'),
(26, '331b'),
(181, '332'),
(34, '333'),
(80, '339'),
(43, '339a'),
(199, '339b'),
(90, '348'),
(32, '349'),
(126, '35'),
(4, '36'),
(129, '37'),
(193, '38'),
(101, '4'),
(52, '40'),
(44, '401'),
(59, '402'),
(159, '406'),
(14, '408'),
(142, '41'),
(149, '410'),
(197, '412'),
(212, '414'),
(155, '414a'),
(35, '418'),
(67, '419'),
(27, '42'),
(131, '420'),
(15, '420a'),
(40, '421'),
(68, '422'),
(8, '424'),
(51, '424a'),
(104, '43'),
(74, '433'),
(148, '434'),
(56, '436'),
(116, '437'),
(194, '437a'),
(122, '44'),
(203, '45'),
(57, '450a'),
(209, '450b'),
(81, '451'),
(165, '452'),
(18, '453'),
(119, '455'),
(231, '455a'),
(216, '456'),
(70, '458'),
(172, '458a'),
(187, '458c'),
(105, '459'),
(138, '46'),
(72, '460'),
(108, '462'),
(214, '464'),
(127, '465'),
(190, '47'),
(5, '470'),
(20, '48'),
(157, '480'),
(139, '481'),
(28, '481a'),
(226, '482'),
(106, '482a'),
(21, '483'),
(73, '484'),
(228, '486'),
(100, '486a'),
(9, '488'),
(48, '488a'),
(79, '488b'),
(37, '488c'),
(30, '49'),
(173, '490'),
(151, '491'),
(174, '492'),
(189, '498'),
(182, '5'),
(223, '50'),
(69, '60'),
(166, '61'),
(136, '62'),
(49, '64'),
(144, '65'),
(168, '66'),
(23, '70'),
(128, '71'),
(215, '75'),
(75, '76'),
(204, '77'),
(113, '78'),
(143, '8'),
(25, '80'),
(186, '81'),
(205, '82'),
(222, '83'),
(120, '85'),
(137, '86'),
(121, '87'),
(200, '87a'),
(88, '88'),
(198, '89'),
(99, '9'),
(219, '90'),
(191, '903'),
(114, '905'),
(169, '906'),
(152, '911'),
(78, '914'),
(117, '916'),
(224, '917'),
(29, '918'),
(2, '919'),
(85, '92'),
(153, '921'),
(170, '921a'),
(206, '922'),
(91, '923'),
(62, '924'),
(55, '927'),
(109, '928'),
(141, '929'),
(97, '934'),
(64, '934a'),
(154, '935a'),
(17, '94'),
(213, '943'),
(76, '944'),
(82, '945'),
(207, '948'),
(156, '95'),
(54, '953'),
(123, '954'),
(13, '956'),
(84, '958'),
(12, '961a'),
(107, '962'),
(220, '963'),
(92, '963a'),
(45, '966'),
(31, '967'),
(46, '968'),
(229, '969'),
(132, '972'),
(33, '974'),
(183, '976'),
(24, '977'),
(96, '98');

-- --------------------------------------------------------

--
-- Table structure for table `line_stops`
--

CREATE TABLE `line_stops` (
  `id` int NOT NULL COMMENT 'ID (key)',
  `line` varchar(255) NOT NULL COMMENT 'Line name',
  `stop` varchar(255) NOT NULL COMMENT 'Stop name',
  `stop_number` int NOT NULL COMMENT 'The number of the stop on the line (starts at 1)'
) ENGINE=InnoDB DEFAULT CHARSET=utf8mb4 COLLATE=utf8mb4_0900_ai_ci;

--
-- Dumping data for table `line_stops`
--

INSERT INTO `line_stops` (`id`, `line`, `stop`, `stop_number`) VALUES
(1, '30', '891', 1),
(2, '30', '892', 2),
(3, '30', '572', 3),
(4, '30', '1993', 4),
(5, '30', '1686', 5),
(6, '30', '1797', 6),
(7, '30', '1560', 7),
(8, '30', '303', 8),
(9, '30', '575', 9),
(10, '30', '1642', 10),
(11, '30', '2356', 11),
(12, '30', '280', 12),
(13, '30', '391', 13),
(14, '30', '1221', 14),
(15, '30', '1228', 15),
(16, '30', '2341', 16),
(17, '30', '1077', 17),
(18, '30', '2317', 18),
(19, '30', '2506', 19),
(20, '30', '2494', 20),
(21, '30', '1778', 21),
(22, '30', '1964', 22),
(23, '30', '1828', 23),
(24, '30', '1417', 24),
(25, '30', '655', 25),
(26, '30', '922', 26),
(27, '30', '1651', 27),
(28, '30', '732', 28),
(29, '30', '595', 29),
(30, '30', '1658', 30),
(31, '30', '1909', 31),
(32, '30', '941', 32),
(33, '30', '1862', 33),
(34, '30', '1552', 34),
(35, '30', '1610', 35),
(36, '30', '1842', 36),
(37, '30', '2358', 37),
(38, '30', '1808', 38),
(39, '30', '2322', 39),
(40, '30', '695', 40),
(41, '30', '694', 41),
(42, '30', '2478', 42),
(43, '30', '1057', 43),
(44, '30', '876', 44),
(45, '30', '2635', 45),
(46, '30', '999', 46),
(47, '30', '1118', 47),
(48, '30', '2042', 48),
(49, '30', '1563', 49),
(50, '30', '2376', 50),
(51, '30', '474', 51),
(52, '30', '407', 52),
(53, '30', '201', 53),
(54, '30', '2247', 54),
(55, '30', '116', 55),
(56, '30', '1502', 56),
(57, '30', '1618', 57),
(58, '30', '247', 58),
(59, '30', '1168', 59),
(60, '30', '1451', 60),
(61, '30', '1866', 61),
(62, '30', '1645', 62),
(63, '30', '1366', 63),
(64, '30', '1886', 64),
(65, '30', '181', 65),
(66, '450a', '1940', 1),
(67, '450a', '614', 2),
(68, '450a', '2242', 3),
(69, '450a', '1556', 4),
(70, '450a', '316', 5),
(71, '450a', '2149', 6),
(72, '450a', '557', 7),
(73, '450a', '2793', 8),
(74, '304', '1811', 1),
(75, '304', '1273', 2),
(76, '304', '2638', 3),
(77, '304', '1384', 4),
(78, '304', '1720', 5),
(79, '304', '882', 6),
(80, '304', '2389', 7),
(81, '304', '1710', 8),
(82, '304', '2749', 9),
(83, '305', '2586', 1),
(84, '305', '1852', 2),
(85, '305', '203', 3),
(86, '305', '2227', 4),
(87, '305', '504', 5),
(88, '305', '1440', 6),
(89, '305', '1687', 7),
(90, '305', '453', 8),
(91, '305', '228', 9),
(92, '305', '2162', 10),
(93, '305', '2596', 11),
(94, '305', '2074', 12),
(95, '305', '2204', 13),
(96, '305', '1632', 14),
(97, '305', '1399', 15),
(98, '305', '579', 16),
(99, '305', '258', 17),
(100, '305', '306', 18),
(101, '305', '2750', 19),
(102, '142', '562', 1),
(103, '142', '1894', 2),
(104, '142', '59', 3),
(105, '142', '752', 4),
(106, '142', '252', 5),
(107, '142', '994', 6),
(108, '142', '1121', 7),
(109, '142', '2702', 8),
(110, '142', '1536', 9),
(111, '142', '1255', 10),
(112, '142', '2109', 11),
(113, '142', '2392', 12),
(114, '142', '1361', 13),
(115, '142', '2319', 14),
(116, '142', '2664', 15),
(117, '142', '919', 16),
(118, '142', '2285', 17),
(119, '142', '2148', 18),
(120, '142', '435', 19),
(121, '142', '1433', 20),
(122, '142', '275', 21),
(123, '142', '1152', 22),
(124, '142', '943', 23),
(125, '142', '2420', 24),
(126, '142', '2239', 25),
(127, '142', '1665', 26),
(128, '142', '1046', 27),
(129, '142', '1831', 28),
(130, '142', '2080', 29),
(131, '142', '1237', 30),
(132, '142', '300', 31),
(133, '142', '2653', 32),
(134, '142', '1868', 33),
(135, '142', '678', 34),
(136, '142', '2001', 35),
(137, '142', '662', 36),
(138, '142', '1331', 37),
(139, '142', '1281', 38),
(140, '142', '819', 39),
(141, '924', '2532', 1),
(142, '924', '13', 2),
(143, '924', '2462', 3),
(144, '924', '1630', 4),
(145, '924', '2555', 5),
(146, '924', '2572', 6),
(147, '924', '158', 7),
(148, '924', '1547', 8),
(149, '924', '2397', 9),
(150, '924', '841', 10),
(151, '924', '747', 11),
(152, '924', '721', 12),
(153, '924', '247', 13),
(154, '422', '1946', 1),
(155, '422', '1253', 2),
(156, '422', '1494', 3),
(157, '422', '793', 4),
(158, '422', '1648', 5),
(159, '422', '2187', 6),
(160, '422', '654', 7),
(161, '422', '720', 8),
(162, '422', '153', 9),
(163, '422', '1459', 10),
(164, '422', '2411', 11),
(165, '422', '467', 12),
(166, '422', '348', 13),
(167, '422', '1309', 14),
(168, '422', '2679', 15),
(169, '422', '1430', 16),
(170, '422', '548', 17),
(171, '422', '676', 18),
(172, '422', '1782', 19),
(173, '422', '2452', 20),
(174, '422', '1663', 21),
(175, '422', '1747', 22),
(176, '422', '756', 23),
(177, '422', '1007', 24),
(178, '422', '861', 25),
(179, '422', '506', 26),
(180, '422', '561', 27),
(181, '422', '2786', 28),
(182, '436', '433', 1),
(183, '436', '657', 2),
(184, '436', '163', 3),
(185, '436', '1616', 4),
(186, '436', '1304', 5),
(187, '436', '2233', 6),
(188, '436', '1843', 7),
(189, '436', '2648', 8),
(190, '436', '509', 9),
(191, '436', '2424', 10),
(192, '436', '1948', 11),
(193, '436', '663', 12),
(194, '436', '314', 13),
(195, '436', '2434', 14),
(196, '436', '2467', 15),
(197, '436', '1619', 16),
(198, '436', '481', 17),
(199, '436', '2293', 18),
(200, '436', '121', 19),
(201, '436', '952', 20),
(202, '436', '1438', 21),
(203, '436', '1087', 22),
(204, '436', '1392', 23),
(205, '436', '2029', 24),
(206, '436', '2466', 25),
(207, '436', '728', 26),
(208, '436', '2790', 27),
(209, '94', '2134', 1),
(210, '94', '430', 2),
(211, '94', '221', 3),
(212, '94', '1949', 4),
(213, '94', '73', 5),
(214, '94', '1837', 6),
(215, '94', '1136', 7),
(216, '94', '1397', 8),
(217, '94', '1110', 9),
(218, '94', '1068', 10),
(219, '94', '771', 11),
(220, '94', '2504', 12),
(221, '94', '1297', 13),
(222, '94', '564', 14),
(223, '94', '2348', 15),
(224, '94', '2529', 16),
(225, '94', '712', 17),
(226, '94', '597', 18),
(227, '94', '1515', 19),
(228, '94', '2658', 20),
(229, '94', '1826', 21),
(230, '94', '150', 22),
(231, '94', '1748', 23),
(232, '94', '692', 24),
(233, '94', '2119', 25),
(234, '94', '2734', 26),
(235, '71', '1894', 1),
(236, '71', '1429', 2),
(237, '71', '1480', 3),
(238, '71', '2058', 4),
(239, '71', '1569', 5),
(240, '71', '2224', 6),
(241, '71', '2710', 7),
(242, '71', '2033', 8),
(243, '71', '367', 9),
(244, '71', '993', 10),
(245, '71', '714', 11),
(246, '71', '1229', 12),
(247, '71', '1197', 13),
(248, '71', '2273', 14),
(249, '71', '974', 15),
(250, '71', '1369', 16),
(251, '71', '1727', 17),
(252, '71', '1683', 18),
(253, '71', '345', 19),
(254, '71', '1694', 20),
(255, '71', '2145', 21),
(256, '71', '409', 22),
(257, '71', '1970', 23),
(258, '80', '1743', 1),
(259, '80', '2694', 2),
(260, '80', '1528', 3),
(261, '80', '1181', 4),
(262, '80', '1211', 5),
(263, '80', '2062', 6),
(264, '80', '404', 7),
(265, '80', '2067', 8),
(266, '80', '1609', 9),
(267, '80', '686', 10),
(268, '80', '522', 11),
(269, '80', '136', 12),
(270, '80', '1274', 13),
(271, '80', '1162', 14),
(272, '80', '222', 15),
(273, '80', '1147', 16),
(274, '80', '148', 17),
(275, '80', '2686', 18),
(276, '80', '1851', 19),
(277, '80', '624', 20),
(278, '80', '1871', 21),
(279, '80', '1976', 22),
(280, '80', '1034', 23),
(281, '80', '304', 24),
(282, '80', '2012', 25),
(283, '80', '1408', 26),
(284, '80', '1540', 27),
(285, '80', '831', 28),
(286, '80', '2608', 29),
(287, '80', '2051', 30),
(288, '80', '1386', 31),
(289, '80', '1172', 32),
(290, '80', '1359', 33),
(291, '80', '2369', 34),
(292, '80', '1495', 35),
(293, '80', '1981', 36),
(294, '80', '137', 37),
(295, '80', '454', 38),
(296, '80', '696', 39),
(297, '80', '2489', 40),
(298, '80', '219', 41),
(299, '80', '2134', 42),
(300, '80', '2629', 43),
(301, '80', '1680', 44),
(302, '80', '1037', 45),
(303, '80', '1744', 46),
(304, '80', '422', 47),
(305, '80', '2086', 48),
(306, '80', '2034', 49),
(307, '80', '134', 50),
(308, '80', '1214', 51),
(309, '80', '2682', 52),
(310, '80', '1910', 53),
(311, '80', '621', 54),
(312, '80', '433', 55),
(313, '80', '2728', 56),
(314, '49', '383', 1),
(315, '49', '711', 2),
(316, '49', '1269', 3),
(317, '49', '954', 4),
(318, '49', '687', 5),
(319, '49', '1350', 6),
(320, '49', '1927', 7),
(321, '49', '520', 8),
(322, '49', '392', 9),
(323, '49', '1731', 10),
(324, '49', '666', 11),
(325, '49', '2471', 12),
(326, '49', '334', 13),
(327, '49', '315', 14),
(328, '49', '922', 15),
(329, '112', '2183', 1),
(330, '112', '2508', 2),
(331, '112', '1874', 3),
(332, '112', '997', 4),
(333, '112', '1126', 5),
(334, '112', '90', 6),
(335, '112', '1270', 7),
(336, '112', '737', 8),
(337, '109', '2677', 1),
(338, '109', '240', 2),
(339, '109', '2104', 3),
(340, '109', '1908', 4),
(341, '109', '338', 5),
(342, '109', '184', 6),
(343, '109', '1593', 7),
(344, '109', '1575', 8),
(345, '109', '2708', 9),
(346, '109', '1769', 10),
(347, '109', '2681', 11),
(348, '109', '265', 12),
(349, '109', '1774', 13),
(350, '109', '798', 14),
(351, '109', '2234', 15),
(352, '109', '1098', 16),
(353, '109', '416', 17),
(354, '109', '1143', 18),
(355, '109', '884', 19),
(356, '36', '179', 1),
(357, '36', '1283', 2),
(358, '36', '1941', 3),
(359, '36', '2013', 4),
(360, '36', '346', 5),
(361, '36', '352', 6),
(362, '36', '620', 7),
(363, '36', '2188', 8),
(364, '36', '1605', 9),
(365, '36', '1613', 10),
(366, '36', '719', 11),
(367, '36', '34', 12),
(368, '36', '2631', 13),
(369, '36', '2042', 14),
(370, '151', '327', 1),
(371, '151', '2657', 2),
(372, '151', '534', 3),
(373, '151', '1626', 4),
(374, '151', '909', 5),
(375, '151', '67', 6),
(376, '151', '856', 7),
(377, '151', '787', 8),
(378, '151', '444', 9),
(379, '151', '2747', 10),
(380, '945', '1339', 1),
(381, '945', '1647', 2),
(382, '945', '1608', 3),
(383, '945', '239', 4),
(384, '945', '725', 5),
(385, '945', '1332', 6),
(386, '945', '2394', 7),
(387, '945', '603', 8),
(388, '945', '1943', 9),
(389, '945', '768', 10),
(390, '945', '2181', 11),
(391, '945', '1343', 12),
(392, '945', '862', 13),
(393, '945', '2000', 14),
(394, '945', '2146', 15),
(395, '945', '924', 16),
(396, '945', '2640', 17),
(397, '945', '4', 18),
(398, '945', '2179', 19),
(399, '945', '2832', 20),
(400, '108', '2677', 1),
(401, '108', '240', 2),
(402, '108', '1051', 3),
(403, '108', '1908', 4),
(404, '108', '1360', 5),
(405, '108', '1895', 6),
(406, '108', '1819', 7),
(407, '108', '843', 8),
(408, '108', '1485', 9),
(409, '108', '1763', 10),
(410, '108', '1205', 11),
(411, '108', '628', 12),
(412, '108', '1065', 13),
(413, '108', '877', 14),
(414, '108', '57', 15),
(415, '108', '1551', 16),
(416, '108', '2291', 17),
(417, '108', '667', 18),
(418, '108', '1455', 19),
(419, '108', '2441', 20),
(420, '108', '552', 21),
(421, '108', '540', 22),
(422, '108', '1517', 23),
(423, '108', '2051', 24),
(424, '50', '383', 1),
(425, '50', '1492', 2),
(426, '50', '2663', 3),
(427, '50', '1514', 4),
(428, '50', '867', 5),
(429, '50', '1437', 6),
(430, '50', '2052', 7),
(431, '50', '85', 8),
(432, '50', '2419', 9),
(433, '50', '1230', 10),
(434, '50', '1498', 11),
(435, '50', '378', 12),
(436, '50', '1900', 13),
(437, '50', '2594', 14),
(438, '50', '2079', 15),
(439, '50', '902', 16),
(440, '125a', '2458', 1),
(441, '125a', '2336', 2),
(442, '125a', '40', 3),
(443, '125a', '2468', 4),
(444, '125a', '2536', 5),
(445, '125a', '2447', 6),
(446, '125a', '2744', 7),
(447, '318a', '2219', 1),
(448, '318a', '2161', 2),
(449, '318a', '812', 3),
(450, '318a', '207', 4),
(451, '318a', '1622', 5),
(452, '318a', '1550', 6),
(453, '318a', '1045', 7),
(454, '318a', '1454', 8),
(455, '318a', '1892', 9),
(456, '419', '2409', 1),
(457, '419', '488', 2),
(458, '419', '24', 3),
(459, '419', '510', 4),
(460, '419', '1337', 5),
(461, '419', '596', 6),
(462, '419', '245', 7),
(463, '419', '2388', 8),
(464, '419', '390', 9),
(465, '419', '1653', 10),
(466, '419', '881', 11),
(467, '419', '1770', 12),
(468, '419', '2021', 13),
(469, '419', '921', 14),
(470, '419', '830', 15),
(471, '419', '349', 16),
(472, '419', '2493', 17),
(473, '419', '1031', 18),
(474, '419', '2540', 19),
(475, '419', '2385', 20),
(476, '419', '1838', 21),
(477, '419', '1458', 22),
(478, '419', '582', 23),
(479, '419', '2581', 24),
(480, '419', '530', 25),
(481, '419', '2783', 26),
(482, '954', '179', 1),
(483, '954', '838', 2),
(484, '954', '2522', 3),
(485, '954', '1539', 4),
(486, '954', '1163', 5),
(487, '954', '2505', 6),
(488, '954', '990', 7),
(489, '954', '606', 8),
(490, '954', '46', 9),
(491, '954', '2578', 10),
(492, '954', '1589', 11),
(493, '954', '1579', 12),
(494, '954', '2481', 13),
(495, '954', '759', 14),
(496, '954', '494', 15),
(497, '954', '535', 16),
(498, '954', '386', 17),
(499, '954', '1875', 18),
(500, '130', '928', 1),
(501, '130', '2330', 2),
(502, '130', '257', 3),
(503, '130', '1912', 4),
(504, '130', '1271', 5),
(505, '130', '953', 6),
(506, '130', '465', 7),
(507, '130', '2284', 8),
(508, '130', '1149', 9),
(509, '130', '438', 10),
(510, '130', '675', 11),
(511, '130', '1407', 12),
(512, '130', '1330', 13),
(513, '130', '2700', 14),
(514, '130', '145', 15),
(515, '130', '464', 16),
(516, '130', '2305', 17),
(517, '130', '1128', 18),
(518, '130', '2587', 19),
(519, '130', '1305', 20),
(520, '130', '2361', 21),
(521, '130', '54', 22),
(522, '130', '805', 23),
(523, '130', '1444', 24),
(524, '130', '17', 25),
(525, '130', '230', 26),
(526, '130', '2405', 27),
(527, '130', '642', 28),
(528, '130', '2147', 29),
(529, '130', '1973', 30),
(530, '130', '1650', 31),
(531, '130', '817', 32),
(532, '130', '2510', 33),
(533, '130', '1109', 34),
(534, '130', '1285', 35),
(535, '130', '2243', 36),
(536, '130', '705', 37),
(537, '130', '671', 38),
(538, '92', '2134', 1),
(539, '92', '430', 2),
(540, '92', '221', 3),
(541, '92', '1949', 4),
(542, '92', '73', 5),
(543, '92', '1837', 6),
(544, '92', '1275', 7),
(545, '92', '1282', 8),
(546, '92', '223', 9),
(547, '92', '1193', 10),
(548, '92', '1614', 11),
(549, '92', '1177', 12),
(550, '92', '2371', 13),
(551, '92', '741', 14),
(552, '92', '599', 15),
(553, '92', '585', 16),
(554, '92', '1992', 17),
(555, '92', '739', 18),
(556, '92', '2455', 19),
(557, '92', '1425', 20),
(558, '92', '152', 21),
(559, '92', '339', 22),
(560, '92', '2733', 23),
(561, '77', '148', 1),
(562, '77', '88', 2),
(563, '77', '425', 3),
(564, '77', '1656', 4),
(565, '77', '878', 5),
(566, '77', '2106', 6),
(567, '77', '1683', 7),
(568, '919', '979', 1),
(569, '919', '462', 2),
(570, '919', '2081', 3),
(571, '919', '1635', 4),
(572, '919', '702', 5),
(573, '919', '1557', 6),
(574, '919', '319', 7),
(575, '919', '602', 8),
(576, '919', '1483', 9),
(577, '919', '166', 10),
(578, '919', '1040', 11),
(579, '919', '1449', 12),
(580, '919', '533', 13),
(581, '481a', '1875', 1),
(582, '481a', '956', 2),
(583, '481a', '1368', 3),
(584, '481a', '2428', 4),
(585, '481a', '1986', 5),
(586, '481a', '1634', 6),
(587, '481a', '2112', 7),
(588, '481a', '2809', 8),
(589, '106', '2677', 1),
(590, '106', '1901', 2),
(591, '106', '1074', 3),
(592, '106', '198', 4),
(593, '106', '1848', 5),
(594, '106', '718', 6),
(595, '106', '1141', 7),
(596, '106', '961', 8),
(597, '106', '1628', 9),
(598, '106', '344', 10),
(599, '106', '1277', 11),
(600, '106', '1660', 12),
(601, '106', '2606', 13),
(602, '106', '255', 14),
(603, '106', '2217', 15),
(604, '106', '1206', 16),
(605, '106', '192', 17),
(606, '106', '1240', 18),
(607, '106', '2737', 19),
(608, '113', '2183', 1),
(609, '113', '2508', 2),
(610, '113', '1690', 3),
(611, '113', '2014', 4),
(612, '113', '1562', 5),
(613, '113', '2559', 6),
(614, '113', '1383', 7),
(615, '113', '715', 8),
(616, '113', '189', 9),
(617, '113', '1561', 10),
(618, '113', '2027', 11),
(619, '113', '48', 12),
(620, '113', '9', 13),
(621, '113', '1546', 14),
(622, '113', '544', 15),
(623, '113', '2258', 16),
(624, '113', '2644', 17),
(625, '113', '1060', 18),
(626, '113', '33', 19),
(627, '113', '473', 20),
(628, '113', '850', 21),
(629, '113', '1013', 22),
(630, '113', '1640', 23),
(631, '113', '767', 24),
(632, '113', '1522', 25),
(633, '113', '2740', 26),
(634, '13', '2207', 1),
(635, '13', '1111', 2),
(636, '13', '423', 3),
(637, '13', '1670', 4),
(638, '13', '5', 5),
(639, '13', '2191', 6),
(640, '13', '1024', 7),
(641, '13', '1452', 8),
(642, '13', '1078', 9),
(643, '13', '341', 10),
(644, '13', '2156', 11),
(645, '13', '1896', 12),
(646, '13', '397', 13),
(647, '13', '518', 14),
(648, '13', '781', 15),
(649, '13', '1038', 16),
(650, '13', '1815', 17),
(651, '13', '1698', 18),
(652, '13', '2280', 19),
(653, '13', '270', 20),
(654, '13', '1161', 21),
(655, '13', '168', 22),
(656, '13', '1877', 23),
(657, '13', '1345', 24),
(658, '934a', '1326', 1),
(659, '934a', '37', 2),
(660, '934a', '2829', 3),
(661, '418', '2409', 1),
(662, '418', '488', 2),
(663, '418', '24', 3),
(664, '418', '510', 4),
(665, '418', '1337', 5),
(666, '418', '596', 6),
(667, '418', '245', 7),
(668, '418', '2388', 8),
(669, '418', '1653', 9),
(670, '418', '390', 10),
(671, '418', '881', 11),
(672, '418', '1770', 12),
(673, '418', '2021', 13),
(674, '418', '921', 14),
(675, '418', '830', 15),
(676, '418', '196', 16),
(677, '418', '2533', 17),
(678, '418', '1212', 18),
(679, '418', '2531', 19),
(680, '418', '2430', 20),
(681, '418', '1627', 21),
(682, '418', '2283', 22),
(683, '418', '2334', 23),
(684, '418', '164', 24),
(685, '418', '2782', 25),
(686, '456', '2536', 1),
(687, '456', '1032', 2),
(688, '456', '366', 3),
(689, '456', '1390', 4),
(690, '456', '372', 5),
(691, '456', '1865', 6),
(692, '456', '103', 7),
(693, '456', '554', 8),
(694, '456', '729', 9),
(695, '456', '1315', 10),
(696, '456', '698', 11),
(697, '456', '1210', 12),
(698, '456', '2184', 13),
(699, '456', '2378', 14),
(700, '456', '1671', 15),
(701, '456', '591', 16),
(702, '46', '185', 1),
(703, '46', '109', 2),
(704, '46', '1967', 3),
(705, '46', '1580', 4),
(706, '46', '2639', 5),
(707, '46', '749', 6),
(708, '46', '2372', 7),
(709, '46', '707', 8),
(710, '46', '1027', 9),
(711, '46', '2382', 10),
(712, '46', '2250', 11),
(713, '46', '1873', 12),
(714, '46', '490', 13),
(715, '46', '2153', 14),
(716, '46', '1832', 15),
(717, '46', '2476', 16),
(718, '46', '2440', 17),
(719, '46', '381', 18),
(720, '46', '902', 19),
(721, '410', '2360', 1),
(722, '410', '1825', 2),
(723, '410', '1329', 3),
(724, '410', '2107', 4),
(725, '410', '2460', 5),
(726, '410', '2282', 6),
(727, '410', '1475', 7),
(728, '410', '637', 8),
(729, '410', '2354', 9),
(730, '410', '1041', 10),
(731, '410', '63', 11),
(732, '410', '254', 12),
(733, '410', '238', 13),
(734, '410', '2414', 14),
(735, '410', '36', 15),
(736, '410', '2327', 16),
(737, '410', '1988', 17),
(738, '410', '2016', 18),
(739, '410', '513', 19),
(740, '410', '492', 20),
(741, '410', '704', 21),
(742, '410', '2066', 22),
(743, '410', '2064', 23),
(744, '410', '498', 24),
(745, '410', '2231', 25),
(746, '410', '2778', 26),
(747, '150', '1743', 1),
(748, '150', '1145', 2),
(749, '150', '448', 3),
(750, '150', '2714', 4),
(751, '150', '1759', 5),
(752, '150', '278', 6),
(753, '150', '1822', 7),
(754, '150', '709', 8),
(755, '150', '870', 9),
(756, '150', '1493', 10),
(757, '150', '373', 11),
(758, '150', '2634', 12),
(759, '150', '269', 13),
(760, '150', '327', 14),
(761, '150', '1047', 15),
(762, '150', '2711', 16),
(763, '150', '2314', 17),
(764, '150', '1878', 18),
(765, '150', '636', 19),
(766, '150', '1398', 20),
(767, '150', '1009', 21),
(768, '150', '124', 22),
(769, '150', '789', 23),
(770, '150', '2613', 24),
(771, '150', '155', 25),
(772, '150', '945', 26),
(773, '150', '8', 27),
(774, '150', '889', 28),
(775, '150', '854', 29),
(776, '150', '1803', 30),
(777, '150', '2746', 31),
(778, '424a', '2485', 1),
(779, '424a', '2010', 2),
(780, '424a', '975', 3),
(781, '424a', '44', 4),
(782, '424a', '2787', 5),
(783, '331', '2054', 1),
(784, '331', '1746', 2),
(785, '331', '2108', 3),
(786, '331', '2044', 4),
(787, '331', '1286', 5),
(788, '331', '75', 6),
(789, '331', '1351', 7),
(790, '331', '1280', 8),
(791, '331', '2003', 9),
(792, '331', '1951', 10),
(793, '331', '457', 11),
(794, '81', '1976', 1),
(795, '81', '1709', 2),
(796, '81', '1082', 3),
(797, '81', '2306', 4),
(798, '81', '925', 5),
(799, '81', '2143', 6),
(800, '81', '1120', 7),
(801, '81', '2275', 8),
(802, '81', '266', 9),
(803, '81', '2053', 10),
(804, '81', '1510', 11),
(805, '81', '1867', 12),
(806, '81', '76', 13),
(807, '81', '374', 14),
(808, '81', '584', 15),
(809, '81', '232', 16),
(810, '81', '2588', 17),
(811, '81', '1835', 18),
(812, '81', '1203', 19),
(813, '81', '1394', 20),
(814, '81', '727', 21),
(815, '81', '1535', 22),
(816, '81', '2729', 23),
(817, '482', '2032', 1),
(818, '482', '611', 2),
(819, '482', '963', 3),
(820, '482', '1021', 4),
(821, '482', '2706', 5),
(822, '482', '92', 6),
(823, '482', '1385', 7),
(824, '482', '272', 8),
(825, '482', '1695', 9),
(826, '482', '2432', 10),
(827, '482', '480', 11),
(828, '482', '799', 12),
(829, '482', '1537', 13),
(830, '482', '2199', 14),
(831, '482', '1063', 15),
(832, '482', '1839', 16),
(833, '482', '2630', 17),
(834, '482', '677', 18),
(835, '492', '1732', 1),
(836, '492', '2267', 2),
(837, '492', '1216', 3),
(838, '492', '2490', 4),
(839, '492', '2577', 5),
(840, '492', '2218', 6),
(841, '492', '2479', 7),
(842, '492', '1079', 8),
(843, '492', '1689', 9),
(844, '492', '1307', 10),
(845, '492', '1516', 11),
(846, '492', '299', 12),
(847, '492', '234', 13),
(848, '492', '591', 14),
(849, '492', '39', 15),
(850, '492', '477', 16),
(851, '492', '142', 17),
(852, '492', '1083', 18),
(853, '492', '330', 19),
(854, '492', '1106', 20),
(855, '492', '1218', 21),
(856, '492', '2530', 22),
(857, '8', '1728', 1),
(858, '8', '1320', 2),
(859, '8', '890', 3),
(860, '8', '995', 4),
(861, '8', '1855', 5),
(862, '8', '2402', 6),
(863, '8', '772', 7),
(864, '8', '2265', 8),
(865, '8', '570', 9),
(866, '8', '2073', 10),
(867, '8', '2303', 11),
(868, '8', '1532', 12),
(869, '8', '1940', 13),
(870, '8', '627', 14),
(871, '8', '1434', 15),
(872, '8', '180', 16),
(873, '8', '533', 17),
(874, '8', '2142', 18),
(875, '8', '955', 19),
(876, '8', '1042', 20),
(877, '8', '229', 21),
(878, '8', '1725', 22),
(879, '8', '722', 23),
(880, '8', '1984', 24),
(881, '8', '1164', 25),
(882, '8', '609', 26),
(883, '8', '1925', 27),
(884, '8', '1881', 28),
(885, '8', '2718', 29),
(886, '40', '891', 1),
(887, '40', '892', 2),
(888, '40', '1993', 3),
(889, '40', '735', 4),
(890, '40', '2342', 5),
(891, '40', '261', 6),
(892, '40', '2583', 7),
(893, '40', '28', 8),
(894, '40', '1559', 9),
(895, '40', '115', 10),
(896, '40', '1414', 11),
(897, '40', '1765', 12),
(898, '40', '2364', 13),
(899, '40', '2022', 14),
(900, '40', '2333', 15),
(901, '40', '2470', 16),
(902, '40', '527', 17),
(903, '40', '209', 18),
(904, '40', '1223', 19),
(905, '40', '185', 20),
(906, '40', '109', 21),
(907, '40', '1967', 22),
(908, '40', '2196', 23),
(909, '40', '1891', 24),
(910, '40', '946', 25),
(911, '40', '167', 26),
(912, '40', '795', 27),
(913, '40', '2666', 28),
(914, '40', '1372', 29),
(915, '40', '1295', 30),
(916, '40', '1312', 31),
(917, '40', '417', 32),
(918, '40', '2595', 33),
(919, '40', '355', 34),
(920, '40', '1096', 35),
(921, '40', '383', 36),
(922, '40', '1460', 37),
(923, '40', '1302', 38),
(924, '40', '2209', 39),
(925, '40', '879', 40),
(926, '40', '571', 41),
(927, '40', '443', 42),
(928, '40', '1062', 43),
(929, '40', '2331', 44),
(930, '40', '2251', 45),
(931, '40', '2517', 46),
(932, '40', '906', 47),
(933, '40', '2152', 48),
(934, '40', '2005', 49),
(935, '319', '2173', 1),
(936, '319', '2659', 2),
(937, '319', '740', 3),
(938, '319', '2055', 4),
(939, '319', '1773', 5),
(940, '319', '541', 6),
(941, '319', '2087', 7),
(942, '319', '2760', 8),
(943, '972', '1229', 1),
(944, '972', '1478', 2),
(945, '972', '35', 3),
(946, '972', '1348', 4),
(947, '972', '2006', 5),
(948, '972', '2060', 6),
(949, '972', '777', 7),
(950, '972', '136', 8),
(951, '87a', '2051', 1),
(952, '87a', '2609', 2),
(953, '87a', '1403', 3),
(954, '87a', '2627', 4),
(955, '87a', '1904', 5),
(956, '87a', '1318', 6),
(957, '87a', '723', 7),
(958, '62', '2632', 1),
(959, '62', '353', 2),
(960, '62', '2519', 3),
(961, '62', '2623', 4),
(962, '62', '1071', 5),
(963, '62', '2421', 6),
(964, '62', '100', 7),
(965, '62', '1741', 8),
(966, '62', '2210', 9),
(967, '62', '195', 10),
(968, '62', '1996', 11),
(969, '62', '1272', 12),
(970, '62', '324', 13),
(971, '62', '284', 14),
(972, '62', '2427', 15),
(973, '62', '1936', 16),
(974, '62', '769', 17),
(975, '62', '1067', 18),
(976, '62', '2542', 19),
(977, '62', '2486', 20),
(978, '62', '2396', 21),
(979, '62', '814', 22),
(980, '62', '1554', 23),
(981, '62', '1093', 24),
(982, '62', '191', 25),
(983, '62', '959', 26),
(984, '62', '170', 27),
(985, '62', '437', 28),
(986, '62', '1347', 29),
(987, '62', '932', 30),
(988, '127', '684', 1),
(989, '127', '869', 2),
(990, '127', '827', 3),
(991, '127', '107', 4),
(992, '127', '1227', 5),
(993, '127', '1296', 6),
(994, '127', '1934', 7),
(995, '127', '1945', 8),
(996, '127', '302', 9),
(997, '127', '1450', 10),
(998, '127', '117', 11),
(999, '127', '2600', 12),
(1000, '127', '264', 13),
(1001, '127', '529', 14),
(1002, '127', '788', 15),
(1003, '127', '2668', 16),
(1004, '127', '1115', 17),
(1005, '127', '744', 18),
(1006, '127', '427', 19),
(1007, '127', '7', 20),
(1008, '127', '847', 21),
(1009, '127', '1334', 22),
(1010, '127', '2315', 23),
(1011, '127', '1262', 24),
(1012, '127', '1787', 25),
(1013, '127', '1156', 26),
(1014, '127', '2176', 27),
(1015, '127', '2737', 28),
(1016, '976', '324', 1),
(1017, '976', '1737', 2),
(1018, '976', '1711', 3),
(1019, '976', '578', 4),
(1020, '976', '1571', 5),
(1021, '976', '2837', 6),
(1022, '128', '1946', 1),
(1023, '128', '1864', 2),
(1024, '128', '1439', 3),
(1025, '128', '713', 4),
(1026, '128', '411', 5),
(1027, '128', '263', 6),
(1028, '128', '358', 7),
(1029, '128', '2085', 8),
(1030, '128', '1466', 9),
(1031, '128', '2373', 10),
(1032, '128', '980', 11),
(1033, '128', '1885', 12),
(1034, '128', '2076', 13),
(1035, '128', '2168', 14),
(1036, '128', '858', 15),
(1037, '128', '2059', 16),
(1038, '128', '2600', 17),
(1039, '128', '117', 18),
(1040, '128', '1450', 19),
(1041, '128', '302', 20),
(1042, '128', '2017', 21),
(1043, '128', '674', 22),
(1044, '128', '1606', 23),
(1045, '128', '1124', 24),
(1046, '128', '2425', 25),
(1047, '128', '243', 26),
(1048, '128', '1942', 27),
(1049, '128', '822', 28),
(1050, '128', '301', 29),
(1051, '128', '1086', 30),
(1052, '128', '363', 31),
(1053, '128', '442', 32),
(1054, '128', '2401', 33),
(1055, '128', '1543', 34),
(1056, '483', '1338', 1),
(1057, '483', '119', 2),
(1058, '483', '2259', 3),
(1059, '483', '412', 4),
(1060, '483', '1284', 5),
(1061, '483', '1772', 6),
(1062, '483', '2038', 7),
(1063, '483', '2811', 8),
(1064, '135', '1880', 1),
(1065, '135', '1707', 2),
(1066, '135', '2498', 3),
(1067, '135', '1232', 4),
(1068, '135', '1989', 5),
(1069, '135', '872', 6),
(1070, '135', '273', 7),
(1071, '135', '1479', 8),
(1072, '135', '21', 9),
(1073, '135', '642', 10),
(1074, '135', '2147', 11),
(1075, '135', '1678', 12),
(1076, '135', '323', 13),
(1077, '135', '1799', 14),
(1078, '135', '577', 15),
(1079, '135', '2093', 16),
(1080, '135', '1247', 17),
(1081, '135', '1461', 18),
(1082, '135', '2276', 19),
(1083, '135', '400', 20),
(1084, '135', '99', 21),
(1085, '135', '1987', 22),
(1086, '135', '2128', 23),
(1087, '135', '886', 24),
(1088, '135', '2126', 25),
(1089, '135', '2094', 26),
(1090, '135', '810', 27),
(1091, '135', '1946', 28),
(1092, '2', '1894', 1),
(1093, '2', '1429', 2),
(1094, '2', '2404', 3),
(1095, '2', '2170', 4),
(1096, '2', '1740', 5),
(1097, '2', '1812', 6),
(1098, '2', '984', 7),
(1099, '2', '1410', 8),
(1100, '2', '1701', 9),
(1101, '2', '2676', 10),
(1102, '2', '2132', 11),
(1103, '2', '331', 12),
(1104, '2', '2673', 13),
(1105, '2', '648', 14),
(1106, '2', '947', 15),
(1107, '2', '1207', 16),
(1108, '2', '1751', 17),
(1109, '2', '286', 18),
(1110, '2', '778', 19),
(1111, '2', '359', 20),
(1112, '2', '1248', 21),
(1113, '2', '86', 22),
(1114, '2', '368', 23),
(1115, '2', '758', 24),
(1116, '89', '1876', 1),
(1117, '89', '634', 2),
(1118, '89', '903', 3),
(1119, '89', '1391', 4),
(1120, '89', '2040', 5),
(1121, '89', '696', 6),
(1122, '89', '2489', 7),
(1123, '89', '2134', 8),
(1124, '29', '2494', 1),
(1125, '29', '1778', 2),
(1126, '29', '1828', 3),
(1127, '29', '38', 4),
(1128, '29', '1591', 5),
(1129, '29', '973', 6),
(1130, '29', '1588', 7),
(1131, '29', '1673', 8),
(1132, '29', '271', 9),
(1133, '29', '2527', 10),
(1134, '29', '1836', 11),
(1135, '29', '125', 12),
(1136, '29', '2216', 13),
(1137, '29', '2597', 14),
(1138, '29', '1133', 15),
(1139, '29', '1979', 16),
(1140, '29', '1322', 17),
(1141, '29', '2043', 18),
(1142, '29', '1167', 19),
(1143, '29', '1525', 20),
(1144, '29', '764', 21),
(1145, '29', '2448', 22),
(1146, '29', '1484', 23),
(1147, '29', '2353', 24),
(1148, '29', '874', 25),
(1149, '29', '478', 26),
(1150, '29', '294', 27),
(1151, '29', '1684', 28),
(1152, '29', '836', 29),
(1153, '29', '1340', 30),
(1154, '29', '1820', 31),
(1155, '29', '1356', 32),
(1156, '29', '668', 33),
(1157, '29', '1073', 34),
(1158, '29', '1091', 35),
(1159, '29', '66', 36),
(1160, '29', '2118', 37),
(1161, '29', '157', 38),
(1162, '29', '1849', 39),
(1163, '29', '2701', 40),
(1164, '29', '1676', 41),
(1165, '29', '631', 42),
(1166, '17', '986', 1),
(1167, '17', '857', 2),
(1168, '17', '1790', 3),
(1169, '17', '1325', 4),
(1170, '17', '840', 5),
(1171, '17', '2024', 6),
(1172, '17', '290', 7),
(1173, '17', '2035', 8),
(1174, '17', '2320', 9),
(1175, '17', '2683', 10),
(1176, '17', '1421', 11),
(1177, '17', '866', 12),
(1178, '17', '1754', 13),
(1179, '17', '384', 14),
(1180, '17', '2197', 15),
(1181, '17', '806', 16),
(1182, '17', '415', 17),
(1183, '17', '140', 18),
(1184, '17', '2229', 19),
(1185, '17', '2709', 20),
(1186, '17', '1185', 21),
(1187, '17', '2140', 22),
(1188, '17', '968', 23),
(1189, '17', '2379', 24),
(1190, '17', '181', 25),
(1191, '339a', '1081', 1),
(1192, '339a', '2008', 2),
(1193, '339a', '731', 3),
(1194, '339a', '471', 4),
(1195, '339a', '2770', 5),
(1196, '480', '1402', 1),
(1197, '480', '23', 2),
(1198, '480', '2286', 3),
(1199, '480', '120', 4),
(1200, '480', '753', 5),
(1201, '480', '2089', 6),
(1202, '480', '531', 7),
(1203, '480', '370', 8),
(1204, '480', '186', 9),
(1205, '480', '2518', 10),
(1206, '480', '2807', 11),
(1207, '333', '2621', 1),
(1208, '333', '2246', 2),
(1209, '333', '1202', 3),
(1210, '333', '377', 4),
(1211, '333', '455', 5),
(1212, '333', '307', 6),
(1213, '333', '2380', 7),
(1214, '333', '2253', 8),
(1215, '333', '630', 9),
(1216, '333', '2477', 10),
(1217, '333', '2552', 11),
(1218, '333', '1085', 12),
(1219, '333', '860', 13),
(1220, '333', '1400', 14),
(1221, '333', '960', 15),
(1222, '333', '1717', 16),
(1223, '333', '1906', 17),
(1224, '333', '1314', 18),
(1225, '333', '2768', 19),
(1226, '10', '1728', 1),
(1227, '10', '298', 2),
(1228, '10', '1442', 3),
(1229, '10', '1692', 4),
(1230, '10', '616', 5),
(1231, '10', '2534', 6),
(1232, '10', '2031', 7),
(1233, '10', '1649', 8),
(1234, '10', '1157', 9),
(1235, '10', '1200', 10),
(1236, '10', '212', 11),
(1237, '10', '559', 12),
(1238, '10', '1345', 13),
(1239, '10', '1780', 14),
(1240, '10', '563', 15),
(1241, '10', '1190', 16),
(1242, '10', '2131', 17),
(1243, '10', '979', 18),
(1244, '914', '276', 1),
(1245, '914', '1758', 2),
(1246, '914', '401', 3),
(1247, '914', '682', 4),
(1248, '914', '2703', 5),
(1249, '914', '1789', 6),
(1250, '914', '1646', 7),
(1251, '914', '796', 8),
(1252, '914', '1058', 9),
(1253, '914', '1155', 10),
(1254, '914', '844', 11),
(1255, '914', '2431', 12),
(1256, '914', '2513', 13),
(1257, '914', '754', 14),
(1258, '914', '1', 15),
(1259, '914', '2557', 16),
(1260, '914', '1750', 17),
(1261, '914', '1116', 18),
(1262, '914', '2822', 19),
(1263, '488b', '1829', 1),
(1264, '488b', '1020', 2),
(1265, '488b', '1629', 3),
(1266, '488b', '1244', 4),
(1267, '488b', '1834', 5),
(1268, '488b', '337', 6),
(1269, '488b', '1963', 7),
(1270, '488b', '2622', 8),
(1271, '488b', '2815', 9),
(1272, '86', '304', 1),
(1273, '86', '1427', 2),
(1274, '86', '770', 3),
(1275, '86', '1734', 4),
(1276, '86', '340', 5),
(1277, '86', '1500', 6),
(1278, '86', '632', 7),
(1279, '86', '1266', 8),
(1280, '86', '1858', 9),
(1281, '86', '1959', 10),
(1282, '86', '165', 11),
(1283, '86', '282', 12),
(1284, '86', '2296', 13),
(1285, '86', '1667', 14),
(1286, '86', '111', 15),
(1287, '86', '2169', 16),
(1288, '86', '928', 17),
(1289, '944', '2696', 1),
(1290, '944', '2418', 2),
(1291, '944', '1828', 3),
(1292, '16', '1529', 1),
(1293, '16', '1175', 2),
(1294, '16', '550', 3),
(1295, '16', '936', 4),
(1296, '16', '466', 5),
(1297, '16', '2472', 6),
(1298, '16', '2180', 7),
(1299, '16', '1346', 8),
(1300, '16', '12', 9),
(1301, '16', '969', 10),
(1302, '16', '1053', 11),
(1303, '16', '2248', 12),
(1304, '16', '1771', 13),
(1305, '16', '701', 14),
(1306, '16', '496', 15),
(1307, '16', '2265', 16),
(1308, '16', '853', 17),
(1309, '16', '512', 18),
(1310, '16', '1845', 19),
(1311, '16', '1059', 20),
(1312, '16', '1697', 21),
(1313, '16', '2429', 22),
(1314, '16', '1344', 23),
(1315, '16', '569', 24),
(1316, '16', '319', 25),
(1317, '16', '797', 26),
(1318, '16', '1355', 27),
(1319, '16', '1789', 28),
(1320, '16', '1420', 29),
(1321, '16', '2539', 30),
(1322, '16', '1792', 31),
(1323, '16', '2203', 32),
(1324, '16', '986', 33),
(1325, '349', '91', 1),
(1326, '349', '2589', 2),
(1327, '349', '1795', 3),
(1328, '349', '2172', 4),
(1329, '349', '1595', 5),
(1330, '349', '519', 6),
(1331, '349', '2002', 7),
(1332, '349', '1965', 8),
(1333, '349', '371', 9),
(1334, '349', '94', 10),
(1335, '349', '2101', 11),
(1336, '349', '2', 12),
(1337, '349', '1607', 13),
(1338, '349', '1204', 14),
(1339, '349', '1443', 15),
(1340, '349', '197', 16),
(1341, '349', '1487', 17),
(1342, '349', '2110', 18),
(1343, '349', '916', 19),
(1344, '349', '646', 20),
(1345, '349', '2773', 21),
(1346, '100b', '2183', 1),
(1347, '100b', '839', 2),
(1348, '100b', '782', 3),
(1349, '100b', '1572', 4),
(1350, '100b', '2469', 5),
(1351, '100b', '784', 6),
(1352, '100b', '2007', 7),
(1353, '100b', '1419', 8),
(1354, '100b', '451', 9),
(1355, '100b', '846', 10),
(1356, '100b', '514', 11),
(1357, '100b', '1108', 12),
(1358, '100b', '1043', 13),
(1359, '100b', '1501', 14),
(1360, '100b', '2165', 15),
(1361, '100b', '1724', 16),
(1362, '100b', '1222', 17),
(1363, '100b', '2736', 18),
(1364, '61', '2517', 1),
(1365, '61', '1704', 2),
(1366, '61', '133', 3),
(1367, '61', '618', 4),
(1368, '61', '1924', 5),
(1369, '61', '1423', 6),
(1370, '61', '1897', 7),
(1371, '61', '324', 8),
(1372, '4', '758', 1),
(1373, '4', '368', 2),
(1374, '4', '86', 3),
(1375, '4', '2100', 4),
(1376, '4', '672', 5),
(1377, '4', '2689', 6),
(1378, '4', '388', 7),
(1379, '4', '2350', 8),
(1380, '4', '2071', 9),
(1381, '4', '1813', 10),
(1382, '4', '96', 11),
(1383, '4', '1926', 12),
(1384, '4', '2633', 13),
(1385, '4', '2225', 14),
(1386, '4', '87', 15),
(1387, '4', '1672', 16),
(1388, '4', '1757', 17),
(1389, '4', '2088', 18),
(1390, '4', '1219', 19),
(1391, '4', '2383', 20),
(1392, '4', '590', 21),
(1393, '4', '2298', 22),
(1394, '120', '1743', 1),
(1395, '120', '173', 2),
(1396, '120', '2694', 3),
(1397, '120', '1528', 4),
(1398, '120', '1914', 5),
(1399, '120', '84', 6),
(1400, '120', '1301', 7),
(1401, '120', '1396', 8),
(1402, '120', '2544', 9),
(1403, '120', '2445', 10),
(1404, '120', '1401', 11),
(1405, '120', '1659', 12),
(1406, '120', '1733', 13),
(1407, '120', '2117', 14),
(1408, '120', '927', 15),
(1409, '120', '688', 16),
(1410, '120', '1652', 17),
(1411, '120', '1186', 18),
(1412, '120', '792', 19),
(1413, '120', '1923', 20),
(1414, '120', '1486', 21),
(1415, '120', '460', 22),
(1416, '120', '1639', 23),
(1417, '120', '2264', 24),
(1418, '120', '241', 25),
(1419, '120', '1667', 26),
(1420, '120', '111', 27),
(1421, '120', '2169', 28),
(1422, '120', '928', 29),
(1423, '120', '2330', 30),
(1424, '120', '257', 31),
(1425, '120', '1912', 32),
(1426, '120', '2617', 33),
(1427, '120', '1781', 34),
(1428, '120', '809', 35),
(1429, '120', '1821', 36),
(1430, '120', '1806', 37),
(1431, '120', '684', 38),
(1432, '120', '1476', 39),
(1433, '120', '1918', 40),
(1434, '120', '517', 41),
(1435, '120', '2495', 42),
(1436, '120', '1946', 43),
(1437, '120', '1317', 44),
(1438, '120', '495', 45),
(1439, '120', '1971', 46),
(1440, '120', '2359', 47),
(1441, '120', '1123', 48),
(1442, '120', '2530', 49),
(1443, '120', '1310', 50),
(1444, '120', '1997', 51),
(1445, '120', '1415', 52),
(1446, '120', '2742', 53),
(1447, '917', '1418', 1),
(1448, '917', '1217', 2),
(1449, '917', '491', 3),
(1450, '917', '1899', 4),
(1451, '917', '2822', 5),
(1452, '82', '1976', 1),
(1453, '82', '821', 2),
(1454, '82', '20', 3),
(1455, '82', '2618', 4),
(1456, '82', '1224', 5),
(1457, '82', '418', 6),
(1458, '82', '2270', 7),
(1459, '82', '659', 8),
(1460, '82', '1470', 9),
(1461, '82', '1667', 10),
(1462, '82', '111', 11),
(1463, '82', '2169', 12),
(1464, '82', '928', 13),
(1465, '95', '1614', 1),
(1466, '95', '1893', 2),
(1467, '95', '2550', 3),
(1468, '95', '1298', 4),
(1469, '95', '2735', 5),
(1470, '455a', '1828', 1),
(1471, '455a', '2346', 2),
(1472, '455a', '607', 3),
(1473, '455a', '2614', 4),
(1474, '455a', '2302', 5),
(1475, '455a', '2332', 6),
(1476, '455a', '398', 7),
(1477, '455a', '1847', 8),
(1478, '455a', '2799', 9),
(1479, '147', '547', 1),
(1480, '147', '2488', 2),
(1481, '147', '1251', 3),
(1482, '147', '790', 4),
(1483, '147', '875', 5),
(1484, '147', '1089', 6),
(1485, '147', '2545', 7),
(1486, '147', '2295', 8),
(1487, '147', '507', 9),
(1488, '147', '1328', 10),
(1489, '147', '1745', 11),
(1490, '147', '1128', 12),
(1491, '147', '2587', 13),
(1492, '147', '2136', 14),
(1493, '147', '2137', 15),
(1494, '147', '2355', 16),
(1495, '147', '1679', 17),
(1496, '147', '1448', 18),
(1497, '147', '1505', 19),
(1498, '147', '403', 20),
(1499, '147', '214', 21),
(1500, '147', '1144', 22),
(1501, '147', '1612', 23),
(1502, '147', '1187', 24),
(1503, '147', '2019', 25),
(1504, '147', '1264', 26),
(1505, '147', '2015', 27),
(1506, '147', '1598', 28),
(1507, '147', '1092', 29),
(1508, '147', '1191', 30),
(1509, '147', '652', 31),
(1510, '147', '99', 32),
(1511, '90', '2134', 1),
(1512, '90', '2629', 2),
(1513, '90', '2304', 3),
(1514, '90', '396', 4),
(1515, '90', '343', 5),
(1516, '90', '205', 6),
(1517, '90', '2547', 7),
(1518, '90', '1381', 8),
(1519, '90', '2584', 9),
(1520, '90', '726', 10),
(1521, '90', '210', 11),
(1522, '90', '362', 12),
(1523, '90', '1165', 13),
(1524, '90', '320', 14),
(1525, '90', '288', 15),
(1526, '90', '988', 16),
(1527, '90', '545', 17),
(1528, '90', '2125', 18),
(1529, '90', '680', 19),
(1530, '90', '1982', 20),
(1531, '90', '834', 21),
(1532, '90', '395', 22),
(1533, '90', '895', 23),
(1534, '90', '176', 24),
(1535, '90', '625', 25),
(1536, '90', '761', 26),
(1537, '90', '2732', 27),
(1538, '42', '2470', 1),
(1539, '42', '385', 2),
(1540, '42', '2159', 3),
(1541, '42', '149', 4),
(1542, '42', '516', 5),
(1543, '42', '1039', 6),
(1544, '42', '2399', 7),
(1545, '42', '690', 8),
(1546, '42', '1641', 9),
(1547, '42', '1523', 10),
(1548, '42', '1035', 11),
(1549, '42', '2084', 12),
(1550, '42', '1807', 13),
(1551, '42', '2549', 14),
(1552, '42', '766', 15),
(1553, '42', '807', 16),
(1554, '42', '2723', 17),
(1555, '125', '1821', 1),
(1556, '125', '780', 2),
(1557, '125', '991', 3),
(1558, '125', '2698', 4),
(1559, '125', '1252', 5),
(1560, '125', '2193', 6),
(1561, '125', '447', 7),
(1562, '125', '1131', 8),
(1563, '125', '131', 9),
(1564, '125', '1014', 10),
(1565, '125', '2564', 11),
(1566, '125', '256', 12),
(1567, '125', '2249', 13),
(1568, '125', '937', 14),
(1569, '125', '2065', 15),
(1570, '125', '1975', 16),
(1571, '125', '99', 17),
(1572, '125', '2072', 18),
(1573, '125', '11', 19),
(1574, '125', '1814', 20),
(1575, '125', '1903', 21),
(1576, '125', '49', 22),
(1577, '125', '2211', 23),
(1578, '125', '525', 24),
(1579, '125', '1170', 25),
(1580, '125', '2458', 26),
(1581, '348', '91', 1),
(1582, '348', '689', 2),
(1583, '348', '2589', 3),
(1584, '348', '1795', 4),
(1585, '348', '2172', 5),
(1586, '348', '296', 6),
(1587, '348', '25', 7),
(1588, '348', '1306', 8),
(1589, '348', '1258', 9),
(1590, '348', '2083', 10),
(1591, '348', '1691', 11),
(1592, '348', '2697', 12),
(1593, '348', '1070', 13),
(1594, '348', '2408', 14),
(1595, '348', '1373', 15),
(1596, '348', '493', 16),
(1597, '348', '321', 17),
(1598, '348', '918', 18),
(1599, '348', '347', 19),
(1600, '348', '2585', 20),
(1601, '348', '1530', 21),
(1602, '348', '1615', 22),
(1603, '348', '1048', 23),
(1604, '348', '2625', 24),
(1605, '348', '2772', 25),
(1606, '41', '383', 1),
(1607, '41', '1492', 2),
(1608, '41', '267', 3),
(1609, '41', '1052', 4),
(1610, '41', '441', 5),
(1611, '41', '289', 6),
(1612, '41', '965', 7),
(1613, '41', '2502', 8),
(1614, '41', '948', 9),
(1615, '41', '838', 10),
(1616, '41', '179', 11),
(1617, '41', '1962', 12),
(1618, '41', '1657', 13),
(1619, '41', '2705', 14),
(1620, '41', '645', 15),
(1621, '41', '1456', 16),
(1622, '41', '224', 17),
(1623, '41', '1192', 18),
(1624, '41', '1215', 19),
(1625, '41', '61', 20),
(1626, '41', '357', 21),
(1627, '41', '2695', 22),
(1628, '41', '2591', 23),
(1629, '41', '2316', 24),
(1630, '41', '2691', 25),
(1631, '41', '2562', 26),
(1632, '41', '576', 27),
(1633, '414', '2245', 1),
(1634, '414', '2459', 2),
(1635, '414', '664', 3),
(1636, '414', '2004', 4),
(1637, '414', '1922', 5),
(1638, '414', '58', 6),
(1639, '414', '2565', 7),
(1640, '414', '2523', 8),
(1641, '414', '1293', 9),
(1642, '414', '803', 10),
(1643, '414', '1002', 11),
(1644, '414', '1467', 12),
(1645, '414', '670', 13),
(1646, '414', '1054', 14),
(1647, '414', '2252', 15),
(1648, '414', '1291', 16),
(1649, '414', '1863', 17),
(1650, '414', '2095', 18),
(1651, '414', '171', 19),
(1652, '414', '2780', 20),
(1653, '966', '2028', 1),
(1654, '966', '2407', 2),
(1655, '966', '1509', 3),
(1656, '966', '79', 4),
(1657, '966', '1370', 5),
(1658, '966', '2036', 6),
(1659, '966', '1662', 7),
(1660, '966', '144', 8),
(1661, '966', '2463', 9),
(1662, '966', '1726', 10),
(1663, '455', '1424', 1),
(1664, '455', '89', 2),
(1665, '455', '22', 3),
(1666, '455', '1602', 4),
(1667, '455', '1135', 5),
(1668, '455', '2474', 6),
(1669, '455', '996', 7),
(1670, '455', '204', 8),
(1671, '455', '406', 9),
(1672, '455', '2798', 10),
(1673, '486', '1104', 1),
(1674, '486', '263', 2),
(1675, '486', '2114', 3),
(1676, '486', '1582', 4),
(1677, '486', '2400', 5),
(1678, '486', '998', 6),
(1679, '486', '912', 7),
(1680, '486', '2500', 8),
(1681, '486', '1816', 9),
(1682, '486', '2274', 10),
(1683, '486', '2099', 11),
(1684, '486', '2116', 12),
(1685, '486', '1066', 13),
(1686, '486', '639', 14),
(1687, '486', '982', 15),
(1688, '486', '2345', 16),
(1689, '486', '1179', 17),
(1690, '486', '605', 18),
(1691, '486', '1300', 19),
(1692, '486', '122', 20),
(1693, '486', '1127', 21),
(1694, '486', '816', 22),
(1695, '486', '992', 23),
(1696, '486', '1930', 24),
(1697, '486', '2813', 25),
(1698, '43', '1641', 1),
(1699, '43', '1620', 2),
(1700, '43', '1477', 3),
(1701, '43', '2294', 4),
(1702, '43', '633', 5),
(1703, '43', '102', 6),
(1704, '43', '1967', 7),
(1705, '88', '2449', 1),
(1706, '88', '2461', 2),
(1707, '88', '1409', 3),
(1708, '88', '1508', 4),
(1709, '88', '342', 5),
(1710, '88', '2040', 6),
(1711, '88', '696', 7),
(1712, '88', '2489', 8),
(1713, '88', '2134', 9),
(1714, '25', '979', 1),
(1715, '25', '2289', 2),
(1716, '25', '1810', 3),
(1717, '25', '1490', 4),
(1718, '25', '114', 5),
(1719, '25', '1801', 6),
(1720, '25', '2272', 7),
(1721, '25', '931', 8),
(1722, '25', '985', 9),
(1723, '25', '1872', 10),
(1724, '25', '1364', 11),
(1725, '25', '2532', 12),
(1726, '25', '2226', 13),
(1727, '25', '2647', 14),
(1728, '25', '246', 15),
(1729, '25', '60', 16),
(1730, '25', '449', 17),
(1731, '25', '1754', 18),
(1732, '25', '2446', 19),
(1733, '25', '1358', 20),
(1734, '25', '1233', 21),
(1735, '25', '389', 22),
(1736, '25', '2637', 23),
(1737, '25', '1668', 24),
(1738, '25', '1840', 25),
(1739, '25', '2212', 26),
(1740, '25', '2626', 27),
(1741, '25', '1882', 28),
(1742, '25', '775', 29),
(1743, '25', '360', 30),
(1744, '25', '139', 31),
(1745, '25', '379', 32),
(1746, '25', '1012', 33),
(1747, '25', '2075', 34),
(1748, '25', '1548', 35),
(1749, '25', '2503', 36),
(1750, '25', '1173', 37),
(1751, '25', '2111', 38),
(1752, '25', '42', 39),
(1753, '25', '2451', 40),
(1754, '25', '426', 41),
(1755, '25', '2262', 42),
(1756, '25', '361', 43),
(1757, '25', '1643', 44),
(1758, '25', '837', 45),
(1759, '25', '2049', 46),
(1760, '25', '2722', 47),
(1761, '958', '61', 1),
(1762, '958', '2525', 2),
(1763, '958', '1520', 3),
(1764, '958', '459', 4),
(1765, '958', '2220', 5),
(1766, '958', '1983', 6),
(1767, '958', '1693', 7),
(1768, '958', '365', 8),
(1769, '958', '2344', 9),
(1770, '958', '486', 10),
(1771, '958', '669', 11),
(1772, '958', '626', 12),
(1773, '958', '2632', 13),
(1774, '78', '148', 1),
(1775, '78', '88', 2),
(1776, '78', '425', 3),
(1777, '78', '1656', 4),
(1778, '78', '1990', 5),
(1779, '78', '2590', 6),
(1780, '78', '1735', 7),
(1781, '78', '2098', 8),
(1782, '78', '162', 9),
(1783, '78', '1972', 10),
(1784, '78', '69', 11),
(1785, '78', '1481', 12),
(1786, '78', '483', 13),
(1787, '78', '1636', 14),
(1788, '78', '188', 15),
(1789, '78', '64', 16),
(1790, '78', '2139', 17),
(1791, '78', '1194', 18),
(1792, '78', '1542', 19),
(1793, '78', '2045', 20),
(1794, '78', '2367', 21),
(1795, '78', '1431', 22),
(1796, '78', '187', 23),
(1797, '78', '1578', 24),
(1798, '78', '1960', 25),
(1799, '78', '1611', 26),
(1800, '78', '2194', 27),
(1801, '78', '2727', 28),
(1802, '116', '2183', 1),
(1803, '116', '1287', 2),
(1804, '116', '1931', 3),
(1805, '116', '1587', 4),
(1806, '116', '1199', 5),
(1807, '116', '717', 6),
(1808, '116', '1785', 7),
(1809, '116', '1937', 8),
(1810, '116', '475', 9),
(1811, '116', '818', 10),
(1812, '116', '151', 11),
(1813, '116', '2487', 12),
(1814, '116', '1939', 13),
(1815, '116', '2390', 14),
(1816, '116', '1279', 15),
(1817, '420', '1946', 1),
(1818, '420', '1699', 2),
(1819, '420', '1518', 3),
(1820, '420', '1682', 4),
(1821, '420', '476', 5),
(1822, '420', '1950', 6),
(1823, '420', '920', 7),
(1824, '420', '2144', 8),
(1825, '420', '356', 9),
(1826, '420', '1723', 10),
(1827, '420', '600', 11),
(1828, '420', '1688', 12),
(1829, '420', '1119', 13),
(1830, '420', '1869', 14),
(1831, '420', '446', 15),
(1832, '420', '700', 16),
(1833, '420', '193', 17),
(1834, '420', '2391', 18),
(1835, '420', '2202', 19),
(1836, '420', '864', 20),
(1837, '420', '501', 21),
(1838, '420', '468', 22),
(1839, '420', '1018', 23),
(1840, '420', '2337', 24),
(1841, '420', '2600', 25),
(1842, '317', '1357', 1),
(1843, '317', '2499', 2),
(1844, '317', '1208', 3),
(1845, '317', '2167', 4),
(1846, '317', '206', 5),
(1847, '317', '2566', 6),
(1848, '317', '691', 7),
(1849, '317', '640', 8),
(1850, '317', '1171', 9),
(1851, '317', '1176', 10),
(1852, '35', '179', 1),
(1853, '35', '838', 2),
(1854, '35', '1827', 3),
(1855, '35', '565', 4),
(1856, '35', '885', 5),
(1857, '35', '292', 6),
(1858, '35', '610', 7),
(1859, '35', '1756', 8),
(1860, '35', '2384', 9),
(1861, '35', '500', 10),
(1862, '35', '1800', 11),
(1863, '35', '1729', 12),
(1864, '35', '1380', 13),
(1865, '35', '1929', 14),
(1866, '35', '231', 15),
(1867, '35', '2704', 16),
(1868, '35', '436', 17),
(1869, '35', '431', 18),
(1870, '35', '1377', 19),
(1871, '35', '1507', 20),
(1872, '35', '2574', 21),
(1873, '35', '1862', 22),
(1874, '488c', '1829', 1),
(1875, '488c', '1003', 2),
(1876, '488c', '1888', 3),
(1877, '488c', '2061', 4),
(1878, '488c', '2675', 5),
(1879, '488c', '1786', 6),
(1880, '488c', '2524', 7),
(1881, '488c', '574', 8),
(1882, '488c', '2266', 9),
(1883, '488c', '2309', 10),
(1884, '488c', '2311', 11),
(1885, '488c', '225', 12),
(1886, '488c', '394', 13),
(1887, '488c', '2178', 14),
(1888, '488c', '1268', 15),
(1889, '488c', '2816', 16),
(1890, '114', '2027', 1),
(1891, '114', '48', 2),
(1892, '114', '9', 3),
(1893, '114', '281', 4),
(1894, '114', '1080', 5),
(1895, '114', '1196', 6),
(1896, '114', '923', 7),
(1897, '114', '1915', 8),
(1898, '114', '2279', 9),
(1899, '114', '2377', 10),
(1900, '114', '2097', 11),
(1901, '114', '2740', 12),
(1902, '948', '403', 1),
(1903, '948', '1833', 2),
(1904, '948', '470', 3),
(1905, '948', '2802', 4),
(1906, '70', '1894', 1),
(1907, '70', '1429', 2),
(1908, '70', '1480', 3),
(1909, '70', '2058', 4),
(1910, '70', '2650', 5),
(1911, '70', '2048', 6),
(1912, '70', '2026', 7),
(1913, '70', '546', 8),
(1914, '70', '2115', 9),
(1915, '70', '2413', 10),
(1916, '70', '908', 11),
(1917, '70', '1405', 12),
(1918, '70', '409', 13),
(1919, '70', '1970', 14),
(1920, '70', '1824', 15),
(1921, '70', '2712', 16),
(1922, '70', '1716', 17),
(1923, '70', '2223', 18),
(1924, '70', '1549', 19),
(1925, '70', '408', 20),
(1926, '70', '641', 21),
(1927, '70', '1468', 22),
(1928, '70', '750', 23),
(1929, '70', '235', 24),
(1930, '70', '2654', 25),
(1931, '70', '2725', 26),
(1932, '1', '1743', 1),
(1933, '1', '892', 2),
(1934, '1', '2546', 3),
(1935, '1', '1158', 4),
(1936, '1', '1625', 5),
(1937, '1', '2123', 6),
(1938, '1', '2439', 7),
(1939, '1', '129', 8),
(1940, '1', '1974', 9),
(1941, '1', '2011', 10),
(1942, '1', '1365', 11),
(1943, '1', '1887', 12),
(1944, '1', '41', 13),
(1945, '1', '2207', 14),
(1946, '1', '161', 15),
(1947, '1', '1411', 16),
(1948, '1', '757', 17),
(1949, '1', '1219', 18),
(1950, '1', '2383', 19),
(1951, '1', '590', 20),
(1952, '1', '2298', 21),
(1953, '1', '658', 22),
(1954, '1', '644', 23),
(1955, '1', '305', 24),
(1956, '1', '298', 25),
(1957, '1', '1728', 26),
(1958, '1', '1755', 27),
(1959, '1', '1714', 28),
(1960, '1', '683', 29),
(1961, '1', '1566', 30),
(1962, '1', '901', 31),
(1963, '1', '915', 32),
(1964, '1', '12', 33),
(1965, '1', '1601', 34),
(1966, '1', '2604', 35),
(1967, '1', '1311', 36),
(1968, '1', '2717', 37),
(1969, '105', '2677', 1),
(1970, '105', '1719', 2),
(1971, '105', '2329', 3),
(1972, '105', '128', 4),
(1973, '105', '745', 5),
(1974, '105', '1633', 6),
(1975, '105', '929', 7),
(1976, '105', '1249', 8),
(1977, '105', '2636', 9),
(1978, '105', '2254', 10),
(1979, '105', '2738', 11),
(1980, '408', '229', 1),
(1981, '408', '1238', 2),
(1982, '408', '1576', 3),
(1983, '408', '1195', 4),
(1984, '408', '2307', 5),
(1985, '408', '2777', 6),
(1986, '154', '902', 1),
(1987, '154', '2412', 2),
(1988, '154', '1349', 3),
(1989, '154', '1428', 4),
(1990, '154', '2195', 5),
(1991, '154', '2386', 6),
(1992, '154', '1435', 7),
(1993, '154', '2370', 8),
(1994, '154', '829', 9),
(1995, '154', '1276', 10),
(1996, '154', '1113', 11),
(1997, '154', '1463', 12),
(1998, '154', '1681', 13),
(1999, '154', '1953', 14),
(2000, '154', '2028', 15),
(2001, '154', '1028', 16),
(2002, '154', '2465', 17),
(2003, '154', '560', 18),
(2004, '154', '1954', 19),
(2005, '154', '1353', 20),
(2006, '154', '1760', 21),
(2007, '154', '2426', 22),
(2008, '154', '1568', 23),
(2009, '154', '537', 24),
(2010, '154', '945', 25),
(2011, '488a', '1829', 1),
(2012, '488a', '2699', 2),
(2013, '488a', '2511', 3),
(2014, '488a', '2541', 4),
(2015, '488a', '143', 5),
(2016, '488a', '1308', 6),
(2017, '110', '2677', 1),
(2018, '110', '2278', 2),
(2019, '110', '1457', 3),
(2020, '110', '623', 4),
(2021, '110', '2261', 5),
(2022, '110', '555', 6),
(2023, '110', '2365', 7),
(2024, '110', '2715', 8),
(2025, '110', '1715', 9),
(2026, '110', '737', 10),
(2027, '110', '2685', 11),
(2028, '110', '1114', 12),
(2029, '110', '2340', 13),
(2030, '110', '249', 14),
(2031, '110', '1921', 15),
(2032, '110', '2559', 16),
(2033, '110', '1383', 17),
(2034, '110', '715', 18),
(2035, '110', '189', 19),
(2036, '110', '2027', 20),
(2037, '140', '1339', 1),
(2038, '140', '2688', 2),
(2039, '140', '971', 3),
(2040, '140', '865', 4),
(2041, '140', '2516', 5),
(2042, '140', '1029', 6),
(2043, '140', '819', 7),
(2044, '140', '199', 8),
(2045, '140', '1844', 9),
(2046, '140', '751', 10),
(2047, '140', '2415', 11),
(2048, '140', '547', 12),
(2049, '140', '619', 13),
(2050, '140', '2568', 14),
(2051, '140', '27', 15),
(2052, '140', '313', 16),
(2053, '140', '2558', 17),
(2054, '140', '845', 18),
(2055, '140', '2141', 19),
(2056, '140', '1809', 20),
(2057, '140', '967', 21),
(2058, '140', '894', 22),
(2059, '140', '2601', 23),
(2060, '140', '950', 24),
(2061, '140', '1928', 25),
(2062, '140', '1072', 26),
(2063, '140', '1707', 27),
(2064, '140', '1880', 28),
(2065, '140', '2324', 29),
(2066, '967', '2028', 1),
(2067, '967', '958', 2),
(2068, '967', '2290', 3),
(2069, '967', '612', 4),
(2070, '967', '635', 5),
(2071, '967', '521', 6),
(2072, '967', '2480', 7),
(2073, '967', '951', 8),
(2074, '967', '935', 9),
(2075, '967', '1132', 10),
(2076, '967', '2746', 11),
(2077, '324', '1870', 1),
(2078, '324', '1534', 2),
(2079, '324', '2236', 3),
(2080, '324', '1998', 4),
(2081, '324', '2208', 5),
(2082, '324', '1243', 6),
(2083, '324', '318', 7),
(2084, '324', '354', 8),
(2085, '324', '2693', 9),
(2086, '324', '1675', 10),
(2087, '324', '1226', 11),
(2088, '324', '2763', 12),
(2089, '21', '986', 1),
(2090, '21', '857', 2),
(2091, '21', '2473', 3),
(2092, '21', '55', 4),
(2093, '21', '779', 5),
(2094, '21', '326', 6),
(2095, '21', '1445', 7),
(2096, '21', '216', 8),
(2097, '21', '1321', 9),
(2098, '21', '1565', 10),
(2099, '21', '1100', 11),
(2100, '21', '2186', 12),
(2101, '21', '2528', 13),
(2102, '21', '1076', 14),
(2103, '21', '2721', 15),
(2104, '956', '179', 1),
(2105, '956', '1962', 2),
(2106, '956', '1657', 3),
(2107, '956', '1436', 4),
(2108, '956', '1497', 5),
(2109, '956', '1889', 6),
(2110, '956', '1333', 7),
(2111, '956', '227', 8),
(2112, '956', '502', 9),
(2113, '956', '1036', 10),
(2114, '956', '1590', 11),
(2115, '956', '456', 12),
(2116, '956', '938', 13),
(2117, '956', '308', 14),
(2118, '956', '2519', 15),
(2119, '956', '353', 16),
(2120, '956', '2632', 17),
(2121, '434', '657', 1),
(2122, '434', '433', 2),
(2123, '434', '617', 3),
(2124, '434', '1026', 4),
(2125, '434', '1022', 5),
(2126, '434', '1753', 6),
(2127, '434', '402', 7),
(2128, '434', '1961', 8),
(2129, '434', '2475', 9),
(2130, '434', '1242', 10),
(2131, '434', '138', 11),
(2132, '434', '1999', 12),
(2133, '434', '1722', 13),
(2134, '434', '1703', 14),
(2135, '434', '2670', 15),
(2136, '434', '450', 16),
(2137, '434', '310', 17),
(2138, '434', '536', 18),
(2139, '434', '419', 19),
(2140, '434', '2403', 20),
(2141, '434', '2501', 21),
(2142, '434', '2789', 22),
(2143, '121', '1946', 1),
(2144, '121', '1317', 2),
(2145, '121', '495', 3),
(2146, '121', '1971', 4),
(2147, '121', '2605', 5),
(2148, '121', '1859', 6),
(2149, '121', '1761', 7);
INSERT INTO `line_stops` (`id`, `line`, `stop`, `stop_number`) VALUES
(2150, '121', '429', 8),
(2151, '121', '1107', 9),
(2152, '121', '2039', 10),
(2153, '121', '2456', 11),
(2154, '121', '848', 12),
(2155, '121', '1336', 13),
(2156, '121', '1103', 14),
(2157, '121', '2458', 15),
(2158, '121', '1308', 16),
(2159, '121', '1853', 17),
(2160, '121', '802', 18),
(2161, '121', '333', 19),
(2162, '121', '567', 20),
(2163, '121', '2222', 21),
(2164, '121', '2206', 22),
(2165, '121', '671', 23),
(2166, '121', '251', 24),
(2167, '121', '2201', 25),
(2168, '121', '1489', 26),
(2169, '121', '2560', 27),
(2170, '121', '1496', 28),
(2171, '121', '484', 29),
(2172, '121', '1654', 30),
(2173, '121', '1148', 31),
(2174, '121', '2743', 32),
(2175, '484', '302', 1),
(2176, '484', '53', 2),
(2177, '484', '106', 3),
(2178, '484', '1696', 4),
(2179, '484', '2041', 5),
(2180, '484', '2339', 6),
(2181, '484', '2620', 7),
(2182, '484', '1902', 8),
(2183, '484', '98', 9),
(2184, '484', '1056', 10),
(2185, '484', '434', 11),
(2186, '484', '351', 12),
(2187, '484', '826', 13),
(2188, '484', '3', 14),
(2189, '484', '1991', 15),
(2190, '484', '1708', 16),
(2191, '484', '2343', 17),
(2192, '484', '2812', 18),
(2193, '928', '276', 1),
(2194, '928', '369', 2),
(2195, '928', '1102', 3),
(2196, '928', '487', 4),
(2197, '928', '1919', 5),
(2198, '928', '1294', 6),
(2199, '928', '685', 7),
(2200, '928', '62', 8),
(2201, '928', '1712', 9),
(2202, '928', '2092', 10),
(2203, '928', '2213', 11),
(2204, '928', '190', 12),
(2205, '928', '2532', 13),
(2206, '923', '326', 1),
(2207, '923', '2443', 2),
(2208, '923', '1367', 3),
(2209, '923', '2713', 4),
(2210, '923', '72', 5),
(2211, '923', '2826', 6),
(2212, '934', '160', 1),
(2213, '934', '1533', 2),
(2214, '934', '458', 3),
(2215, '934', '31', 4),
(2216, '934', '2828', 5),
(2217, '37', '61', 1),
(2218, '37', '237', 2),
(2219, '37', '1617', 3),
(2220, '37', '2103', 4),
(2221, '37', '2641', 5),
(2222, '37', '706', 6),
(2223, '37', '2102', 7),
(2224, '37', '1375', 8),
(2225, '37', '1160', 9),
(2226, '37', '515', 10),
(2227, '37', '824', 11),
(2228, '37', '1618', 12),
(2229, '37', '247', 13),
(2230, '76', '1303', 1),
(2231, '76', '1555', 2),
(2232, '76', '1661', 3),
(2233, '76', '45', 4),
(2234, '76', '127', 5),
(2235, '76', '2726', 6),
(2236, '47', '383', 1),
(2237, '47', '1460', 2),
(2238, '47', '1302', 3),
(2239, '47', '2209', 4),
(2240, '47', '879', 5),
(2241, '47', '1503', 6),
(2242, '47', '568', 7),
(2243, '47', '1762', 8),
(2244, '47', '1101', 9),
(2245, '47', '2174', 10),
(2246, '47', '2724', 11),
(2247, '325', '1870', 1),
(2248, '325', '1534', 2),
(2249, '325', '1564', 3),
(2250, '325', '1856', 4),
(2251, '325', '332', 5),
(2252, '325', '835', 6),
(2253, '325', '2764', 7),
(2254, '20', '2494', 1),
(2255, '20', '1441', 2),
(2256, '20', '1166', 3),
(2257, '20', '1624', 4),
(2258, '20', '539', 5),
(2259, '20', '2526', 6),
(2260, '20', '1846', 7),
(2261, '20', '2292', 8),
(2262, '20', '1600', 9),
(2263, '20', '1446', 10),
(2264, '20', '962', 11),
(2265, '20', '1006', 12),
(2266, '20', '1139', 13),
(2267, '20', '283', 14),
(2268, '20', '1713', 15),
(2269, '20', '593', 16),
(2270, '20', '2672', 17),
(2271, '20', '1474', 18),
(2272, '20', '2205', 19),
(2273, '20', '1597', 20),
(2274, '20', '2520', 21),
(2275, '20', '97', 22),
(2276, '20', '1655', 23),
(2277, '20', '1581', 24),
(2278, '20', '2436', 25),
(2279, '20', '2228', 26),
(2280, '20', '1810', 27),
(2281, '20', '2289', 28),
(2282, '20', '979', 29),
(2283, '20', '489', 30),
(2284, '20', '2160', 31),
(2285, '20', '2338', 32),
(2286, '20', '1017', 33),
(2287, '20', '369', 34),
(2288, '20', '276', 35),
(2289, '20', '1792', 36),
(2290, '20', '2203', 37),
(2291, '20', '986', 38),
(2292, '906', '2011', 1),
(2293, '906', '1594', 2),
(2294, '906', '71', 3),
(2295, '906', '1913', 4),
(2296, '906', '50', 5),
(2297, '906', '2063', 6),
(2298, '906', '2241', 7),
(2299, '906', '2018', 8),
(2300, '906', '1382', 9),
(2301, '906', '208', 10),
(2302, '906', '2494', 11),
(2303, '18', '986', 1),
(2304, '18', '604', 2),
(2305, '18', '29', 3),
(2306, '18', '1567', 4),
(2307, '18', '1558', 5),
(2308, '18', '16', 6),
(2309, '18', '1288', 7),
(2310, '18', '1779', 8),
(2311, '18', '1112', 9),
(2312, '18', '1418', 10),
(2313, '102', '2608', 1),
(2314, '102', '2077', 2),
(2315, '102', '647', 3),
(2316, '102', '428', 4),
(2317, '102', '703', 5),
(2318, '102', '2078', 6),
(2319, '102', '1338', 7),
(2320, '102', '785', 8),
(2321, '102', '1239', 9),
(2322, '102', '762', 10),
(2323, '102', '1241', 11),
(2324, '102', '295', 12),
(2325, '102', '893', 13),
(2326, '102', '964', 14),
(2327, '102', '1995', 15),
(2328, '102', '1958', 16),
(2329, '102', '629', 17),
(2330, '102', '2032', 18),
(2331, '146', '819', 1),
(2332, '146', '1188', 2),
(2333, '146', '93', 3),
(2334, '146', '2130', 4),
(2335, '146', '934', 5),
(2336, '146', '375', 6),
(2337, '146', '613', 7),
(2338, '146', '1105', 8),
(2339, '146', '70', 9),
(2340, '146', '1488', 10),
(2341, '146', '888', 11),
(2342, '146', '1341', 12),
(2343, '146', '1389', 13),
(2344, '146', '2649', 14),
(2345, '146', '2599', 15),
(2346, '146', '661', 16),
(2347, '146', '43', 17),
(2348, '146', '1638', 18),
(2349, '146', '80', 19),
(2350, '146', '2700', 20),
(2351, '30b', '247', 1),
(2352, '30b', '154', 2),
(2353, '30b', '1512', 3),
(2354, '30b', '851', 4),
(2355, '30b', '1416', 5),
(2356, '30b', '1577', 6),
(2357, '30b', '1023', 7),
(2358, '30b', '2509', 8),
(2359, '30b', '169', 9),
(2360, '30b', '113', 10),
(2361, '30b', '1225', 11),
(2362, '30b', '898', 12),
(2363, '30b', '2535', 13),
(2364, '30b', '1473', 14),
(2365, '30b', '631', 15),
(2366, '11', '1728', 1),
(2367, '11', '298', 2),
(2368, '11', '1442', 3),
(2369, '11', '913', 4),
(2370, '11', '699', 5),
(2371, '11', '1736', 6),
(2372, '11', '2082', 7),
(2373, '11', '2232', 8),
(2374, '11', '804', 9),
(2375, '11', '1798', 10),
(2376, '11', '424', 11),
(2377, '11', '781', 12),
(2378, '11', '1387', 13),
(2379, '11', '2158', 14),
(2380, '11', '2177', 15),
(2381, '11', '26', 16),
(2382, '11', '1462', 17),
(2383, '11', '2182', 18),
(2384, '11', '716', 19),
(2385, '11', '1235', 20),
(2386, '11', '1006', 21),
(2387, '152', '2314', 1),
(2388, '152', '1371', 2),
(2389, '152', '159', 3),
(2390, '152', '1257', 4),
(2391, '152', '312', 5),
(2392, '152', '1644', 6),
(2393, '152', '1183', 7),
(2394, '152', '2570', 8),
(2395, '152', '1469', 9),
(2396, '152', '14', 10),
(2397, '152', '2122', 11),
(2398, '152', '1857', 12),
(2399, '152', '1281', 13),
(2400, '152', '819', 14),
(2401, '45', '2494', 1),
(2402, '45', '2696', 2),
(2403, '45', '1178', 3),
(2404, '45', '503', 4),
(2405, '45', '1213', 5),
(2406, '45', '871', 6),
(2407, '45', '2491', 7),
(2408, '45', '2269', 8),
(2409, '45', '185', 9),
(2410, '331b', '1531', 1),
(2411, '331b', '1978', 2),
(2412, '331b', '588', 3),
(2413, '331b', '399', 4),
(2414, '331b', '1746', 5),
(2415, '331b', '2398', 6),
(2416, '331b', '2044', 7),
(2417, '969', '1435', 1),
(2418, '969', '262', 2),
(2419, '969', '1159', 3),
(2420, '969', '1637', 4),
(2421, '969', '978', 5),
(2422, '969', '2707', 6),
(2423, '969', '592', 7),
(2424, '969', '1767', 8),
(2425, '969', '2512', 9),
(2426, '969', '1250', 10),
(2427, '969', '1406', 11),
(2428, '969', '146', 12),
(2429, '969', '733', 13),
(2430, '969', '1526', 14),
(2431, '969', '2127', 15),
(2432, '969', '2836', 16),
(2433, '117', '1551', 1),
(2434, '117', '1706', 2),
(2435, '117', '1604', 3),
(2436, '117', '336', 4),
(2437, '117', '2598', 5),
(2438, '117', '387', 6),
(2439, '117', '2368', 7),
(2440, '117', '2563', 8),
(2441, '117', '244', 9),
(2442, '117', '1506', 10),
(2443, '117', '1669', 11),
(2444, '117', '1015', 12),
(2445, '117', '808', 13),
(2446, '117', '1154', 14),
(2447, '117', '884', 15),
(2448, '117', '1180', 16),
(2449, '117', '1130', 17),
(2450, '117', '1776', 18),
(2451, '117', '174', 19),
(2452, '117', '2454', 20),
(2453, '117', '643', 21),
(2454, '117', '2030', 22),
(2455, '117', '233', 23),
(2456, '117', '2183', 24),
(2457, '145', '928', 1),
(2458, '145', '1749', 2),
(2459, '145', '405', 3),
(2460, '145', '2374', 4),
(2461, '145', '1404', 5),
(2462, '145', '130', 6),
(2463, '145', '10', 7),
(2464, '145', '1586', 8),
(2465, '145', '1088', 9),
(2466, '145', '2301', 10),
(2467, '145', '1389', 11),
(2468, '145', '1341', 12),
(2469, '145', '849', 13),
(2470, '145', '538', 14),
(2471, '145', '2433', 15),
(2472, '145', '2593', 16),
(2473, '145', '2157', 17),
(2474, '145', '765', 18),
(2475, '145', '439', 19),
(2476, '145', '547', 20),
(2477, '15', '722', 1),
(2478, '15', '724', 2),
(2479, '15', '708', 3),
(2480, '15', '1599', 4),
(2481, '15', '760', 5),
(2482, '15', '1471', 6),
(2483, '15', '1142', 7),
(2484, '15', '2497', 8),
(2485, '15', '1511', 9),
(2486, '15', '868', 10),
(2487, '15', '2667', 11),
(2488, '15', '2260', 12),
(2489, '15', '445', 13),
(2490, '15', '844', 14),
(2491, '15', '2215', 15),
(2492, '15', '1793', 16),
(2493, '15', '907', 17),
(2494, '15', '986', 18),
(2495, '339b', '1081', 1),
(2496, '339b', '2008', 2),
(2497, '339b', '2192', 3),
(2498, '339b', '598', 4),
(2499, '339b', '1260', 5),
(2500, '339b', '2771', 6),
(2501, '87', '723', 1),
(2502, '87', '1830', 2),
(2503, '87', '242', 3),
(2504, '87', '1955', 4),
(2505, '87', '2607', 5),
(2506, '87', '940', 6),
(2507, '87', '1674', 7),
(2508, '87', '1817', 8),
(2509, '87', '2561', 9),
(2510, '87', '1570', 10),
(2511, '87', '2113', 11),
(2512, '87', '651', 12),
(2513, '87', '2200', 13),
(2514, '87', '141', 14),
(2515, '87', '2442', 15),
(2516, '87', '2349', 16),
(2517, '87', '1677', 17),
(2518, '87', '1730', 18),
(2519, '87', '1378', 19),
(2520, '87', '599', 20),
(2521, '22', '326', 1),
(2522, '22', '1631', 2),
(2523, '22', '1094', 3),
(2524, '22', '2417', 4),
(2525, '22', '379', 5),
(2526, '98', '2086', 1),
(2527, '98', '1069', 2),
(2528, '98', '2151', 3),
(2529, '98', '200', 4),
(2530, '98', '226', 5),
(2531, '98', '2395', 6),
(2532, '98', '2444', 7),
(2533, '98', '1146', 8),
(2534, '98', '47', 9),
(2535, '98', '1316', 10),
(2536, '98', '1980', 11),
(2537, '98', '776', 12),
(2538, '98', '1061', 13),
(2539, '98', '815', 14),
(2540, '98', '183', 15),
(2541, '98', '545', 16),
(2542, '44', '2470', 1),
(2543, '44', '15', 2),
(2544, '44', '2133', 3),
(2545, '44', '482', 4),
(2546, '44', '2696', 5),
(2547, '44', '2494', 6),
(2548, '414a', '2245', 1),
(2549, '414a', '2459', 2),
(2550, '414a', '664', 3),
(2551, '414a', '2004', 4),
(2552, '414a', '1922', 5),
(2553, '414a', '58', 6),
(2554, '414a', '291', 7),
(2555, '414a', '2328', 8),
(2556, '414a', '1783', 9),
(2557, '414a', '1890', 10),
(2558, '414a', '2164', 11),
(2559, '414a', '2068', 12),
(2560, '414a', '1952', 13),
(2561, '414a', '1472', 14),
(2562, '414a', '2781', 15),
(2563, '916', '514', 1),
(2564, '916', '2610', 2),
(2565, '916', '1805', 3),
(2566, '916', '2288', 4),
(2567, '916', '2230', 5),
(2568, '916', '2056', 6),
(2569, '916', '832', 7),
(2570, '916', '1001', 8),
(2571, '916', '475', 9),
(2572, '458c', '2313', 1),
(2573, '458c', '2406', 2),
(2574, '458c', '2537', 3),
(2575, '458a', '687', 1),
(2576, '458a', '1768', 2),
(2577, '458a', '1137', 3),
(2578, '458a', '957', 4),
(2579, '458a', '2680', 5),
(2580, '458a', '2221', 6),
(2581, '458a', '693', 7),
(2582, '458a', '2801', 8),
(2583, '911', '1006', 1),
(2584, '911', '2105', 2),
(2585, '911', '1700', 3),
(2586, '911', '287', 4),
(2587, '911', '253', 5),
(2588, '911', '2238', 6),
(2589, '911', '736', 7),
(2590, '911', '497', 8),
(2591, '911', '2043', 9),
(2592, '911', '1167', 10),
(2593, '921a', '217', 1),
(2594, '921a', '202', 2),
(2595, '921a', '524', 3),
(2596, '921a', '2135', 4),
(2597, '921a', '18', 5),
(2598, '921a', '2825', 6),
(2599, '12', '2207', 1),
(2600, '12', '1111', 2),
(2601, '12', '423', 3),
(2602, '12', '68', 4),
(2603, '12', '2720', 5),
(2604, '330', '2054', 1),
(2605, '330', '1746', 2),
(2606, '330', '2044', 3),
(2607, '330', '2398', 4),
(2608, '330', '2108', 5),
(2609, '330', '1286', 6),
(2610, '330', '75', 7),
(2611, '330', '1044', 8),
(2612, '330', '1395', 9),
(2613, '330', '2244', 10),
(2614, '330', '1841', 11),
(2615, '330', '2765', 12),
(2616, '24', '2532', 1),
(2617, '24', '13', 2),
(2618, '24', '2462', 3),
(2619, '921', '986', 1),
(2620, '921', '2435', 2),
(2621, '921', '1236', 3),
(2622, '921', '601', 4),
(2623, '921', '581', 5),
(2624, '921', '586', 6),
(2625, '921', '1860', 7),
(2626, '921', '1917', 8),
(2627, '921', '1574', 9),
(2628, '921', '1764', 10),
(2629, '921', '2716', 11),
(2630, '921', '2616', 12),
(2631, '921', '1969', 13),
(2632, '921', '573', 14),
(2633, '921', '217', 15),
(2634, '921', '1184', 16),
(2635, '921', '2824', 17),
(2636, '421', '1050', 1),
(2637, '421', '773', 2),
(2638, '421', '499', 3),
(2639, '421', '1920', 4),
(2640, '421', '81', 5),
(2641, '421', '1584', 6),
(2642, '421', '2785', 7),
(2643, '115', '2027', 1),
(2644, '115', '1966', 2),
(2645, '115', '1129', 3),
(2646, '115', '649', 4),
(2647, '115', '1388', 5),
(2648, '115', '110', 6),
(2649, '115', '1261', 7),
(2650, '115', '2741', 8),
(2651, '107', '2677', 1),
(2652, '107', '1901', 2),
(2653, '107', '1074', 3),
(2654, '107', '198', 4),
(2655, '107', '1848', 5),
(2656, '107', '718', 6),
(2657, '107', '532', 7),
(2658, '107', '2281', 8),
(2659, '107', '2437', 9),
(2660, '107', '2739', 10),
(2661, '153', '1009', 1),
(2662, '153', '1957', 2),
(2663, '153', '1538', 3),
(2664, '153', '2235', 4),
(2665, '153', '746', 5),
(2666, '153', '95', 6),
(2667, '153', '2422', 7),
(2668, '153', '2748', 8),
(2669, '953', '1971', 1),
(2670, '953', '215', 2),
(2671, '953', '1374', 3),
(2672, '953', '1010', 4),
(2673, '953', '2521', 5),
(2674, '953', '989', 6),
(2675, '953', '2833', 7),
(2676, '155', '945', 1),
(2677, '155', '2619', 2),
(2678, '155', '2268', 3),
(2679, '155', '1234', 4),
(2680, '155', '820', 5),
(2681, '155', '1791', 6),
(2682, '155', '2678', 7),
(2683, '155', '1499', 8),
(2684, '155', '472', 9),
(2685, '155', '983', 10),
(2686, '155', '2450', 11),
(2687, '155', '285', 12),
(2688, '155', '547', 13),
(2689, '9', '533', 1),
(2690, '9', '74', 2),
(2691, '9', '2312', 3),
(2692, '9', '328', 4),
(2693, '9', '2579', 5),
(2694, '9', '1861', 6),
(2695, '9', '194', 7),
(2696, '9', '463', 8),
(2697, '9', '311', 9),
(2698, '9', '277', 10),
(2699, '9', '1323', 11),
(2700, '9', '1209', 12),
(2701, '9', '681', 13),
(2702, '9', '2719', 14),
(2703, '943', '300', 1),
(2704, '943', '2393', 2),
(2705, '943', '2357', 3),
(2706, '943', '855', 4),
(2707, '943', '2831', 5),
(2708, '420a', '1869', 1),
(2709, '420a', '2256', 2),
(2710, '420a', '1189', 3),
(2711, '420a', '638', 4),
(2712, '420a', '1030', 5),
(2713, '420a', '2543', 6),
(2714, '420a', '2553', 7),
(2715, '420a', '2784', 8),
(2716, '308', '1589', 1),
(2717, '308', '742', 2),
(2718, '308', '297', 3),
(2719, '308', '2351', 4),
(2720, '308', '1004', 5),
(2721, '470', '2028', 1),
(2722, '470', '2671', 2),
(2723, '470', '2025', 3),
(2724, '470', '1393', 4),
(2725, '470', '1718', 5),
(2726, '470', '485', 6),
(2727, '470', '2806', 7),
(2728, '26', '631', 1),
(2729, '26', '811', 2),
(2730, '26', '2046', 3),
(2731, '26', '2323', 4),
(2732, '26', '382', 5),
(2733, '26', '1220', 6),
(2734, '26', '293', 7),
(2735, '26', '763', 8),
(2736, '26', '1122', 9),
(2737, '26', '51', 10),
(2738, '26', '931', 11),
(2739, '424', '99', 1),
(2740, '424', '2047', 2),
(2741, '424', '1125', 3),
(2742, '424', '135', 4),
(2743, '424', '1075', 5),
(2744, '424', '653', 6),
(2745, '424', '2457', 7),
(2746, '424', '1049', 8),
(2747, '424', '2485', 9),
(2748, '424', '2363', 10),
(2749, '424', '2582', 11),
(2750, '424', '676', 12),
(2751, '424', '1182', 13),
(2752, '424', '774', 14),
(2753, '424', '2515', 15),
(2754, '424', '2569', 16),
(2755, '424', '1319', 17),
(2756, '424', '1313', 18),
(2757, '424', '178', 19),
(2758, '424', '1732', 20),
(2759, '459', '383', 1),
(2760, '459', '2091', 2),
(2761, '459', '1169', 3),
(2762, '459', '1008', 4),
(2763, '459', '2020', 5),
(2764, '459', '1784', 6),
(2765, '459', '1977', 7),
(2766, '459', '2124', 8),
(2767, '459', '2406', 9),
(2768, '459', '2537', 10),
(2769, '459', '2313', 11),
(2770, '491', '2086', 1),
(2771, '491', '1290', 2),
(2772, '491', '2297', 3),
(2773, '491', '1794', 4),
(2774, '491', '1426', 5),
(2775, '491', '1352', 6),
(2776, '491', '2818', 7),
(2777, '310', '1553', 1),
(2778, '310', '32', 2),
(2779, '310', '2166', 3),
(2780, '310', '1097', 4),
(2781, '310', '2687', 5),
(2782, '310', '1739', 6),
(2783, '310', '2661', 7),
(2784, '310', '549', 8),
(2785, '310', '1201', 9),
(2786, '310', '2754', 10),
(2787, '482a', '677', 1),
(2788, '482a', '2630', 2),
(2789, '482a', '594', 3),
(2790, '482a', '2287', 4),
(2791, '482a', '942', 5),
(2792, '482a', '2575', 6),
(2793, '482a', '1324', 7),
(2794, '482a', '2810', 8),
(2795, '332', '536', 1),
(2796, '332', '419', 2),
(2797, '332', '2580', 3),
(2798, '332', '523', 4),
(2799, '332', '2423', 5),
(2800, '332', '2767', 6),
(2801, '963', '2005', 1),
(2802, '963', '1766', 2),
(2803, '963', '1432', 3),
(2804, '963', '317', 4),
(2805, '963', '2318', 5),
(2806, '963', '2375', 6),
(2807, '963', '1150', 7),
(2808, '963', '914', 8),
(2809, '963', '755', 9),
(2810, '963', '1093', 10),
(2811, '460', '1905', 1),
(2812, '460', '82', 2),
(2813, '460', '2090', 3),
(2814, '460', '52', 4),
(2815, '460', '2802', 5),
(2816, '450b', '1940', 1),
(2817, '450b', '614', 2),
(2818, '450b', '2242', 3),
(2819, '450b', '1556', 4),
(2820, '450b', '316', 5),
(2821, '450b', '2149', 6),
(2822, '450b', '1151', 7),
(2823, '450b', '101', 8),
(2824, '450b', '413', 9),
(2825, '450b', '123', 10),
(2826, '450b', '1354', 11),
(2827, '450b', '2794', 12),
(2828, '481', '1875', 1),
(2829, '481', '956', 2),
(2830, '481', '2669', 3),
(2831, '481', '800', 4),
(2832, '481', '1738', 5),
(2833, '481', '2808', 6),
(2834, '406', '270', 1),
(2835, '406', '543', 2),
(2836, '406', '322', 3),
(2837, '406', '1621', 4),
(2838, '406', '1907', 5),
(2839, '406', '1603', 6),
(2840, '406', '976', 7),
(2841, '406', '2776', 8),
(2842, '402', '2665', 1),
(2843, '402', '2326', 2),
(2844, '402', '1944', 3),
(2845, '402', '2775', 4),
(2846, '935a', '350', 1),
(2847, '935a', '2255', 2),
(2848, '935a', '2830', 3),
(2849, '962', '437', 1),
(2850, '962', '1491', 2),
(2851, '962', '1005', 3),
(2852, '962', '1174', 4),
(2853, '962', '250', 5),
(2854, '962', '2551', 6),
(2855, '962', '2496', 7),
(2856, '962', '259', 8),
(2857, '962', '977', 9),
(2858, '962', '883', 10),
(2859, '962', '2492', 11),
(2860, '962', '566', 12),
(2861, '962', '1000', 13),
(2862, '962', '2834', 14),
(2863, '65', '2005', 1),
(2864, '65', '2484', 2),
(2865, '65', '1524', 3),
(2866, '65', '1664', 4),
(2867, '65', '2257', 5),
(2868, '65', '2645', 6),
(2869, '65', '911', 7),
(2870, '65', '1090', 8),
(2871, '65', '1289', 9),
(2872, '65', '852', 10),
(2873, '65', '2611', 11),
(2874, '65', '932', 12),
(2875, '65', '2684', 13),
(2876, '65', '420', 14),
(2877, '65', '1544', 15),
(2878, '65', '1099', 16),
(2879, '65', '461', 17),
(2880, '433', '433', 1),
(2881, '433', '657', 2),
(2882, '433', '163', 3),
(2883, '433', '1616', 4),
(2884, '433', '1304', 5),
(2885, '433', '1513', 6),
(2886, '433', '828', 7),
(2887, '433', '421', 8),
(2888, '433', '794', 9),
(2889, '433', '2788', 10),
(2890, '317b', '1176', 1),
(2891, '317b', '2758', 2),
(2892, '308a', '1589', 1),
(2893, '308a', '742', 2),
(2894, '308a', '297', 3),
(2895, '308a', '2753', 4),
(2896, '488', '1829', 1),
(2897, '488', '1968', 2),
(2898, '488', '2453', 3),
(2899, '488', '1527', 4),
(2900, '488', '2387', 5),
(2901, '488', '615', 6),
(2902, '488', '2352', 7),
(2903, '488', '248', 8),
(2904, '488', '2150', 9),
(2905, '488', '2569', 10),
(2906, '465', '179', 1),
(2907, '465', '2602', 2),
(2908, '465', '2171', 3),
(2909, '465', '1541', 4),
(2910, '465', '1941', 5),
(2911, '465', '1482', 6),
(2912, '465', '1011', 7),
(2913, '465', '2805', 8),
(2914, '27', '922', 1),
(2915, '27', '730', 2),
(2916, '27', '1055', 3),
(2917, '27', '271', 4),
(2918, '27', '589', 5),
(2919, '27', '56', 6),
(2920, '27', '325', 7),
(2921, '27', '1033', 8),
(2922, '27', '2096', 9),
(2923, '27', '1932', 10),
(2924, '27', '1446', 11),
(2925, '27', '962', 12),
(2926, '27', '1006', 13),
(2927, '75', '1970', 1),
(2928, '75', '1994', 2),
(2929, '75', '580', 3),
(2930, '75', '1117', 4),
(2931, '75', '2198', 5),
(2932, '75', '981', 6),
(2933, '75', '2652', 7),
(2934, '75', '1465', 8),
(2935, '75', '842', 9),
(2936, '75', '1303', 10),
(2937, '75', '1956', 11),
(2938, '75', '710', 12),
(2939, '75', '2069', 13),
(2940, '75', '2482', 14),
(2941, '75', '1802', 15),
(2942, '75', '2057', 16),
(2943, '75', '583', 17),
(2944, '75', '1823', 18),
(2945, '75', '2567', 19),
(2946, '75', '1447', 20),
(2947, '75', '188', 21),
(2948, '5', '2494', 1),
(2949, '5', '2656', 2),
(2950, '5', '329', 3),
(2951, '5', '350', 4),
(2952, '5', '1583', 5),
(2953, '5', '1326', 6),
(2954, '5', '1422', 7),
(2955, '5', '160', 8),
(2956, '5', '2300', 9),
(2957, '5', '172', 10),
(2958, '5', '341', 11),
(2959, '5', '1742', 12),
(2960, '5', '2646', 13),
(2961, '5', '2185', 14),
(2962, '5', '660', 15),
(2963, '5', '1933', 16),
(2964, '5', '274', 17),
(2965, '5', '2298', 18),
(2966, '14', '1345', 1),
(2967, '14', '1084', 2),
(2968, '14', '1804', 3),
(2969, '14', '813', 4),
(2970, '14', '1254', 5),
(2971, '14', '551', 6),
(2972, '14', '2335', 7),
(2973, '14', '2381', 8),
(2974, '14', '2265', 9),
(2975, '903', '656', 1),
(2976, '903', '1263', 2),
(2977, '903', '2009', 3),
(2978, '903', '2820', 4),
(2979, '101', '1543', 1),
(2980, '101', '1363', 2),
(2981, '101', '1850', 3),
(2982, '101', '1376', 4),
(2983, '101', '2624', 5),
(2984, '101', '2155', 6),
(2985, '101', '432', 7),
(2986, '101', '622', 8),
(2987, '101', '1342', 9),
(2988, '101', '2175', 10),
(2989, '101', '1240', 11),
(2990, '101', '2737', 12),
(2991, '968', '1435', 1),
(2992, '968', '262', 2),
(2993, '968', '542', 3),
(2994, '968', '2308', 4),
(2995, '968', '1726', 5),
(2996, '968', '887', 6),
(2997, '968', '83', 7),
(2998, '968', '1898', 8),
(2999, '968', '910', 9),
(3000, '968', '2237', 10),
(3001, '968', '2836', 11),
(3002, '64', '2005', 1),
(3003, '64', '2484', 2),
(3004, '64', '823', 3),
(3005, '64', '479', 4),
(3006, '64', '335', 5),
(3007, '64', '1095', 6),
(3008, '64', '2674', 7),
(3009, '64', '2240', 8),
(3010, '64', '2438', 9),
(3011, '64', '1573', 10),
(3012, '64', '2464', 11),
(3013, '64', '1752', 12),
(3014, '64', '376', 13),
(3015, '64', '2592', 14),
(3016, '64', '469', 15),
(3017, '64', '2321', 16),
(3018, '64', '2163', 17),
(3019, '64', '899', 18),
(3020, '64', '505', 19),
(3021, '64', '902', 20),
(3022, '905', '1248', 1),
(3023, '905', '2100', 2),
(3024, '905', '1854', 3),
(3025, '905', '2483', 4),
(3026, '905', '2821', 5),
(3027, '60', '181', 1),
(3028, '60', '944', 2),
(3029, '60', '1140', 3),
(3030, '60', '697', 4),
(3031, '60', '786', 5),
(3032, '60', '1545', 6),
(3033, '60', '576', 7),
(3034, '60', '1464', 8),
(3035, '60', '2154', 9),
(3036, '60', '220', 10),
(3037, '60', '1327', 11),
(3038, '60', '2362', 12),
(3039, '60', '2643', 13),
(3040, '60', '970', 14),
(3041, '60', '211', 15),
(3042, '60', '880', 16),
(3043, '60', '2023', 17),
(3044, '60', '2632', 18),
(3045, '60', '353', 19),
(3046, '60', '2519', 20),
(3047, '60', '1025', 21),
(3048, '60', '218', 22),
(3049, '60', '104', 23),
(3050, '60', '1412', 24),
(3051, '60', '1875', 25),
(3052, '60', '156', 26),
(3053, '60', '2690', 27),
(3054, '60', '1016', 28),
(3055, '60', '2517', 29),
(3056, '60', '906', 30),
(3057, '60', '2152', 31),
(3058, '60', '2005', 32),
(3059, '929', '1462', 1),
(3060, '929', '118', 2),
(3061, '929', '1705', 3),
(3062, '929', '1796', 4),
(3063, '929', '2827', 5),
(3064, '437', '380', 1),
(3065, '437', '930', 2),
(3066, '437', '126', 3),
(3067, '437', '650', 4),
(3068, '437', '783', 5),
(3069, '437', '2791', 6),
(3070, '490', '1744', 1),
(3071, '490', '897', 2),
(3072, '490', '2263', 3),
(3073, '490', '791', 4),
(3074, '490', '1721', 5),
(3075, '490', '2416', 6),
(3076, '490', '2612', 7),
(3077, '490', '1585', 8),
(3078, '490', '2817', 9),
(3079, '453', '2022', 1),
(3080, '453', '2655', 2),
(3081, '453', '2214', 3),
(3082, '453', '2120', 4),
(3083, '453', '1265', 5),
(3084, '453', '2797', 6),
(3085, '498', '1282', 1),
(3086, '498', '587', 2),
(3087, '498', '1256', 3),
(3088, '498', '926', 4),
(3089, '498', '2138', 5),
(3090, '498', '2189', 6),
(3091, '498', '364', 7),
(3092, '498', '213', 8),
(3093, '498', '2819', 9),
(3094, '331a', '457', 1),
(3095, '331a', '175', 2),
(3096, '331a', '949', 3),
(3097, '331a', '2766', 4),
(3098, '321', '81', 1),
(3099, '321', '972', 2),
(3100, '321', '2761', 3),
(3101, '464', '932', 1),
(3102, '464', '1596', 2),
(3103, '464', '1788', 3),
(3104, '464', '905', 4),
(3105, '464', '414', 5),
(3106, '464', '2310', 6),
(3107, '464', '2804', 7),
(3108, '83', '2325', 1),
(3109, '83', '1453', 2),
(3110, '83', '556', 3),
(3111, '83', '2730', 4),
(3112, '458', '441', 1),
(3113, '458', '2410', 2),
(3114, '458', '1666', 3),
(3115, '458', '6', 4),
(3116, '458', '393', 5),
(3117, '458', '2313', 6),
(3118, '458', '1134', 7),
(3119, '458', '2800', 8),
(3120, '311', '2603', 1),
(3121, '311', '2277', 2),
(3122, '311', '2070', 3),
(3123, '311', '508', 4),
(3124, '311', '2755', 5),
(3125, '452', '2022', 1),
(3126, '452', '734', 2),
(3127, '452', '2796', 3),
(3128, '462', '461', 1),
(3129, '462', '528', 2),
(3130, '462', '1138', 3),
(3131, '462', '1879', 4),
(3132, '462', '2660', 5),
(3133, '462', '452', 6),
(3134, '462', '2803', 7),
(3135, '486a', '1300', 1),
(3136, '486a', '2507', 2),
(3137, '486a', '2814', 3),
(3138, '111', '2027', 1),
(3139, '111', '1935', 2),
(3140, '111', '1884', 3),
(3141, '111', '987', 4),
(3142, '111', '1279', 5),
(3143, '111', '1299', 6),
(3144, '111', '2050', 7),
(3145, '111', '933', 8),
(3146, '111', '873', 9),
(3147, '111', '1685', 10),
(3148, '111', '77', 11),
(3149, '111', '2692', 12),
(3150, '111', '1413', 13),
(3151, '111', '1222', 14),
(3152, '927', '2032', 1),
(3153, '927', '2556', 2),
(3154, '927', '1019', 3),
(3155, '927', '65', 4),
(3156, '927', '2190', 5),
(3157, '927', '1592', 6),
(3158, '927', '1296', 7),
(3159, '313', '459', 1),
(3160, '313', '2651', 2),
(3161, '313', '2366', 3),
(3162, '313', '2756', 4),
(3163, '451', '2534', 1),
(3164, '451', '1504', 2),
(3165, '451', '1198', 3),
(3166, '451', '440', 4),
(3167, '451', '2129', 5),
(3168, '451', '2795', 6),
(3169, '103', '511', 1),
(3170, '103', '410', 2),
(3171, '103', '553', 3),
(3172, '103', '2628', 4),
(3173, '103', '1259', 5),
(3174, '103', '939', 6),
(3175, '103', '1362', 7),
(3176, '103', '859', 8),
(3177, '103', '1379', 9),
(3178, '103', '904', 10),
(3179, '103', '260', 11),
(3180, '103', '1455', 12),
(3181, '317a', '1176', 1),
(3182, '317a', '2757', 2),
(3183, '100c', '2086', 1),
(3184, '100c', '2034', 2),
(3185, '100c', '917', 3),
(3186, '100c', '1292', 4),
(3187, '100c', '2299', 5),
(3188, '100c', '268', 6),
(3189, '100c', '1775', 7),
(3190, '100c', '2454', 8),
(3191, '100c', '643', 9),
(3192, '100c', '2030', 10),
(3193, '100c', '233', 11),
(3194, '100c', '2576', 12),
(3195, '100c', '2183', 13),
(3196, '918', '986', 1),
(3197, '918', '673', 2),
(3198, '918', '2662', 3),
(3199, '918', '2571', 4),
(3200, '918', '182', 5),
(3201, '918', '105', 6),
(3202, '918', '1153', 7),
(3203, '918', '1818', 8),
(3204, '918', '2823', 9),
(3205, '48', '2666', 1),
(3206, '48', '526', 2),
(3207, '48', '2548', 3),
(3208, '48', '2037', 4),
(3209, '48', '1927', 5),
(3210, '977', '2057', 1),
(3211, '977', '2271', 2),
(3212, '977', '2838', 3),
(3213, '318', '1892', 1),
(3214, '318', '147', 2),
(3215, '318', '2759', 3),
(3216, '922', '379', 1),
(3217, '922', '801', 2),
(3218, '922', '2075', 3),
(3219, '922', '2615', 4),
(3220, '922', '1938', 5),
(3221, '922', '1173', 6),
(3222, '126', '131', 1),
(3223, '126', '2745', 2),
(3224, '437a', '380', 1),
(3225, '437a', '930', 2),
(3226, '437a', '896', 3),
(3227, '437a', '833', 4),
(3228, '437a', '2792', 5),
(3229, '85', '304', 1),
(3230, '85', '665', 2),
(3231, '85', '112', 3),
(3232, '85', '608', 4),
(3233, '85', '2731', 5),
(3234, '339', '1081', 1),
(3235, '339', '2008', 2),
(3236, '339', '2192', 3),
(3237, '339', '598', 4),
(3238, '339', '743', 5),
(3239, '339', '177', 6),
(3240, '339', '2769', 7),
(3241, '974', '1821', 1),
(3242, '974', '2538', 2),
(3243, '974', '132', 3),
(3244, '974', '677', 4),
(3245, '963a', '1093', 1),
(3246, '963a', '1883', 2),
(3247, '963a', '738', 3),
(3248, '963a', '2835', 4),
(3249, '961a', '67', 1),
(3250, '961a', '279', 2),
(3251, '961a', '679', 3),
(3252, '961a', '2084', 4),
(3253, '412', '1269', 1),
(3254, '412', '2779', 2),
(3255, '401', '2633', 1),
(3256, '401', '30', 2),
(3257, '401', '1985', 3),
(3258, '401', '558', 4),
(3259, '401', '2665', 5),
(3260, '401', '2774', 6),
(3261, '323', '900', 1),
(3262, '323', '1911', 2),
(3263, '323', '1777', 3),
(3264, '323', '19', 4),
(3265, '323', '2762', 5),
(3266, '136', '1880', 1),
(3267, '136', '863', 2),
(3268, '136', '1231', 3),
(3269, '136', '1521', 4),
(3270, '136', '2121', 5),
(3271, '136', '236', 6),
(3272, '136', '2347', 7),
(3273, '136', '2554', 8),
(3274, '136', '1623', 9),
(3275, '136', '2746', 10),
(3276, '38', '2525', 1),
(3277, '38', '61', 2),
(3278, '307', '966', 1),
(3279, '307', '309', 2),
(3280, '307', '2751', 3),
(3281, '100', '1894', 1),
(3282, '100', '562', 2),
(3283, '100', '59', 3),
(3284, '100', '752', 4),
(3285, '100', '252', 5),
(3286, '100', '994', 6),
(3287, '100', '3000', 7),
(3288, '100', '3001', 8),
(3289, '100', '3002', 9),
(3290, '100', '3003', 10),
(3291, '100', '3004', 11),
(3292, '100', '3005', 12),
(3293, '100', '3006', 13),
(3294, '100', '3007', 14),
(3295, '100', '3008', 15),
(3296, '100', '3009', 16),
(3297, '100', '3010', 17),
(3298, '100', '3011', 18),
(3299, '100', '3012', 19),
(3300, '100', '3013', 20),
(3301, '100', '1339', 21),
(3302, '100', '3015', 22),
(3303, '100', '3016', 23),
(3304, '100', '3017', 24),
(3305, '100', '928', 25),
(3306, '100', '2330', 26),
(3307, '100', '3020', 27),
(3308, '100', '3021', 28),
(3309, '100', '3022', 29),
(3310, '100', '3023', 30),
(3311, '100', '1402', 31),
(3312, '100', '3025', 32),
(3313, '100', '2032', 33),
(3314, '100', '3027', 34),
(3315, '100', '511', 35),
(3316, '100', '3029', 36),
(3317, '100', '1543', 37),
(3318, '100', '3031', 38),
(3319, '100', '656', 39),
(3320, '100', '3033', 40),
(3321, '100', '3034', 41),
(3322, '100', '3035', 42),
(3323, '100', '3036', 43),
(3324, '100', '3037', 44),
(3325, '100', '2677', 45),
(3326, '100', '2278', 46),
(3327, '100', '1457', 47),
(3328, '100', '3041', 48),
(3329, '100', '3042', 49),
(3330, '100', '3043', 50),
(3331, '100', '3044', 51),
(3332, '100', '3045', 52),
(3333, '100', '3046', 53),
(3334, '100', '3047', 54),
(3335, '100', '2183', 55);

-- --------------------------------------------------------

--
-- Table structure for table `stops`
--

CREATE TABLE `stops` (
  `id` int NOT NULL COMMENT 'ID',
  `name` varchar(255) CHARACTER SET utf8mb4 COLLATE utf8mb4_0900_ai_ci NOT NULL COMMENT 'Stop name (unique)'
) ENGINE=InnoDB DEFAULT CHARSET=utf8mb4 COLLATE=utf8mb4_0900_ai_ci;

--
-- Dumping data for table `stops`
--

INSERT INTO `stops` (`id`, `name`) VALUES
(2451, '11. majori elgazs'),
(2673, '18. s 35. elgazs'),
(2059, '18. kitr'),
(1242, '23. majori elgazs'),
(2509, '28. major'),
(142, '29. majori kigazs'),
(1784, '39. major'),
(2522, '47. s 57. elgazs'),
(2264, '48. kitr'),
(2573, '50. sz. istll'),
(2307, '52. majori elgazs'),
(1525, '6. major'),
(336, '66. major'),
(2620, '67. major'),
(1961, '67. majori delta'),
(1554, '70-es kitr'),
(1832, '73. major'),
(2385, '81. majori elgazs'),
(2350, '84. kitr'),
(614, '88. majori elgazs'),
(1211, 'Aba-Srkeresztr'),
(1239, 'Abdszalk'),
(442, 'Abaliget'),
(1268, 'Abapuszta'),
(1144, 'Abajkr'),
(2442, 'Abajsznt'),
(2393, 'Abajsznti frd'),
(1980, 'Abajszina'),
(1753, 'Abda'),
(2852, 'Abony'),
(2167, 'Abonyi t'),
(1089, 'brahmhegy'),
(657, 'cs'),
(1733, 'Acsa-Erdkrt'),
(1791, 'Acsd'),
(2010, 'Adcs'),
(1375, 'dnd'),
(384, 'Adony'),
(2035, 'Adorjnpuszta'),
(1075, 'Agrd'),
(1255, 'Agrdytelep'),
(1642, 'gasegyhza'),
(311, 'gasegyhzi tanyk'),
(1386, 'gerdmajor'),
(1600, 'gostonpuszta'),
(2812, 'gya'),
(1941, 'Agyagbnya'),
(845, 'Ajak'),
(1472, 'Ajka'),
(2203, 'Ajka-Gyrtelep'),
(1989, 'Akaszt'),
(2222, 'Alagimajor'),
(632, 'Alap'),
(571, 'Albertfalva'),
(2847, 'Albertirsa'),
(1987, 'Algy'),
(448, 'Alibnfa'),
(786, 'llampuszta'),
(1587, 'Almamellk'),
(1577, 'Almamellk als'),
(2605, 'Almr'),
(1951, 'Alms'),
(1217, 'Almsfzit'),
(2381, 'Almsfzit fels'),
(1142, 'Almskert'),
(441, 'lomzg'),
(2374, 'Alsblatelep'),
(557, 'Alsbikol'),
(2803, 'Alsbogt'),
(1134, 'Alsboldva'),
(2179, 'Alserd'),
(41, 'Alsgalla'),
(2113, 'Alsgd'),
(1414, 'Alsgyenes'),
(2064, 'Alskara'),
(1114, 'Alslszl'),
(523, 'Alslv'),
(525, 'Alsmajsa'),
(2078, 'Alsmntelek'),
(383, 'Alsnemesapti'),
(2410, 'Alsnyk'),
(2058, 'Alsreghegy'),
(1165, 'Alsrs'),
(1720, 'Alsregmec'),
(1563, 'Alsrnk'),
(236, 'Alssegesd'),
(38, 'Alssomly'),
(688, 'Alsszkt'),
(92, 'Alsrrt'),
(2772, 'Alsvadcs'),
(524, 'Ambrzfalva'),
(1803, 'Anarcs'),
(1798, 'Andocs'),
(1949, 'Andkt'),
(1902, 'Andornaktlya'),
(2625, 'Andornaktlya als'),
(1666, 'Andrshida'),
(1838, 'Andrshida rgi'),
(2168, 'Angyalfld'),
(1398, 'Angyaltelek'),
(2819, 'Annavlgyibnya-Srisp'),
(46, 'Antalszlls'),
(1455, 'Apafa'),
(1197, 'Apagy'),
(2204, 'Aptfalva'),
(2860, 'Apavra'),
(924, 'Apc-Zagyvasznt'),
(372, 'porka'),
(908, 'Apostag'),
(1810, 'Aquincum'),
(2740, 'Arad'),
(1713, 'Aradvnypuszta'),
(2618, 'Arany Jnos u.'),
(932, 'Aranyosapti'),
(307, 'Aranyospuszta'),
(1408, 'Aranyvlgy'),
(31, 'rkipuszta'),
(177, 'rpd utca'),
(2800, 'rpdhalom'),
(1339, 'rpdszlls'),
(81, 'rpdtelep'),
(1340, 'rtnd'),
(1470, 'sotthalom'),
(1888, 'sotthalom fels'),
(2545, 'Aszal'),
(1740, 'szr'),
(2644, 'szr-Kemnytgyr'),
(147, 'Aszd'),
(1482, 'Aszf'),
(910, 'ta'),
(1051, 'Attala'),
(2408, 'Attala GV'),
(22, 'Attilapuszta'),
(2505, 'Augusztamajor'),
(91, 'Bab I.'),
(1383, 'Bab II.'),
(210, 'Babcsa'),
(2229, 'Bbolna'),
(1311, 'Babmajor'),
(2702, 'Bbonymegyer'),
(2026, 'Bcsalms'),
(2405, 'Bcsalmsi gymlcss'),
(2463, 'Bcsalmsi tanyk'),
(2288, 'Bcsalmsi vrserd'),
(1274, 'Bcsbokod-Bcsborsd'),
(1461, 'Bcsborsdi tanyk'),
(156, 'Badacsony'),
(1847, 'Badacsonylbdihegy'),
(66, 'Badacsonyrs'),
(2116, 'Badacsonytomaj'),
(2699, 'Badacsonytrdemic-Szigliget'),
(1145, 'Bag'),
(464, 'Bagimajor'),
(2210, 'Bagod'),
(2400, 'Bgyogszovt'),
(1433, 'Baja'),
(261, 'Baja szllsvros'),
(2193, 'Baja-Dunafrd'),
(2384, 'Baja-Dunapart'),
(2563, 'Bajai mt'),
(2368, 'Bajai szlk'),
(1171, 'Bajnsenye'),
(1658, 'Bajonta'),
(368, 'Bajti-elgazs'),
(1894, 'Bakonybnk'),
(1385, 'Bakonygyirt'),
(1619, 'Bakonykoppny'),
(423, 'Bakonypterd'),
(171, 'Bakonysrkny'),
(2156, 'Bakonyszentlszl'),
(2154, 'Bakonyszombathely'),
(1696, 'Bakonytamsi'),
(474, 'Baktalrnthza'),
(1230, 'Bakt'),
(187, 'Balassagyarmat'),
(1807, 'Balstya'),
(293, 'Balatonakali-Drgicse'),
(1834, 'Balatonakarattya'),
(1649, 'Balatonaliga'),
(1977, 'Balatonalmdi'),
(735, 'Balatonalmdi-reghegy'),
(2236, 'Balatonalmdi-Remetevlgy'),
(763, 'Balatonarcs'),
(1616, 'Balatonberny'),
(2633, 'Balatonboglr'),
(875, 'Balatonboglr fels'),
(1223, 'Balatonederics'),
(897, 'Balatonederics rgi'),
(406, 'Balatonfenyves'),
(200, 'Balatonfenyves als'),
(473, 'Balatonfenyves fels'),
(1079, 'Balatonfenyves GV'),
(1054, 'Balatonfkajr'),
(1671, 'Balatonfkajr fels'),
(2320, 'Balatonfldvr'),
(2446, 'Balatonfred'),
(1131, 'Balatonfzf'),
(168, 'Balatongyrk'),
(2214, 'Balatonkenese'),
(823, 'Balatonkeresztr'),
(1056, 'Balatonlelle'),
(2476, 'Balatonlelle fels'),
(1500, 'Balatonmriafrd'),
(1071, 'Balatonrendes'),
(694, 'Balatonszrsz'),
(693, 'Balatonszemes'),
(246, 'Balatonszentgyrgy'),
(2507, 'Balatonszentmihly'),
(1818, 'Balatonszepezd'),
(1338, 'Balatonszepezd fels'),
(1608, 'Balatonszplak als'),
(1550, 'Balatonszplak fels'),
(873, 'Balatonudvari'),
(514, 'Balatonjlak'),
(731, 'Balatonvilgos'),
(1723, 'Balffrd'),
(2827, 'Balinka'),
(433, 'Balkn'),
(1124, 'Balkny'),
(1341, 'Balladl'),
(1467, 'Ballszg'),
(1203, 'Balmazjvros'),
(573, 'Balogh tanya'),
(8, 'Balotaszlls'),
(163, 'Balsa'),
(2780, 'Balsa-Tiszapart'),
(2110, 'Bnfa'),
(1993, 'Bnhalma-Halast'),
(1109, 'Bnhida'),
(1121, 'Bnhidymajor'),
(45, 'Bnk'),
(2603, 'Bnkt'),
(1990, 'Bnrve'),
(738, 'Bnrvei Vzm'),
(529, 'Barackos'),
(811, 'Barackos mh.'),
(2354, 'Baracska'),
(1361, 'Brnd'),
(2252, 'Baranthegy'),
(2494, 'Baranyaszentistvn'),
(976, 'Baranyavr-Plmonostor'),
(2752, 'Brnyfok'),
(2783, 'Bartrti romok'),
(1193, 'Bartsg'),
(276, 'Bartudvar megll'),
(310, 'Bartudvar-Fltorony'),
(624, 'Brca'),
(2630, 'Barcs'),
(352, 'Barcs fels'),
(625, 'Barcstelep'),
(1495, 'Brdudvarnok'),
(2789, 'Barosakna'),
(260, 'Barosstelep'),
(2856, 'Barta'),
(173, 'Bashalom'),
(504, 'Bta'),
(901, 'Btaszk'),
(964, 'Bat'),
(1635, 'Btmonostor'),
(2534, 'Battonya'),
(2814, 'Battonya GV'),
(1641, 'Battynd'),
(747, 'Batyk-kitr'),
(578, 'Bzakerettye als'),
(257, 'Bzakerettye fels'),
(646, 'Bazsmajor'),
(112, 'Becehegy'),
(69, 'Becske'),
(1970, 'Becske als'),
(2458, 'Bede megll'),
(2343, 'Bedszeg'),
(1721, 'Bks'),
(1686, 'Bks kikt'),
(1117, 'Bks Krspart'),
(599, 'Bks Szchenyi tr'),
(1944, 'Bkscsaba'),
(1516, 'Bkscsaba Kossuth tr'),
(1697, 'Bkscsaba Sztlin ti kitr'),
(1680, 'Bkscsaba villanytelep'),
(2142, 'Bksi tanyk'),
(2784, 'Bkssmson'),
(2559, 'Blaptfalva'),
(1568, 'Blaptfalvi Cementgyr'),
(1651, 'Blatanya'),
(1561, 'Blatelep'),
(2047, 'Belatinc'),
(2360, 'Blavr'),
(794, 'Belecska'),
(2427, 'Beled'),
(1190, 'Beleg'),
(2667, 'Belenfz'),
(696, 'Belezna'),
(2389, 'Blmegyer'),
(2200, 'Blmegyeri tanyk'),
(560, 'Bels jtelep'),
(1176, 'Belsbrnd'),
(1101, 'Belskamarspuszta'),
(2651, 'Belsnyr'),
(40, 'Belsperegpuszta'),
(1125, 'Blzerind'),
(1533, 'Bna'),
(2862, 'Benedekvlgy'),
(258, 'Benge'),
(1248, 'Breg'),
(1257, 'Berekfrd'),
(1303, 'Berekht'),
(1172, 'Beremend'),
(1004, 'Beremend fels'),
(249, 'Beremend hatr'),
(1345, 'Beremendi Cementm'),
(222, 'Berente'),
(2622, 'Berettyjfalu'),
(2120, 'Beretvstelep'),
(324, 'Berhida'),
(1463, 'Berkenye'),
(219, 'Berzence'),
(1040, 'Besny'),
(776, 'Besnyi t'),
(145, 'Bezdn'),
(1344, 'Bezenye'),
(1452, 'Bezinart'),
(2437, 'Biatorbgy'),
(2121, 'Biatorbgy rgi'),
(712, 'Bicere'),
(905, 'Bicsrd'),
(2009, 'Bicske'),
(1972, 'Bicske als'),
(621, 'Biharkeresztes'),
(1940, 'Biharnagybajom'),
(1238, 'Biharpspki'),
(1154, 'Biharszentandrs'),
(748, 'Bikcs'),
(1872, 'Biri'),
(941, 'Br megll'),
(2100, 'Bize'),
(2761, 'Blokkhz'),
(1057, 'B'),
(1808, 'Boba'),
(2868, 'Bocskaikert'),
(1324, 'Bodajk'),
(37, 'Bodajk fels'),
(502, 'Bodakajtor-Felsszentivn'),
(1501, 'Bodolyabr'),
(1984, 'Bodorfa'),
(162, 'Bodroghalsz'),
(133, 'Bodrogkeresztr'),
(620, 'Bodrogolaszi'),
(2656, 'Bdvaszilas'),
(11, 'Bogrz'),
(1270, 'Bogdsa'),
(2639, 'Bhnye'),
(1261, 'Bojr-Holls'),
(308, 'Bojsza'),
(52, 'Bojtrtelek'),
(2395, 'Bkahza'),
(566, 'Bkny'),
(5, 'Bokod'),
(1805, 'Blcske'),
(820, 'Boldog'),
(462, 'Boldogasszony'),
(47, 'Boldogkvralja'),
(1395, 'Boldva'),
(1669, 'Bolhacsrda'),
(356, 'Bolhs'),
(419, 'Bly'),
(499, 'Bonnya'),
(651, 'Bonum'),
(2694, 'Brgnd'),
(919, 'Borosgyn'),
(2173, 'Bors'),
(2155, 'Borsihalom'),
(1748, 'Borsmonostor'),
(1111, 'Borsod rakod'),
(1066, 'Borsodszirk'),
(1954, 'Borsosberny'),
(109, 'Brvely'),
(1206, 'Brzsnygyngye'),
(2165, 'Brzsnyliget'),
(700, 'Bsrkny'),
(605, 'Bsznfa'),
(1046, 'Bsztr'),
(155, 'Botykapeterd'),
(549, 'Bratislava NS'),
(1173, 'Bratislava-Nov Mesto'),
(2715, 'Bruck-Kirlyhida'),
(580, 'Bucsu'),
(805, 'Bcsszentlszl'),
(359, 'Budafa'),
(1991, 'Budafok'),
(951, 'Budahomok'),
(2850, 'Budai t'),
(1156, 'Budars'),
(890, 'Budapest-Dli'),
(172, 'Budapest-Jzsefvros'),
(891, 'Budapest-Kelenfld'),
(1741, 'Budapest-Keleti'),
(1892, 'Budapest-Nyugati'),
(1179, 'Budapest-Vrosszli telep'),
(2340, 'Budattny'),
(563, 'Bdsktpuszta'),
(2, 'Bugac'),
(1605, 'Bugac fels'),
(2099, 'Bugacpuszta'),
(2019, 'Buj'),
(920, 'Buj kzsg'),
(843, 'Bk'),
(1153, 'Bk frdtelep'),
(2329, 'Bkksd'),
(1578, 'Cece'),
(1337, 'Cegld'),
(2358, 'Cegld KCK'),
(2105, 'Cegld-Bke tr'),
(1823, 'Cegld-Vigad'),
(2848, 'Cegldbercel'),
(2849, 'Cegldbercel-Cser'),
(1473, 'Cegldi kiserdk'),
(1327, 'Cegldi kzkrhz'),
(2686, 'Cegldi szllsok'),
(978, 'Celldmlk'),
(151, 'Center'),
(1423, 'Center als'),
(795, 'Chernelhzadamonya'),
(1349, 'Chinoin'),
(89, 'Cibak'),
(480, 'Cignd'),
(2291, 'Cigndi tanyk'),
(377, 'Cik'),
(652, 'Cinkus'),
(1251, 'Csaba als'),
(446, 'Csabacsd'),
(2191, 'Csabacsd fels'),
(719, 'Csabai tanyk'),
(152, 'Csabaszabadi'),
(533, 'Csabony'),
(270, 'Csajg'),
(588, 'Csajg fels'),
(2525, 'Csajg rgi'),
(1858, 'Csajta'),
(215, 'Csknydoroszl'),
(1380, 'Csala'),
(347, 'Csandapca'),
(1851, 'Csandpalota'),
(568, 'Csnig'),
(1278, 'Csanyik-Erdei iskola'),
(2425, 'Csnyoszr'),
(2734, 'Csap'),
(1039, 'Csapod'),
(1474, 'Csrdaszlls'),
(2657, 'Csarnapuszta'),
(1450, 'Csszr'),
(2873, 'Csszrszlls'),
(591, 'Cstalja'),
(495, 'Csatrimajor'),
(1792, 'Cseger elgazs'),
(1915, 'Csm'),
(1503, 'Csemetekert'),
(861, 'Csem'),
(4, 'Csem felsjrs'),
(1151, 'Csempeszkopcs'),
(1931, 'Csmpuszta'),
(312, 'Csengele'),
(1913, 'Csenger'),
(635, 'Csengd'),
(43, 'Cspa'),
(2429, 'Csepreg'),
(2249, 'Cserdi-Helesfa'),
(376, 'Csereerd'),
(1161, 'Csernfa'),
(335, 'Cserepes'),
(2810, 'Cserepes GV'),
(860, 'Cserepesi tanyk'),
(2535, 'Cserepespuszta'),
(2187, 'Cseres-tr'),
(2626, 'Cserht'),
(317, 'Cserk'),
(1366, 'Csermajor'),
(534, 'Csert'),
(2593, 'Csibrk'),
(634, 'Csikria'),
(950, 'Csikria kitr'),
(611, 'Csikriai szlk'),
(505, 'Csiki csrda'),
(2661, 'Csiksttts'),
(242, 'Csillagtanya'),
(2636, 'Csillebrc'),
(136, 'Csincse'),
(2767, 'Csisztafrd'),
(124, 'Csittnyhegy'),
(2582, 'Csobd'),
(1420, 'Cskak'),
(2342, 'Csokonyavisonta'),
(485, 'Csokonyavisonta als'),
(364, 'Csokonyavisonta fels'),
(2440, 'Csokvaomny'),
(440, 'Csoma-Szabadi'),
(992, 'Csomd'),
(452, 'Csmdr EV'),
(1438, 'Csmdri-t'),
(322, 'Csomorkny'),
(506, 'Csongrd'),
(2293, 'Csongrd als'),
(1249, 'Csongrdi ti tanyk'),
(1523, 'Csopak'),
(1622, 'Csr-Ndasdladny'),
(2430, 'Csorba als'),
(479, 'Csorba fels'),
(1693, 'Csorba fmsz. bolt'),
(2263, 'Csorna'),
(344, 'Csrg'),
(1692, 'Csrgi szlk'),
(885, 'Csorvs'),
(2124, 'Csorvs als'),
(2612, 'Cssz'),
(2756, 'Csvnyos'),
(808, 'Csugar'),
(2624, 'Csurgaszi csrda'),
(2314, 'Csurg'),
(565, 'Csza'),
(2653, 'Cukorgyr'),
(2146, 'Dabas'),
(984, 'Dabronc'),
(2189, 'Dad'),
(1267, 'Dalmand'),
(2610, 'Danckapart'),
(2808, 'Danitanya'),
(1024, 'Darny'),
(435, 'Darnypuszta'),
(1162, 'Darufalva'),
(1765, 'Dvod'),
(579, 'DCM elgazs'),
(2675, 'Debrecen'),
(1050, 'Debrecen marhavsrtr'),
(2276, 'Debrecen-Csapkert'),
(2619, 'Debrecen-Fatelep'),
(2102, 'Debrecen-Kertvros'),
(127, 'Debrecen-Kondoros'),
(1717, 'Debrecen-Szabadsgtelep'),
(1899, 'Debrecen-Tglskert'),
(2327, 'Debrecen-jfld'),
(239, 'Debrecen-Vsrtr'),
(2438, 'Decs'),
(2796, 'Dg'),
(1821, 'Dejtr'),
(1491, 'Dlegyhza'),
(724, 'Dli t'),
(2254, 'Dll'),
(2005, 'Demecser'),
(1736, 'Dencshza'),
(1342, 'Dnesfa'),
(981, 'Dnesmajor'),
(1002, 'Depnia'),
(1139, 'Derecske'),
(960, 'Derecske-Vsrtr'),
(320, 'Drtanya'),
(1494, 'Deszk'),
(1294, 'Dvavnya'),
(96, 'Devecser'),
(2315, 'Dinnys'),
(1744, 'Disgyr LEV'),
(2042, 'Disgyr-Majlth'),
(2396, 'Disgyr-Vroskzpont'),
(1301, 'Disjen'),
(542, 'Dispuszta'),
(1148, 'Disviszl'),
(2341, 'Diriczi tanya'),
(787, 'Dobaipuszta'),
(2066, 'Dob iskola'),
(1094, 'Dbrkz'),
(2521, 'Domaszk'),
(1571, 'Dombay-t'),
(697, 'Dombegyhz'),
(2182, 'Dombegyhz fels'),
(1208, 'Dombegyhz Hunyadi t'),
(590, 'Dombiratos'),
(233, 'Dombiratos fels'),
(622, 'Dombostanya'),
(382, 'Dombvr'),
(1490, 'Dombvr als'),
(2781, 'Dombrd'),
(2160, 'Dmeflde'),
(1547, 'Dmsi tkels'),
(268, 'Dmsd'),
(2353, 'Dnt'),
(2833, 'Donji Miholjac'),
(771, 'Dr'),
(1841, 'Dork'),
(1246, 'Dorog'),
(2008, 'Dzsa kitr'),
(1266, 'Dzsa tsz'),
(2280, 'Dzsalaktanya'),
(813, 'Drvacsepely'),
(1994, 'Drvafok'),
(1881, 'Drvapalkonya-Drvaszabolcs'),
(737, 'Drvaszabolcs'),
(1709, 'Drvasztra-Zalta'),
(2621, 'Drvatamsi'),
(1800, 'Drgely'),
(2055, 'Drgelypalnk'),
(2067, 'Drgelyvr'),
(740, 'Dubicsny'),
(1794, 'Dudar'),
(2825, 'Dudarbnya'),
(2086, 'Dunaalms'),
(1517, 'Dunaegyhza'),
(2082, 'Dunafldvr'),
(678, 'Dunafldvr fels'),
(277, 'Dunaharaszti'),
(1820, 'Dunaharaszti als'),
(2362, 'Dunai Finomt'),
(2046, 'Dunakeszi'),
(2648, 'Dunakeszi als'),
(2024, 'Dunakeszi megll'),
(545, 'Dunakeszi-Gyrtelep'),
(2547, 'Dunakmld'),
(2745, 'Dunapataj'),
(855, 'Dunatettlen'),
(2397, 'Dunajvros'),
(1038, 'Dunajvros kls'),
(869, 'Dunavarsny'),
(1624, 'Dunavecse'),
(416, 'Dzs'),
(2716, 'Ebenfurth'),
(2865, 'Ebes'),
(2481, 'Ebsznybnya'),
(1734, 'cs'),
(1299, 'Ecser'),
(2502, 'Edelny'),
(770, 'Edelny als'),
(722, 'Eger'),
(1953, 'Eger-Felnmet'),
(1316, 'Eger-Rendez'),
(1828, 'Eger-Tihamr'),
(971, 'Egeresvlgy-Varrhz'),
(539, 'Egerfarmos'),
(122, 'gri elgazs'),
(1445, 'gerlp'),
(241, 'Egervr'),
(1419, 'Egervr-Vasboldogasszony'),
(2333, 'Egyed-Rbacsanak'),
(2289, 'Egyek'),
(778, 'Egyhzasrdc'),
(415, 'Egyhzerd'),
(1302, 'Elgazs GV'),
(214, 'Elek'),
(1216, 'Eleki t'),
(963, 'Elht'),
(1034, 'Elszlls'),
(2125, 'Elzaszlls'),
(2512, 'Emmamajor'),
(453, 'Emd'),
(994, 'Enese'),
(314, 'Enying'),
(2013, 'Etvs major'),
(2690, 'Eperjeske als'),
(1233, 'Eplny'),
(2020, 'Ercsi'),
(2794, 'Ercsi Marx tr'),
(1412, 'rd'),
(302, 'rd als'),
(114, 'rd fels'),
(1557, 'rd-Elgazs'),
(454, 'Erdszlak'),
(28, 'rdliget'),
(2680, 'Erdbnye'),
(2801, 'Erdf'),
(1195, 'Erdkertes'),
(375, 'Erdsmecske'),
(2424, 'Erdszl'),
(2075, 'Erdtelek'),
(1780, 'rdl'),
(2638, 'Ereklys'),
(125, 'Ereny'),
(1836, 'rht'),
(2736, 'rmihlyfalva'),
(1617, 'Erzsbetmajor'),
(2574, 'szaki kitr'),
(757, 'Esztergom'),
(85, 'Esztergom-Kertvros'),
(234, 'Esztergomi csavargzs'),
(367, 'Esztergomi tbor'),
(1076, 'Ete'),
(405, 'Etelka'),
(1811, 'Eternitgyr'),
(402, 'Fbinsebestyn'),
(1871, 'Fcnkert'),
(595, 'Fakapu'),
(1200, 'Fancsika GV'),
(569, 'Fard'),
(2764, 'Farkasgdr-rvnyk'),
(1854, 'Farkasmly-Borpinck'),
(459, 'Farmos'),
(2242, 'Fazola-koh'),
(369, 'Fegyvernek piactr'),
(530, 'Fegyvernek szabadsgtelep'),
(185, 'Fegyvernek Tpart'),
(2087, 'Fegyvernek vsrtr'),
(1400, 'Fegyvernek-rmnyes'),
(1062, 'Fegyverneki t'),
(2256, 'Fehrgyarmat'),
(445, 'Fehrht'),
(1793, 'Fehrt fels'),
(1581, 'Fehrvrcsurg'),
(1258, 'Fehrvzpuszta'),
(2590, 'Feked'),
(2514, 'Fekete'),
(176, 'Feketeakol'),
(2629, 'Feketebzseny'),
(1177, 'Feketegyarmat'),
(123, 'Feketehalom'),
(1768, 'Feketehalomtanya'),
(431, 'Feketenagytanya'),
(290, 'Feketeszl'),
(540, 'Feketevlgy'),
(1592, 'Felcst'),
(71, 'Felcst vastlloms'),
(1049, 'Felnmet'),
(451, 'Felsbda'),
(2663, 'Felsbikol'),
(2101, 'Felsbogtpuszta'),
(1047, 'Felscebe'),
(2144, 'Felscsem'),
(2218, 'Felserzsbetpuszta'),
(2571, 'Felsgalla'),
(907, 'Felsgd'),
(1011, 'Felsjnosfa'),
(800, 'Felsjnosfa rgi'),
(2753, 'Felskak'),
(2267, 'Felskrtvlyes'),
(942, 'Felslajos'),
(2820, 'Felslszl'),
(2823, 'Felslv'),
(1045, 'Felsmntelek'),
(1754, 'Felsmocsold'),
(1729, 'Felsnyk'),
(216, 'Felsr'),
(1346, 'Felsreghegy'),
(2390, 'Felspakony'),
(400, 'Felspaty'),
(2227, 'Felsrajk'),
(498, 'Felstrkny Dohnygyri dl'),
(772, 'Felstrkny Mszget'),
(1582, 'Felstrkny Sziklaforrs'),
(1918, 'Felstrkny Vadaskert'),
(80, 'Felstrkny-Fthz'),
(1532, 'Felsjvros'),
(2324, 'Felsvadcs'),
(2627, 'Felszsolca'),
(153, 'Fenkpuszta'),
(1437, 'Fnyes'),
(1862, 'Fnyesi szlk'),
(1042, 'Fnyeslitke'),
(1716, 'Fenyves baromfitelep'),
(1115, 'Fenyveshegy'),
(1487, 'Ferencszlls'),
(642, 'Ferenctanya'),
(2021, 'Ferenctelep'),
(1143, 'Ferencvros'),
(2839, 'Ferihegy'),
(228, 'Fertboz'),
(1574, 'Fertboz-Mzeumvast'),
(1432, 'Fertendrd'),
(532, 'Fertszentmikls'),
(1447, 'Fertszentmikls als'),
(74, 'Fertszplak-Fertd'),
(327, 'Fertjlak'),
(943, 'Fityehz'),
(1001, 'Fodortanya'),
(1283, 'Fldek'),
(2366, 'Folys'),
(1978, 'Fony'),
(2040, 'Fonyd'),
(1116, 'Fonydliget'),
(519, 'Fornd-Kecsege'),
(361, 'Forr-Encs'),
(2708, 'Ft'),
(366, 'Ftfrd'),
(2031, 'Ftjfalu'),
(477, 'Fvenyes'),
(2416, 'Fvenypuszta'),
(269, 'Franciavgs'),
(1586, 'Fle'),
(2727, 'Flek'),
(1956, 'Flekipuszta'),
(2312, 'Flpszlls'),
(2334, 'Fperegpuszta'),
(391, 'Frged'),
(809, 'Frjes'),
(2787, 'Fzrkomls'),
(309, 'Fzrradvny'),
(2049, 'Fzesabony'),
(232, 'Fzesbokor'),
(1604, 'Fzesgyarmat'),
(1122, 'Fzesgyarmat-Macsks'),
(2015, 'Fzesgyarmat-Tglagyr'),
(673, 'Fzesgyarmatfrd'),
(962, 'Fzfs'),
(2595, 'Fzffrd'),
(466, 'Gbortelep'),
(849, 'Gacsly'),
(1896, 'Gdor'),
(1185, 'Gdoros'),
(1107, 'Gajdospuszta'),
(1181, 'Galambhz'),
(982, 'Galambos'),
(2498, 'Galbcs kert'),
(2096, 'Galgaguta'),
(1988, 'Galgagyrk'),
(1849, 'Galgahvz'),
(1654, 'Galgamcsa'),
(1321, 'Glos'),
(989, 'Glosfa'),
(594, 'Gamsza'),
(2306, 'Gara'),
(2763, 'Garadna'),
(2652, 'Garamkvesd'),
(2339, 'Grdony'),
(2133, 'Gasthaus Pia'),
(789, 'Gtr'),
(2281, 'Gvavencsell'),
(2332, 'Gvavencsell als'),
(1625, 'Gvavencsell fels'),
(211, 'Gecse-Gyarmat'),
(1417, 'Ggny'),
(1183, 'Gelse'),
(548, 'Gemenc-Dunapart'),
(2659, 'Gemenci delta'),
(212, 'Gencs'),
(1565, 'Gencsapti als'),
(1556, 'Gencsapti fels'),
(118, 'Gplloms'),
(486, 'Grce'),
(1942, 'Gerecse'),
(975, 'Gerencepuszta'),
(2392, 'Gerje'),
(1813, 'Gic-Hathalom'),
(195, 'Gilnyi'),
(2411, 'Gd'),
(878, 'Godisa'),
(135, 'Gdll'),
(521, 'Gdll-llami telepek'),
(739, 'Godvr'),
(51, 'Ggnfa'),
(1462, 'Gla'),
(6, 'Glle'),
(392, 'Glle fels'),
(225, 'Golop'),
(814, 'Gnc'),
(1060, 'Gncruszka'),
(2213, 'Gr'),
(1457, 'Grbed'),
(2561, 'Grbehza'),
(365, 'Grbekanyar'),
(1304, 'Grbemajor'),
(316, 'Grcsny'),
(996, 'Grnypuszta'),
(1691, 'Grgeteg'),
(2452, 'Grgszlls'),
(816, 'Gorzsa'),
(2640, 'Gsfa'),
(36, 'Gubs'),
(1083, 'Guth'),
(2107, 'Gyl'),
(1253, 'Gyl fels'),
(2719, 'Gyanafalva'),
(575, 'Gyknyes'),
(2560, 'Gyknyes-Kavicsbnya'),
(1575, 'Gyenesdis'),
(1583, 'Gyermekotthon'),
(57, 'Gykrkt'),
(683, 'Gyoma'),
(868, 'Gyomai elgazs'),
(1155, 'Gymre'),
(1647, 'Gymre-Tt'),
(2443, 'Gymr'),
(1399, 'Gymr-Tfrd'),
(434, 'Gyn'),
(617, 'Gyngyfa-Magyarmecske'),
(2729, 'Gyngys'),
(1868, 'Gyngys EV'),
(16, 'Gyngysfalu'),
(111, 'Gyngyshalsz'),
(1788, 'Gyngyshermn'),
(1737, 'Gyngysoldal'),
(1241, 'Gyngyssolymos'),
(1189, 'Gyoprosfrd'),
(1090, 'Gyoprosi szlk'),
(1726, 'Gyr'),
(297, 'Gyr-Gyrvros'),
(1796, 'Gyrasszonyfa'),
(1560, 'Gyrgyliget'),
(508, 'Gyrgytarl'),
(1440, 'Gyrszabadhegy'),
(2532, 'Gyrszemere'),
(304, 'Gyrszentivn'),
(280, 'Gyrtelek'),
(1078, 'Gyrtelek als'),
(2681, 'Gyrvr'),
(2275, 'Gyta-Busvr'),
(674, 'Gygr'),
(262, 'Gyula'),
(1102, 'Gyula GV'),
(410, 'Gyula-Jnoszug'),
(2286, 'Gyulahza'),
(2083, 'Gyulai vroserd'),
(1901, 'Gyulamez'),
(2097, 'Gyulavri'),
(2570, 'Gylevsz'),
(2048, 'Gyre'),
(1945, 'Hagyms'),
(2309, 'Hagyms GV'),
(531, 'Hajdbagos'),
(2706, 'Hajdbszrmny'),
(264, 'Hajddorog'),
(2869, 'Hajdhadhz'),
(2345, 'Hajdjrs'),
(1772, 'Hajdnns'),
(797, 'Hajdnns-Vsrtr'),
(2259, 'Hajdsmson'),
(554, 'Hajdsmsoni tanyk'),
(1591, 'Hajdszentgyrgy'),
(2863, 'Hajdszoboszl'),
(1767, 'Hajdvid'),
(2247, 'Hajdvlgy'),
(1444, 'Hajmskr'),
(1598, 'Hajmskr-jtelep'),
(1178, 'Hajnalos'),
(1631, 'Halp'),
(2251, 'Halperd'),
(2617, 'Halasi tanyk'),
(2779, 'Halastelki iskola'),
(664, 'Halszaranyos'),
(990, 'Halszlak'),
(298, 'Halsztanya'),
(284, 'Halesz'),
(2029, 'Halipuszta'),
(1379, 'Halmaj'),
(2758, 'Halyagos'),
(2085, 'Hamuhz'),
(799, 'Hamuhza'),
(2246, 'Hansg-Nagyerd'),
(1769, 'Hansgliget'),
(2830, 'Hanthza'),
(1719, 'Harangod'),
(2127, 'Haraszt GV'),
(2817, 'Harica'),
(363, 'Haricabnya'),
(2184, 'Haris'),
(1597, 'Harka'),
(2266, 'Harkaktny'),
(1091, 'Harkny'),
(629, 'Hrmashegyalja'),
(734, 'Hros'),
(1708, 'Hrshegy'),
(443, 'Harta'),
(1621, 'Hartmann kitr'),
(205, 'Hrtkt'),
(728, 'Hatr u.'),
(1689, 'Hatrcsrda'),
(1276, 'Hatmajor forgalmi kitr'),
(412, 'Hatos'),
(663, 'Hattyas-telep'),
(1974, 'Hatvan'),
(1869, 'Hatvan Rendez pu.'),
(12, 'Hegyeshalom'),
(1787, 'Hegyfalu'),
(2140, 'Hegyk'),
(775, 'Hejce-Vilmny'),
(1506, 'Hejbba-Hejpapi'),
(2038, 'Hejkeresztr'),
(341, 'Hejszalonta'),
(1126, 'Hkd'),
(749, 'Helemba'),
(14, 'Helvcia'),
(501, 'Hencse-Hedrehely'),
(2265, 'Hendrik major'),
(128, 'Herceghalom'),
(2510, 'Hercegsznt'),
(2490, 'Hercegszlls'),
(282, 'Herend'),
(969, 'Heresznye'),
(2376, 'Hermina u.'),
(829, 'Herminatanya'),
(1431, 'Hernd'),
(394, 'Herndcsny'),
(894, 'Herndgecse'),
(833, 'Herndgny'),
(1678, 'Herndnmeti-Bcs'),
(209, 'Herndszentandrs'),
(987, 'Herndszurdok'),
(287, 'Herndvcse'),
(299, 'Hetnyegyhza'),
(2391, 'Hetnyegyhza als'),
(1352, 'Hetes kitr'),
(1061, 'Hetvehely'),
(702, 'Heves'),
(427, 'Hevesi szlk'),
(2076, 'Hevesvezekny'),
(2684, 'Hvzgyrk'),
(1496, 'Hidas-Bonyhd'),
(544, 'Hidasnmeti'),
(1746, 'Hdvgard'),
(1441, 'Hittanya'),
(714, 'Hodsz'),
(2145, 'Hdmezvsrhely'),
(1971, 'Hdmezvsrhely-Ipartelepek'),
(1914, 'Hdmezvsrhely-jvros'),
(641, 'Hdmezvsrhelyi Npkert'),
(437, 'Homok'),
(1317, 'Homokosi'),
(1588, 'Homokszentgyrgy'),
(555, 'Homokterenye'),
(2269, 'Hont'),
(170, 'Honvderd'),
(2119, 'Horgos'),
(235, 'Horgosi Kirlyhalom'),
(1033, 'Hort-Csny'),
(1063, 'Hortobgy'),
(876, 'Hortobgyi Halast'),
(934, 'Horvth tanyk'),
(465, 'Horvtjrfalu'),
(1443, 'Horvtndalja'),
(2843, 'Hosszberek-Pteri'),
(1084, 'Hosszht'),
(2436, 'Hosszhetny'),
(923, 'Hosszhomok'),
(2279, 'Hosszplyi'),
(1710, 'Hosszpereszteg'),
(1192, 'Hugyag'),
(2190, 'Hunyadi akol'),
(1031, 'Hunyadi t'),
(1905, 'Huszrokelpuszta'),
(2747, 'Hvsvlgy'),
(2491, 'Ibrny'),
(348, 'Ibrny temet'),
(2459, 'Igrici'),
(1082, 'Ihsz'),
(87, 'Iklad-Domony'),
(424, 'Iklad-Domony fels'),
(2364, 'Ikladi kitr'),
(1685, 'Ikldbrdce temet'),
(1318, 'Ikrny'),
(224, 'Ilona kanyar'),
(471, 'Ilonaszlls'),
(2006, 'Imremajor'),
(2311, 'Inm'),
(2404, 'Inm als'),
(725, 'Inncs'),
(2283, 'Inrcs-Kakucs'),
(918, 'Inrcsi szltelep'),
(538, 'Inota'),
(2836, 'Ipolysg'),
(2565, 'Ipolyszg'),
(1576, 'Ipolytarnc'),
(582, 'Ipolyvece'),
(2799, 'Iregszemcse'),
(685, 'Isaszeg'),
(1322, 'Iskola keresztt'),
(2760, 'Istllsk-semberbarlang feljr'),
(2679, 'Istvnfrd'),
(79, 'Istvnhza'),
(1313, 'Istvnmajor'),
(1478, 'Istvntelek'),
(713, 'Ivacs'),
(1481, 'Ivn'),
(904, 'Ivnbattyn'),
(2331, 'Ivncsa'),
(2308, 'Ivnszls'),
(158, 'Izsk'),
(2548, 'Izsfalva'),
(2261, 'Jajhalom'),
(55, 'Jk-Balogunyom'),
(1963, 'Jakabszlls'),
(2000, 'Jakabszlls fels'),
(93, 'Jakabszllsi tanyk'),
(1454, 'Jk-Nagybajom'),
(107, 'Jaksorpart'),
(1861, 'Jakushegy'),
(2352, 'Jalsoviczky-tanya'),
(1333, 'Jmborhalom'),
(472, 'Jnkmajtis'),
(998, 'Jankovich-telep'),
(1351, 'Jnoshalma'),
(113, 'Jnoshza'),
(1718, 'Jnoshegy'),
(2234, 'Jnoska'),
(1052, 'Jnossomorja'),
(949, 'Jnosszlls'),
(631, 'Jszapti'),
(1425, 'Jszrokszlls'),
(1222, 'Jszberny'),
(658, 'Jszboldoghza-Jnoshida'),
(1732, 'Jszdzsa'),
(20, 'Jszfnyszaru'),
(703, 'Jszkarajen'),
(512, 'Jszkarajen fels'),
(491, 'Jszkarajen Templom tr'),
(1264, 'Jszkisr'),
(1856, 'Jszkisr fels'),
(281, 'Jszladny'),
(1498, 'Jszszentandrsi t'),
(1497, 'Jszszentlszl'),
(497, 'Jeni'),
(2141, 'Jobbgyi'),
(105, 'Jkai u.'),
(1513, 'Jsvaf-Aggtelek'),
(183, 'Jzsa'),
(1464, 'Jzsef Szanatrium'),
(2185, 'Jzsefmajor'),
(313, 'Jzsefmajor BGV'),
(2669, 'Jzsefmajor GV'),
(2023, 'Juliskamajor'),
(2017, 'Jurenk-major'),
(1262, 'Justhmajor'),
(655, 'Kaba'),
(333, 'Kabkapuszta'),
(226, 'Kadarkt'),
(961, 'Kdrta'),
(1627, 'Kadocsa kitr'),
(706, 'Kajdacs'),
(2274, 'Kakasszk'),
(1895, 'Kkics'),
(2606, 'Kl-Kpolna'),
(1292, 'Kld'),
(1688, 'Kllsemjn'),
(455, 'Klmncsa'),
(1259, 'Klmnd'),
(2746, 'Kalocsa'),
(1958, 'Kalonda'),
(2797, 'Klz'),
(1845, 'Klzbelmajor'),
(1630, 'Kmahza'),
(603, 'Kmon'),
(2377, 'Kanizsavr'),
(2134, 'Kntorhalom'),
(2594, 'Knyavr'),
(2139, 'Kapitnysg'),
(2406, 'Kpolnadl'),
(390, 'Kpolnsnyk'),
(1927, 'Kapoly'),
(1434, 'Kaposdada'),
(2703, 'Kaposf'),
(1939, 'Kaposfred'),
(2503, 'Kaposgyarmat-Hajms'),
(2500, 'Kaposhomok'),
(1655, 'Kaposmr'),
(266, 'Kapospula'),
(1458, 'Kaposszekcs'),
(837, 'Kaposszentjakab'),
(1281, 'Kapostskevr'),
(1960, 'Kaposjlak'),
(178, 'Kaposvr'),
(2041, 'Kptalanfred'),
(1938, 'Kapuvr'),
(2240, 'Kapuvr Belsmajor'),
(613, 'Kapuvr Garta'),
(1406, 'Karcsond'),
(1727, 'Kard'),
(2434, 'Karakszrcsk'),
(882, 'Karancs'),
(1435, 'Krsz-Kblny'),
(699, 'Krszmajor'),
(192, 'Krszmegyer'),
(510, 'Karcag'),
(552, 'Karcag-Ipartelep'),
(409, 'Karcag-Vsrtr'),
(2859, 'Karcagi puszta'),
(1812, 'Kardoskt'),
(117, 'Kardosrt'),
(1055, 'Krolyderki elgazs'),
(1021, 'Krolyfalva'),
(974, 'Krolyi Mihly-telep'),
(1673, 'Karoshd'),
(1528, 'Kaskanty'),
(2583, 'Kaskantyi tanyk'),
(2730, 'Kassa'),
(760, 'Kassa-Erzsbetvros'),
(175, 'Kassamindszent'),
(2775, 'Kastly (Nagycenk)'),
(1069, 'Kastlyosdomb'),
(1684, 'Kastlypark'),
(675, 'Kaszaper'),
(2513, 'Kaszaperi iskola'),
(1428, 'Kaszaperi tanyk'),
(547, 'Kaszaperpuszta fels'),
(2749, 'Kasz'),
(1291, 'Kszonyi megll'),
(1632, 'Katdfa'),
(1028, 'Katonatelep'),
(1648, 'Katraszl'),
(143, 'Katymr'),
(1660, 'Katymri Tglagyr'),
(315, 'Kavicsbnya elgazs'),
(1612, 'Kazincbarcika'),
(1191, 'Kazincbarcika als'),
(1536, 'Kecel'),
(2233, 'Kecel-Szilos'),
(1668, 'Kecskd'),
(68, 'Kecskd als'),
(818, 'Kecskemt'),
(1279, 'Kecskemt als'),
(90, 'Kecskemt KK'),
(1329, 'Kecskemt-Mriavros'),
(198, 'Kecskemt-Parasztfiskola'),
(2851, 'Kecskscsrda'),
(157, 'Kehida-Kustny'),
(783, 'Kk'),
(1801, 'Kelebia'),
(2478, 'Kelebiai tanyk'),
(2861, 'Kelenc'),
(1570, 'Kemecse'),
(2171, 'Kemence'),
(522, 'Kemencepatak'),
(60, 'Kemendollr'),
(488, 'Kemenesmihlyfa'),
(1488, 'Kemenesplfa'),
(2079, 'Kemenespuszta'),
(2394, 'Kmes'),
(628, 'Kenderes'),
(65, 'Kenderessziget'),
(1492, 'Kenderfldek'),
(2539, 'Kendergyr'),
(793, 'Kenzl'),
(2786, 'Kenzli Tisza-part'),
(952, 'Kengyel'),
(1614, 'Kengyel BV'),
(2295, 'Kengyel GV'),
(1633, 'Kenyeri'),
(679, 'Kenyhec'),
(2299, 'Kerekdomb'),
(2829, 'Kerekegyhza'),
(854, 'Kerekegyhza als'),
(2325, 'Kerekes- s Csete-tanyk'),
(3, 'Kereksziget'),
(1430, 'Keresztespuszta'),
(425, 'Kerkaszabadhegy'),
(2226, 'Kerta'),
(1706, 'Kertszsziget'),
(1199, 'Keselys'),
(2664, 'Keszhidegkt-Gynk'),
(850, 'Keszthely'),
(1510, 'Keszthely rgi'),
(1969, 'Ktegyhza'),
(494, 'Ktegyhzi tanyk'),
(1456, 'Ktrkz'),
(1932, 'Kthalom'),
(1158, 'Kthely'),
(1779, 'Ktp'),
(1087, 'Kettshalom'),
(1739, 'Ktjfalu'),
(551, 'Kttkz'),
(141, 'Kevermes'),
(329, 'Kevermes kavicsbnya'),
(476, 'Kevermes puszta'),
(1081, 'Kevermes Szchenyi t'),
(1104, 'Kevermes szlk'),
(39, 'Kevermesi tanyk'),
(2349, 'Kikerics mh.'),
(2707, 'Kilimn'),
(1564, 'Kimle-Krolyhza'),
(2828, 'Kincsesbnya'),
(53, 'Kinizsi u.'),
(1728, 'Kirld'),
(1702, 'Kirlyegyhza-Cementgyr'),
(132, 'Kirlyegyhza-Rigpuszta'),
(2788, 'Kirlyhelmec'),
(727, 'Kirlyhelmec-Perbenyik'),
(1174, 'Kirlyrt'),
(1169, 'Kirlyrt als'),
(2382, 'Kisbrapti'),
(340, 'Kisbr'),
(1613, 'Kisbcsa'),
(2401, 'Kisbzsva'),
(1013, 'Kiscsk'),
(1415, 'Kiscsripuszta'),
(217, 'Kisdobsza'),
(2128, 'Kisfi'),
(1128, 'Kisfstanya'),
(294, 'Kisgycs'),
(2423, 'Kishagyms'),
(21, 'Kishomok'),
(2578, 'Kishuta'),
(146, 'Kisirts-Cscsfordt'),
(2600, 'Kisivni trol'),
(802, 'Kisivnszk'),
(1786, 'Kisjakabfalva'),
(988, 'Kisjen-Erdhegy'),
(1675, 'Kiskapud'),
(2802, 'Kiskassa'),
(1237, 'Kiskre'),
(761, 'Kiskre-Tiszahd'),
(1008, 'Kiskrs'),
(2770, 'Kiskrs KK'),
(295, 'Kiskrsi t'),
(644, 'Kiskorpd'),
(2832, 'Kiskszeg'),
(1070, 'Kiskundorozsma'),
(546, 'Kiskunflegyhza'),
(874, 'Kiskunflegyhzi hatrt'),
(1842, 'Kiskunflegyhzi t'),
(944, 'Kiskunhalas'),
(2632, 'Kiskunlachza'),
(1789, 'Kiskunmajsa'),
(2771, 'Kiskunmajsa KK'),
(645, 'Kiskunmajsai t'),
(1358, 'Kismacs'),
(2596, 'Kismargita'),
(254, 'Kismarja'),
(2710, 'Kismaros'),
(1355, 'Kismaros EV'),
(912, 'Kismegyer'),
(2871, 'Kismicske'),
(764, 'Kismindszenti t'),
(2104, 'Kisnmedi'),
(917, 'Kisphi'),
(1119, 'Kispest'),
(2162, 'Kissor'),
(888, 'Kisszlls'),
(33, 'Kisszekeres'),
(130, 'Kisszns'),
(1196, 'Kisszentpl puszta'),
(1489, 'Kistapolca rgi'),
(844, 'Kistelek'),
(2556, 'Kisteleki szlk'),
(76, 'Kisterenye'),
(373, 'Kisterenye-Bnyatelep'),
(2487, 'Kistokaj'),
(2303, 'Kistke'),
(1149, 'Kistlgyfa'),
(2748, 'Kistolmcs'),
(305, 'Kistolmcsi erdei lak'),
(1088, 'Kisttfalu'),
(2030, 'Kisjszlls'),
(1992, 'Kisvc'),
(513, 'Kisvrda'),
(1106, 'Kisvrda-Hrmast'),
(2608, 'Kisvrdai szlk'),
(1297, 'Kisvarsny'),
(2199, 'Kiszombor'),
(250, 'Kiszombor megll'),
(607, 'Kitrgyr'),
(1663, 'Klbertelep'),
(2558, 'Klrafalva'),
(1493, 'Klementina'),
(2409, 'Klemimajor'),
(946, 'Klotildliget'),
(2004, 'Knzits Kroly t'),
(251, 'Kbnya als'),
(2692, 'Kbnya fels'),
(993, 'Kbnya-Kispest'),
(751, 'Kbnya-Teher'),
(370, 'Kocsistanya'),
(953, 'Kocsola'),
(48, 'Kocsord'),
(9, 'Kocsord als'),
(2544, 'Krberek'),
(1103, 'Kohrykertek'),
(2421, 'Kkapu'),
(88, 'Kktpuszta GV'),
(1026, 'Klesd-Alstengelic'),
(2518, 'Kolontr'),
(2666, 'Komdi'),
(2296, 'Komrom'),
(1824, 'Komjti'),
(2722, 'Koml'),
(2398, 'Koml szll'),
(1499, 'Komor'),
(2568, 'Kncsg'),
(2081, 'Kncsgpuszta'),
(1167, 'Konda'),
(2136, 'Kond'),
(2743, 'Kondoros'),
(1020, 'Konta'),
(1853, 'Kny'),
(627, 'Knya'),
(1626, 'Konyr'),
(1275, 'Konyri Sstfrd'),
(2543, 'Knyaszk'),
(819, 'Konyhadl'),
(1477, 'Kopncs'),
(759, 'Kphza'),
(536, 'Kopolya'),
(2388, 'Koportos'),
(1855, 'Korhnkz'),
(997, 'Krhz'),
(1314, 'Korlt-Vizsoly'),
(325, 'Krmend'),
(422, 'Krnye'),
(1677, 'Krgy'),
(54, 'Krgyszentgyrgy'),
(2793, 'Koronc'),
(1260, 'Krsgyres'),
(2272, 'Krshd'),
(1943, 'Krsladny'),
(426, 'Krsnagyharsny'),
(7, 'Krsnagyharsny rgi'),
(743, 'Krsszakl'),
(846, 'Krsszeg'),
(1986, 'Krstettlen'),
(528, 'Krsjfalu'),
(2053, 'Krzsa'),
(82, 'Krts'),
(1606, 'Kossuth tr'),
(2112, 'Kossuth tr GV'),
(1416, 'Kszeg'),
(1215, 'Kszeg-Srgyr'),
(1110, 'Kszegfalva'),
(1225, 'Ksziget'),
(244, 'Ktaj'),
(2386, 'Ktaji szeszgyr'),
(1883, 'Ktegyn'),
(263, 'Ktpuszta'),
(1552, 'Kovcshida'),
(2448, 'Kvgr'),
(1751, 'Kveshegy'),
(1839, 'Kzp-Garadna'),
(1097, 'Kzpmez'),
(2517, 'Kzprigc'),
(1019, 'Kzpont'),
(911, 'Krinolin kert'),
(2157, 'Kulcs'),
(1404, 'Klld'),
(1306, 'Klsmezhegyespuszta'),
(2129, 'Klsvat'),
(1305, 'Kungota fels'),
(1687, 'Kungota posta'),
(2477, 'Kungota rakod'),
(1077, 'Kungota Szchenyi t'),
(1514, 'Kungota tancshza'),
(2804, 'Kunbaja GV'),
(957, 'Kunbaja-Bcsalmsi szlk'),
(742, 'Kund puszta'),
(1566, 'Kunfehrt'),
(56, 'Kngs'),
(1405, 'Kungyalu'),
(1328, 'Kungyalu als'),
(58, 'Kunhalom'),
(892, 'Kunhegyes'),
(938, 'Kunmadaras'),
(2413, 'Kunszlls'),
(2698, 'Kunszentmrton'),
(144, 'Kunszentmrton-rpart'),
(326, 'Kunszentmikls-Tass'),
(354, 'Kurd'),
(2202, 'Kuriapuszta'),
(1995, 'Krts'),
(223, 'Kutas'),
(2091, 'Kutasi puszta'),
(2623, 'Kutitanya'),
(1797, 'Ktvlgy'),
(95, 'Lbatlan'),
(1981, 'Lbod'),
(1035, 'Lad'),
(2691, 'Lajoshza'),
(2418, 'Lajosmizse'),
(2237, 'Lajosmizse als'),
(1879, 'Lajtajfalu'),
(1387, 'Lakitelek'),
(733, 'Laktanya'),
(2135, 'Lapist'),
(1095, 'Lassi'),
(1893, 'Ltkp'),
(1520, 'Lzri'),
(517, 'Lzi'),
(358, 'Lenyvr'),
(682, 'Lbny-Mosonszentmikls'),
(2148, 'Lehczki kitr'),
(718, 'Lengyeltti'),
(2584, 'Lenti EV'),
(1850, 'Lenti-Gyngyvirg u.'),
(202, 'Lentiszombathely-Mumor'),
(898, 'Leperdpuszta'),
(921, 'Lepsny'),
(729, 'Lepsny fels'),
(1422, 'Lepsny GV'),
(2044, 'Lesenceistvnd'),
(810, 'Lesencetomaj'),
(2737, 'Ltavrtes'),
(914, 'Levl'),
(716, 'Levelek-Magy'),
(283, 'Levenye'),
(1935, 'Ligettanya'),
(1393, 'Lillafred'),
(1887, 'Liptfa'),
(186, 'Litke'),
(753, 'Locsmnd'),
(2528, 'Lkshza'),
(2541, 'Lkuca'),
(715, 'Lkt'),
(1000, 'Lrnthza'),
(1080, 'Lrinci'),
(475, 'Lrinczy-kert'),
(2725, 'Losonc'),
(1371, 'Ltr'),
(2239, 'Lovasberny'),
(867, 'Lv'),
(1867, 'Ludad'),
(2043, 'Ludnyhalszi'),
(247, 'Ludnyi tanya'),
(1538, 'Ludas'),
(1256, 'Ludast'),
(1863, 'Lujzamajor'),
(1777, 'Lukcshza'),
(1286, 'Lukcshza als'),
(2751, 'Lukafa'),
(296, 'Lukafai elgazs'),
(2790, 'Lyukbnya'),
(832, 'Lyukbnya als'),
(1817, 'Macs'),
(1308, 'Mcsa kitr'),
(1067, 'Md'),
(393, 'Madr tanya'),
(1368, 'Madaras'),
(78, 'Madarszpuszta'),
(1650, 'Magdolnatelep'),
(1749, 'Magdolnavlgy'),
(1394, 'Magld'),
(2542, 'Magldi Nyaral'),
(1512, 'Mgocs-Alsmocsold'),
(116, 'Mgori-majori rakod'),
(1448, 'Mgorpuszta'),
(428, 'Magyarbnhegyes'),
(1759, 'Magyarbnhegyes-jtelep'),
(1307, 'Magyarbnhegyesi t'),
(2220, 'Magyarcsand'),
(1010, 'Magyaregres'),
(567, 'Magyarhertelend'),
(1843, 'Magyarkeresztr-Zsebehza'),
(980, 'Magyarkt'),
(2196, 'Magyarkt-Verce'),
(1479, 'Magyarnndor'),
(25, 'Magyarsor'),
(1760, 'Magyarszk'),
(2138, 'Magyarszerdahely'),
(909, 'Magyart'),
(456, 'Mahca'),
(1284, 'Majlth mh.'),
(321, 'Mkfld'),
(2607, 'Maklr'),
(670, 'Mak'),
(2241, 'Mak-jvros'),
(704, 'Mak-jvsrtr'),
(2159, 'Malomkert'),
(2685, 'Malomtelel'),
(1620, 'Malomvlgy'),
(77, 'Mndok'),
(1897, 'Mannersdorf a d Rabnitz'),
(1373, 'Marcali'),
(812, 'Marcalt'),
(913, 'Mrfa'),
(1594, 'Mria kitr'),
(1272, 'Mriabesny'),
(1160, 'Mriabesny rgi'),
(221, 'Mriabesnyi kolostor'),
(190, 'Mriagyd'),
(2245, 'Mriahullmtelep'),
(1999, 'Mriakpolna'),
(1157, 'Mriaknnye'),
(1548, 'Mriakt'),
(2554, 'Mrialaka'),
(1388, 'Mriamajor GV'),
(1044, 'Mrianosztra'),
(2012, 'Mriapcs'),
(115, 'Mriaszltelep'),
(2143, 'Mriaudvar'),
(1098, 'Mriajfalu'),
(1244, 'Marihzi rakod'),
(1137, 'Mrk'),
(2682, 'Mrok'),
(2106, 'Mrtabnya'),
(17, 'Mrtly'),
(2282, 'Martf'),
(306, 'Martinka'),
(1640, 'Martonvsr'),
(1007, 'Mszlonyi t'),
(828, 'Mthzapuszta'),
(2025, 'Mtszalka'),
(1559, 'Mtszalka rgi'),
(1593, 'Matk fels'),
(518, 'Matk-Als'),
(2762, 'Mtrafred'),
(834, 'Mtrafred als'),
(2323, 'Mtramindszent'),
(2728, 'Mtranovk-Homokterenye'),
(265, 'Mtraszls-Hasznos'),
(1508, 'Mtraverebly'),
(1707, 'Mtravidki Erm'),
(2260, 'Mtysdomb'),
(1133, 'Mtysdomb fels'),
(2472, 'Mtysdomb GV'),
(84, 'Mza-Szszvr'),
(2150, 'Mecsekalja-Cserkt'),
(2172, 'Mecsekjnosi'),
(1099, 'Mecsekplske'),
(2678, 'Medgyes GV'),
(1857, 'Medgyesegyhza'),
(1569, 'Medinci-Senkovac'),
(417, 'Meggyespele'),
(286, 'Meggyespuszta'),
(2815, 'Megyasz'),
(2074, 'Mhkerk'),
(1006, 'Melindai tanyk'),
(507, 'Mlyger'),
(559, 'Mlykt'),
(1952, 'Mlykti tanyk'),
(1657, 'Mende'),
(1521, 'Mnesmajor'),
(615, 'Mnfcsanak'),
(1690, 'Mnfcsanak fels'),
(1829, 'Mntelek'),
(798, 'Menyecske'),
(1163, 'Mra'),
(609, 'Mernye'),
(1644, 'Mesterhza-Tompaldony'),
(705, 'Mesztegny'),
(2601, 'Mesztegny EV'),
(1916, 'Mezberny'),
(2447, 'Mezcst'),
(1639, 'Mezfalva'),
(2456, 'Mezhegyes'),
(1827, 'Mezhegyes GV'),
(1966, 'Mezhegyes jtelep'),
(2567, 'Mezhegyesi elgazs'),
(665, 'Mezhdvg'),
(1979, 'Mezkeresztes-Meznyrd'),
(2454, 'Mezkovcshza'),
(2037, 'Mezkovcshza fels'),
(1730, 'Mezkovcshza GV'),
(1357, 'Mezkvesd'),
(2367, 'Mezkvesd fels'),
(1170, 'Mezkvesd-Hfrd'),
(1778, 'Mezlak'),
(2493, 'Mezmegyer'),
(2153, 'Mezpeterd'),
(1515, 'Meztrkny'),
(1819, 'Meztr'),
(2032, 'Mezzombor'),
(562, 'Mihlyhza'),
(213, 'Mikeccsrda'),
(1846, 'Mikeprcs'),
(1599, 'Miklshalma'),
(100, 'Miklsmajor'),
(677, 'Miklstelep'),
(824, 'Mikfalva'),
(1701, 'Mikhza'),
(2211, 'Mikosdpuszta'),
(2192, 'Mikosfalva'),
(804, 'Mindszent'),
(1018, 'Mirh'),
(121, 'Miske'),
(1529, 'Miskolc Gyri kapu'),
(2052, 'Miskolc-Dorottya utca'),
(429, 'Miskolc-Gmri'),
(218, 'Miskolc-Rendez pu.'),
(220, 'Miskolc-Repltr'),
(2132, 'Miskolc-Tiszai'),
(1898, 'Mcsny'),
(387, 'Mogyorsbnya'),
(328, 'Moha'),
(349, 'Moha-Rakod'),
(460, 'Mohcs'),
(482, 'Mohora'),
(1410, 'Molvny'),
(2844, 'Monor'),
(1985, 'Monori tanyk'),
(2845, 'Monorierd'),
(1815, 'Mnosbl'),
(2435, 'Monostorplyi'),
(732, 'Monostorszeg'),
(1085, 'Monyha'),
(159, 'Mr'),
(1531, 'Mr-Sporttelep'),
(457, 'Mr-jtelep'),
(2592, 'Mrgy'),
(2077, 'Mrgy-Alsnna'),
(1781, 'Mrahalom'),
(2497, 'Morg'),
(1202, 'Mricgt'),
(2774, 'Mrichza'),
(900, 'Mosonmagyarvr'),
(193, 'Mosonszentandrs'),
(968, 'Mosonszolnok'),
(1391, 'Mosztonga major'),
(493, 'Mozsg-Szulimn'),
(1186, 'Mkert'),
(2720, 'Murahely'),
(1138, 'Murakeresztr'),
(836, 'Muraszombat'),
(516, 'Murony'),
(360, 'Musznya-Vaslak'),
(2831, 'Nadab'),
(237, 'Ndas-dl'),
(1629, 'Ndasd'),
(1831, 'Ndashalom'),
(1298, 'Ndasmajor'),
(2484, 'Ndiga rakod'),
(1524, 'Ndorszlls'),
(1236, 'Ndtelep'),
(2818, 'Ndudvar'),
(2007, 'Ndudvar als'),
(1451, 'Ndjfalu'),
(2216, 'Ngel major'),
(826, 'Nagylls'),
(2523, 'Nagyatd'),
(1518, 'Nagyatd-Bodvica'),
(2705, 'Nagybaracska'),
(977, 'Nagybaracskai szlk'),
(1865, 'Nagybtony'),
(288, 'Nagyberki'),
(2757, 'Nagybrzsny'),
(196, 'Nagybugac'),
(1469, 'Nagycenk'),
(1041, 'Nagycenk-Hidegsg'),
(1934, 'Nagycsny'),
(1389, 'Nagycscs'),
(744, 'Nagycsere'),
(1882, 'Nagydobos'),
(2370, 'Nagydorog'),
(1127, 'Nagyecsed'),
(2209, 'Nagyr'),
(1703, 'Nagyesztergr'),
(1074, 'Nagyfalva'),
(857, 'Nagygyant'),
(167, 'Nagygyimt'),
(2538, 'Nagyhalsz'),
(1030, 'Nagyhalsz-Kendergyr'),
(339, 'Nagyhalom'),
(436, 'Nagyharsny'),
(1483, 'Nagyht'),
(2755, 'Nagyhideghegy'),
(659, 'Nagyigmnd-Bbolna'),
(1890, 'Nagyirts-Szent Orbn Erdei Hotel'),
(2506, 'Nagykll'),
(180, 'Nagykanizsa'),
(2195, 'Nagykapornak'),
(1475, 'Nagykarcsony'),
(1618, 'Nagykarcsony fels'),
(2292, 'Nagykarcsony rgi'),
(2739, 'Nagykroly'),
(1921, 'Nagykta'),
(2215, 'Nagykereki'),
(710, 'Nagykonda'),
(686, 'Nagyknyi'),
(956, 'Nagyknyi Halast'),
(1766, 'Nagyknyi Pri t'),
(1135, 'Nagyknyi-Tamsi kves t'),
(864, 'Nagykrs'),
(332, 'Nagylak'),
(801, 'Nagylaki Kendergyr'),
(397, 'Nagylng'),
(1804, 'Nagylapos'),
(1221, 'Nagylk'),
(469, 'Nagymgocs'),
(1903, 'Nagymgocs tancshza'),
(1704, 'Nagymajor'),
(1228, 'Nagymnyok'),
(2221, 'Nagymaros'),
(1714, 'Nagymaros-Visegrd'),
(1542, 'Nagynyrd'),
(527, 'Nagynyrdi kitr'),
(1235, 'Nagynyr'),
(709, 'Nagyoroszi'),
(1750, 'Nagypall'),
(766, 'Nagypeleske'),
(2688, 'Nagypeterd'),
(1546, 'Nagyrkos'),
(2613, 'Nagyrkos rgi'),
(1884, 'Nagyrcse'),
(1129, 'Nagyrt'),
(32, 'Nagyrezt'),
(2336, 'Nagysimonyi'),
(1204, 'Nagysznt'),
(1059, 'Nagyszekeres'),
(1519, 'Nagyszkss'),
(255, 'Nagyszns'),
(643, 'Nagyszentjnos'),
(2614, 'Nagyszentmihly'),
(1502, 'Nagyszentpl puszta'),
(1401, 'Nagytlya'),
(2285, 'Nagytanya'),
(2575, 'Nagytanya AGV'),
(880, 'Nagytanya NyK'),
(593, 'Nagytanyai elgazs'),
(1795, 'Nagyttny'),
(2581, 'Nagyttny-Disd'),
(463, 'Nagytke'),
(1113, 'Nagyttipuszta'),
(830, 'Nagyt'),
(2735, 'Nagyvrad'),
(2198, 'Nagyvisny-Ddes'),
(604, 'Nagyzerind'),
(191, 'Nagyzomlin'),
(2122, 'Nak'),
(1975, 'Nak als'),
(1585, 'Napkor'),
(140, 'Nekzseny'),
(1407, 'Nemesbikk'),
(1802, 'Nemesgrzsny'),
(1674, 'Nemesgulcs-Kisapti'),
(103, 'Nemeske'),
(2665, 'Nemeskr-Egyhzasfalu'),
(1799, 'Nemeskeresztr'),
(2287, 'Nemeskocs'),
(2533, 'Nemesvita'),
(2824, 'Nmetjvr'),
(2235, 'Nenadics'),
(2383, 'Neszehd'),
(1755, 'Neszmly'),
(86, 'Neszmlyi tglagyr'),
(2717, 'Nezsider'),
(680, 'Nezsider-frd'),
(1555, 'Nick'),
(701, 'Nick-Rbahd'),
(841, 'Ngrd'),
(161, 'Ngrdkvesd'),
(2365, 'Ngrdszakl'),
(1271, 'Normafa'),
(577, 'Noskovci'),
(1782, 'Nosztny'),
(319, 'Novajidrny'),
(271, 'Nyakvg'),
(2164, 'Nyrilegel'),
(70, 'Nyrjas'),
(374, 'Nyrlrinc'),
(612, 'Nyrlrinc als'),
(933, 'Nyrlrinci szlk'),
(970, 'Nyrsapt'),
(2551, 'Nykes'),
(695, 'Nykldhza'),
(2348, 'Nyergesjfalu'),
(2069, 'Nyergesjfalu fels'),
(636, 'Nyilas'),
(2634, 'Nyrbrny'),
(859, 'Nyracsd'),
(736, 'Nyradony'),
(2557, 'Nyrbtor'),
(2766, 'Nyrbltek'),
(1312, 'Nyrbltek als'),
(1919, 'Nyrbogt'),
(2467, 'Nyrbogdny'),
(1964, 'Nyrcsaholy'),
(1381, 'Nyrcsszri'),
(2181, 'Nyregyhza'),
(1285, 'Nyregyhza kls'),
(2407, 'Nyregyhza NyK'),
(487, 'Nyregyhza Petfi tr'),
(24, 'Nyregyhza-Vsrtr'),
(2338, 'Nyrgelse'),
(2499, 'Nyri'),
(831, 'Nyrjk'),
(2228, 'Nyrkarsz'),
(762, 'Nyrlak'),
(1715, 'Nyrlugos'),
(1904, 'Nyrlugos fels'),
(2485, 'Nyrmada'),
(2475, 'Nyrmrtonfalva'),
(2550, 'Nyrmrtonfalva als'),
(188, 'Nyrmeggyes'),
(1112, 'Nyrmihlydi'),
(1335, 'Nyrszls'),
(2028, 'Nyrtelek'),
(1661, 'Nyomsi fldek'),
(698, 'Nyl'),
(337, 'Nyulas mh.'),
(503, 'Nyldomb'),
(1562, 'Nylmly'),
(1679, 'alms'),
(572, 'Oberwart Einkaufszentrum'),
(201, 'Oberwart Lokalbahn'),
(10, 'bg'),
(983, 'buda'),
(1359, 'csa'),
(2317, 'csai szlk'),
(2662, 'csai szlk rgi'),
(2316, 'csrd'),
(2474, 'csny'),
(2504, 'dinnys'),
(1601, 'Odvask'),
(1783, 'fehrt'),
(1549, 'Ohat-Pusztakcs'),
(2057, 'Okny'),
(1421, 'Okorg-Krszpuszta'),
(1194, 'kritflps'),
(2433, 'Olad'),
(2180, 'Olaszfalu'),
(1908, 'Olaszliszka-Tolcsva'),
(2537, 'lb-Alsszeleste'),
(2461, 'legyen'),
(2866, 'Ondd'),
(2302, 'Onga'),
(395, 'Ongajfalu'),
(556, 'nts'),
(765, 'paks'),
(1933, 'plyi'),
(2742, 'pcska'),
(2445, 'pcskai tanyk'),
(72, 'Orbnfalu'),
(973, 'rbottyn'),
(2197, 'rdgrka'),
(94, 'regcsert'),
(1603, 'reglak'),
(1998, 'regtanyk'),
(1068, 'Orgovny'),
(2137, 'rhalom'),
(64, 'rhalom rgi'),
(1390, 'rhegy'),
(2671, 'rhegy forgalmi kitr'),
(2109, 'rihdos'),
(2501, 'riszentpter'),
(1936, 'riszentpter rgi'),
(745, 'rjeg'),
(274, 'rkny'),
(353, 'rlm'),
(23, 'rmnyes gplloms'),
(2284, 'rmnyes ktrok'),
(1296, 'Ormosbnya'),
(1929, 'Oros'),
(98, 'Oroshza'),
(2063, 'Oroshza als'),
(2070, 'Oroshza fels'),
(2045, 'Oroshza ftr'),
(1123, 'Oroshza Hatos'),
(1973, 'Oroshza-veggyr'),
(134, 'Oroshzi iskola'),
(2126, 'Oroshzi tanyk'),
(2718, 'Oroszlny'),
(2470, 'Oroszvr'),
(2357, 'Orszgt'),
(929, 'Orszgti rhz'),
(886, 'rszlls'),
(662, 'rszem'),
(2001, 'Ortstet'),
(785, 'rtilos'),
(773, 'Ortutay major'),
(2351, 'rvnyes'),
(2290, 'sk'),
(2791, 'Osli'),
(2147, 'Osli elgazs'),
(2174, 'ssipuszta'),
(1016, 'Ostffyasszonyfa'),
(966, 'szeszk'),
(2033, 'Oszk'),
(351, 'Osztopn'),
(2676, 'tfa'),
(1712, 'ttevny'),
(1372, 'Ottlaka'),
(1870, 'tvs forgalmi kitr'),
(1213, 'tvsknyi'),
(2277, 'vri'),
(2731, 'zd'),
(338, 'zd als'),
(1243, 'zd kls'),
(106, 'zedmajor'),
(203, 'ztelek'),
(2546, 'Pacsmag'),
(2318, 'Pcsony'),
(346, 'Phi'),
(227, 'Pka'),
(2645, 'Pakod'),
(207, 'Pkozd'),
(2721, 'Paks'),
(806, 'Paks-Dunapart'),
(2853, 'Paldicspuszta'),
(535, 'Plhza'),
(418, 'Plhza-Ipartelep'),
(1058, 'Pli-Vadosfa'),
(2552, 'Palicsfrd'),
(782, 'Plinks'),
(851, 'Palkonya'),
(2867, 'Pallagpusztai major'),
(730, 'Plmajor'),
(2562, 'Plmatr'),
(2161, 'Palotabozsok'),
(2176, 'Palotai ti iskola'),
(619, 'Pamuk'),
(1309, 'Pndorfalu'),
(2073, 'Pankasz'),
(2080, 'Pannonhalma'),
(1343, 'Ppa'),
(2278, 'Ppateszr'),
(639, 'Paphegy'),
(75, 'Paprgyr'),
(1032, 'Papkeszi'),
(1814, 'Paradicsommajor'),
(1348, 'Pri'),
(2723, 'Prknynna'),
(2531, 'Paszab'),
(2273, 'Pszt'),
(2016, 'Ptka'),
(450, 'Ptroha'),
(1700, 'Ptyod'),
(647, 'Pzmneum'),
(1607, 'Pcel'),
(2003, 'Pcs'),
(1093, 'Pcs fels'),
(822, 'Pcs-Gyrvros'),
(2482, 'Pcs-Klvros'),
(2672, 'Pcs-Vasas'),
(1522, 'Pcsbnya-Rendez'),
(1662, 'Pcsudvard'),
(2255, 'Pcsudvard rgi'),
(334, 'Pcsjhegy'),
(478, 'Pcsjhegy rgi'),
(2462, 'Pcsvrad'),
(1764, 'Pellrd'),
(2809, 'Ply'),
(1770, 'Ply Hatrongyos elgazs'),
(2036, 'Ply kitr'),
(2642, 'Penyige'),
(2464, 'Perbenyik trak'),
(2152, 'Perdcmajor'),
(649, 'Pereces'),
(398, 'Pereces kitr'),
(1140, 'Pereszteg'),
(596, 'Perkupa'),
(2712, 'Pesterzsbet'),
(1534, 'Pestszentimre'),
(2700, 'Pestszentimre fels'),
(2837, 'Pestszentlrinc'),
(2549, 'Petrda'),
(2426, 'Pterfa'),
(2449, 'Pterhegy-Ttkeresztr'),
(879, 'Pterhida-Komlsd'),
(1844, 'Ptfrd'),
(2054, 'Petnehza'),
(350, 'Petfi tsz.'),
(2566, 'Petfiszlls'),
(27, 'Petfiszllsi tanyk'),
(438, 'Petfivros'),
(179, 'Pethza'),
(279, 'Pettend'),
(206, 'Petyerktanya'),
(2114, 'Pik tanya'),
(2846, 'Pilis'),
(1205, 'Piliscsaba'),
(777, 'Piliscsv'),
(285, 'Pilisjszfalu'),
(2130, 'Pilisvrsvr'),
(166, 'Pincehely'),
(2822, 'Pinkaf'),
(1365, 'Pinkamindszent'),
(1572, 'Pinkavr'),
(995, 'Pinkc'),
(954, 'Pinnye'),
(331, 'Pipishegy'),
(1747, 'Piroska'),
(154, 'Pirt'),
(2611, 'Pirti szlk'),
(1924, 'Piszke'),
(1168, 'Pitvaros'),
(1771, 'Pityur-rtje'),
(2604, 'Pocsaj-Esztr'),
(584, 'Pogonyipuszta'),
(2536, 'Phamara'),
(245, 'Pkaszepetk'),
(240, 'Pokoltanya'),
(243, 'Polgr'),
(972, 'Polgrdi'),
(1589, 'Polgrdi-Ipartelepek'),
(654, 'Polgrdi-Tekerespuszta'),
(2754, 'Pollai erd'),
(2577, 'Pomogy'),
(1347, 'Prbly'),
(1551, 'Prbly EV'),
(1426, 'Prbly fels'),
(922, 'Porcsalma-Tyukod'),
(2439, 'Poroszl'),
(1790, 'Porpc'),
(2689, 'Porrogszentkirly'),
(2268, 'Portelek'),
(26, 'Porva-Csesznek'),
(399, 'Psahalom'),
(1418, 'Psfa'),
(139, 'Ptrte'),
(1527, 'Pozsony'),
(935, 'Pozsonyligetfalu'),
(1356, 'Pzva'),
(2816, 'Prgy'),
(1350, 'Prgy als'),
(1043, 'Puskaporos'),
(2588, 'Pspkhatvan'),
(1541, 'Pspkladny'),
(2399, 'Pspkladny-Vsrtr'),
(2022, 'Pspkmolnri'),
(779, 'Pusztabnrve'),
(34, 'Pusztaberny'),
(165, 'Pusztacsald'),
(903, 'Pusztadomahza'),
(2188, 'Pusztaecseg'),
(2785, 'Pusztafldvr'),
(44, 'Pusztafldvr als'),
(2483, 'Pusztafldvri elgazs'),
(1875, 'Pusztagyimt'),
(1360, 'Pusztaketts'),
(164, 'Pusztakrt'),
(684, 'Pusztalnc'),
(2773, 'Pusztamart'),
(2778, 'Pusztamrges'),
(2616, 'Pusztamonostor'),
(2615, 'Pusztap'),
(2468, 'Pusztaszabolcs'),
(2857, 'Pusztaszakllas'),
(1731, 'Pusztaszentistvn'),
(2469, 'Pusztaszentmihlyfa'),
(936, 'Pusztaszenttornya'),
(2854, 'Pusztaszuri'),
(1446, 'Pusztatemplom'),
(131, 'Pusztatrpszt'),
(2826, 'Pusztavm'),
(598, 'Putnok'),
(1252, 'Rbahd'),
(889, 'Rbapatona'),
(2379, 'Rbapordny'),
(1756, 'Rbasmjn'),
(2071, 'Rbatamsi'),
(148, 'Rcalms'),
(515, 'Rcalms rgi'),
(2118, 'Rckeresztr als'),
(1263, 'Rckeresztr Hsk tere'),
(2212, 'Rckeresztr mrleghz'),
(413, 'Radahza'),
(925, 'Radostyn'),
(726, 'Ragyolc'),
(2178, 'Rajka'),
(2297, 'Rakamaz'),
(784, 'Rkht'),
(150, 'Rkczitanya'),
(1526, 'Rkos'),
(2065, 'Rkoscsaba'),
(403, 'Rkoscsaba-jtelep'),
(1912, 'Rkoshegy'),
(1209, 'Rkoskeresztr'),
(83, 'Rkoskert'),
(2060, 'Rkosliget'),
(1567, 'Rkospalota-Kertvros'),
(2056, 'Rkospalota-jpest'),
(1427, 'Rkosrendez'),
(2807, 'Randfa'),
(955, 'Randfai elgazs'),
(1471, 'Raposka'),
(1609, 'Rapp'),
(1676, 'Rrs'),
(1429, 'Rrspuszta'),
(2149, 'Rtka'),
(1319, 'Rtt'),
(2230, 'Ravazd'),
(1724, 'Regce'),
(1293, 'Regly'),
(1590, 'Rhely'),
(1667, 'Reje'),
(1955, 'Remerenci'),
(357, 'Remete'),
(564, 'Rpspuszta'),
(318, 'Rpcelak'),
(1, 'Rpcemicske'),
(2555, 'Rpcesarud'),
(601, 'Rpceszemere'),
(2511, 'Rpcevis'),
(1659, 'Rtsg'),
(1965, 'Rtszilas'),
(101, 'Rtszilas als'),
(278, 'Rvbr'),
(667, 'Rvflp'),
(1436, 'Ricse'),
(2270, 'Rigcs'),
(2649, 'Rinyaszentkirlyi ti kitr'),
(1182, 'Rdny'),
(585, 'Rohonc'),
(1950, 'Rkabgys'),
(492, 'Rkatanya'),
(1037, 'Romnd'),
(2724, 'Romhny'),
(1288, 'Rosszmalom elgazs'),
(2765, 'Rostall'),
(1229, 'Rszke'),
(490, 'Rtfalva'),
(1012, 'Rozsly'),
(1180, 'Rzsamajor'),
(2231, 'Rzss'),
(2733, 'Rudabnya'),
(1027, 'Rudics'),
(1367, 'Rudnaykert'),
(2821, 'Rum'),
(1816, 'Rum kastly'),
(2093, 'Ruzsa'),
(2480, 'Sferkt'),
(1976, 'Sgvri'),
(1835, 'Sajecseg'),
(586, 'Sajkpolna'),
(1175, 'Sajkaza'),
(73, 'Sajkeresztr'),
(1254, 'Sajlszlfalva'),
(1376, 'Sajmercse'),
(2453, 'Sajnmeti'),
(1280, 'Sajszentpter'),
(1273, 'Sajszentpter-Piactr'),
(902, 'Sajszged'),
(42, 'Sal'),
(1833, 'Salgtarjn'),
(2586, 'Salgtarjn kls'),
(906, 'Salkveskt-Vassurny'),
(610, 'Sallai telep'),
(1762, 'Smfalva'),
(2540, 'Smod'),
(2378, 'Smsoni t'),
(2034, 'Sndormajor'),
(343, 'Sndoros'),
(638, 'Snta tanya'),
(2520, 'Sntos'),
(1848, 'Sp'),
(717, 'Srnd'),
(184, 'Srbogrd'),
(2194, 'Sregres'),
(979, 'Sarkad'),
(2371, 'Sarkadi Cukorgyr'),
(2166, 'Sarkadkeresztr'),
(870, 'Srkeresztr'),
(2488, 'Srkzi tanyk'),
(496, 'Srkuta 4. sz. rhz'),
(720, 'Srmellk'),
(208, 'Srosd'),
(432, 'Srospatak'),
(656, 'Srospatak trak'),
(616, 'Srospatak Kazinczy u.'),
(1439, 'Srpentele'),
(380, 'Srpilis-Vrdomb'),
(821, 'Srrtudvari'),
(2310, 'Sarrd'),
(2489, 'Srszentgota'),
(1164, 'Srszentmihly'),
(108, 'Srszentmikls'),
(871, 'Srt'),
(275, 'Srvr'),
(2207, 'Ssd'),
(1003, 'Sasrt'),
(2750, 'Sasrt-Frsztelep'),
(2347, 'Sta'),
(2726, 'Storaljajhely'),
(1959, 'Storaljajhely dohnygyr'),
(2473, 'Storaljajhely Kossuth tr'),
(1240, 'Storaljajhely kztemet'),
(137, 'Storaljajhely Torzss'),
(1136, 'Storhely'),
(1392, 'Storosbnya'),
(1449, 'Svoly'),
(1864, 'Svoly-Tzegtelep'),
(1886, 'Scheieri elgazs'),
(1234, 'S'),
(355, 'Sebk kert'),
(1615, 'Segesd'),
(323, 'Sellye'),
(618, 'Selymes'),
(2304, 'Selyp'),
(481, 'Sereglyes'),
(2131, 'Sereglyes-Szlhegy'),
(1009, 'Sikl'),
(1983, 'Sikl GV'),
(169, 'Sikls'),
(958, 'Siklsi szlk'),
(458, 'Simongt'),
(1889, 'Simontornya'),
(2811, 'Simonyifalva'),
(1928, 'Simonyifalva piactr'),
(1860, 'Sifok'),
(940, 'Sifok-Tisztviseltelep'),
(1505, 'Sijut'),
(2572, 'Sivlgy'),
(1250, 'Sirat'),
(1100, 'Sitke'),
(2835, 'Slatina'),
(1413, 'Sofronya'),
(67, 'Solt'),
(1876, 'Soltszentimre'),
(788, 'Soltvadkert'),
(2108, 'Soltvadkerti t'),
(1930, 'Sly'),
(2674, 'Solymr'),
(1064, 'Solymos major'),
(430, 'Som-Nagyberny'),
(1653, 'Somlvsrhely'),
(2117, 'Somodi'),
(291, 'Somodor'),
(884, 'Somogyaszal'),
(1480, 'Somogyaszali t'),
(345, 'Somogyjd'),
(1378, 'Somogymeggyes'),
(1331, 'Somogyszentimre'),
(2768, 'Somogyszentpl'),
(470, 'Somogyszentpl fels'),
(2798, 'Somogyszil'),
(1132, 'Somogyszil als'),
(61, 'Somogyszob'),
(668, 'Somogytarnca'),
(1325, 'Somogyudvarhely'),
(2186, 'Somogyvr'),
(1201, 'Somoskjfalu'),
(2300, 'Soponya'),
(2330, 'Soponya fels'),
(721, 'Sopron'),
(723, 'Sopron-Marhaplyaudvar'),
(707, 'Sopron-Rendez'),
(1982, 'Sopronkertes'),
(1509, 'Sopronkvesd'),
(484, 'Srhz major'),
(1323, 'Sorkifalud'),
(1757, 'Soroksr'),
(447, 'Soroksri t'),
(2305, 'Soromprhely (Nagycenk)'),
(576, 'Sshalom'),
(1962, 'Sstelep'),
(838, 'Sst'),
(509, 'Sstgygyfrd'),
(781, 'Ssthegy'),
(1735, 'Ssvertike'),
(2298, 'Svnykt'),
(2759, 'Stimeczhz'),
(2711, 'Strm'),
(2115, 'Slysp'),
(292, 'Smeg'),
(1218, 'Smegi bazaltbnya'),
(1922, 'Sumony'),
(2631, 'Stt'),
(2223, 'Stt fels'),
(30, 'Stt-Hrsfa'),
(1826, 'Szabadbattyn'),
(526, 'Szabadegyhza'),
(1907, 'Szabadifrd'),
(1656, 'Szabadisst'),
(2744, 'Szabadka'),
(1130, 'Szabadka gyrtelep'),
(520, 'Szabadkai tanyk'),
(2002, 'Szabadkai t'),
(1315, 'Szabadkgys'),
(1646, 'Szabadkgys als'),
(792, 'Szabadkgys GV'),
(330, 'Szabadsgliget'),
(379, 'Szabadsgrendez pu.'),
(2244, 'Szabadsgtelep GV'),
(2337, 'Szabadsgtr'),
(2709, 'Szabadszlls'),
(1476, 'Szada'),
(35, 'Szada als'),
(2090, 'Szajki erd'),
(2328, 'Szajol'),
(1023, 'Szk-Szend'),
(1310, 'Szakly-Hgysz'),
(2420, 'Szakmr'),
(2683, 'Szakolykert'),
(991, 'Szalai megll'),
(1909, 'Szalajka-Fatelep'),
(19, 'Szalajka-Ftyol-vzess'),
(1775, 'Szalajka-Halast'),
(1224, 'Szalajkahz'),
(899, 'Szalajkavlgy-Lovasplya'),
(866, 'Szalatnak'),
(2655, 'Szalkszentmrton'),
(248, 'Szalmadpuszta'),
(711, 'Szalonna'),
(915, 'Szank'),
(1485, 'Szanki tanyk'),
(1806, 'Szntd-Krshegy'),
(550, 'Szany-Rbaszentandrs'),
(752, 'Szaprfalu'),
(119, 'Szaprfalu kzpmajor'),
(1363, 'Szr'),
(1370, 'Szrazd'),
(2654, 'Szrazrt'),
(1923, 'Szrazvm'),
(2301, 'Szrfld'),
(895, 'Szarkahegy'),
(2355, 'Szarks'),
(1885, 'Szrliget'),
(2696, 'Szarvas'),
(939, 'Szarvask'),
(2294, 'Szszberek'),
(2050, 'Szszvr'),
(570, 'Szatina-Kishajms'),
(2738, 'Szatmrnmeti'),
(2095, 'Szatmrnmeti gzfrsz'),
(2599, 'Szatymaz'),
(2373, 'Szava'),
(1763, 'Szzhalombatta'),
(468, 'Szebny'),
(1645, 'Szchenyi tr'),
(1809, 'Szchenyihegy'),
(1540, 'Szcsny'),
(2248, 'Szedres'),
(1878, 'Szeged'),
(2243, 'Szeged Rudolf tr'),
(2457, 'Szeged-trak'),
(2322, 'Szeged-Feketehalom'),
(1705, 'Szeged-Rendez'),
(2496, 'Szeged-Rkus'),
(1926, 'Szegedi halast'),
(1442, 'Szegf'),
(301, 'Szeghalom'),
(1212, 'Szegi'),
(2359, 'Szegvr'),
(2014, 'Szkes'),
(2492, 'Szkesfehrvr'),
(1776, 'Szkesfehrvr-Repltr'),
(1245, 'Szkkutas'),
(2326, 'Szksst'),
(1830, 'Szekszrd'),
(2151, 'Szekszrd-Palnk'),
(661, 'Szkt'),
(2519, 'Szkudvar'),
(1837, 'Szlesht'),
(1636, 'Szelevny'),
(1957, 'Szellht'),
(2838, 'Szemeretelep'),
(2088, 'Szendrei major'),
(2346, 'Szendr'),
(2527, 'Szendr fels'),
(1295, 'Szendrld'),
(2693, 'Szenta'),
(965, 'Szenta EV'),
(1247, 'Szentannapuszta'),
(1537, 'Szentbalzs'),
(1015, 'Szentdnes'),
(2806, 'Szentegt'),
(2585, 'Szentes'),
(1596, 'Szentetornya'),
(1711, 'Szentgl'),
(2526, 'Szentgotthrd'),
(1664, 'Szentivn'),
(672, 'Szentkirly'),
(252, 'Szentkirlyszabadja'),
(1374, 'Szentkozma'),
(2479, 'Szentlszl'),
(2795, 'Szentlszl GV'),
(839, 'Szentlrnt'),
(2515, 'Szentlrinc'),
(791, 'Szentmrtonkta');
INSERT INTO `stops` (`id`, `name`) VALUES
(741, 'Szentmrtonpuszta'),
(862, 'Szentmihlytelek'),
(1920, 'Szentmihlytelek GV'),
(197, 'Szepes'),
(1072, 'Szepeshalom'),
(1354, 'Szepezdfrd'),
(1997, 'Szphalom-Hosszlz'),
(2387, 'Szpjuhszn'),
(2732, 'Szepsi'),
(1198, 'Szerecseny'),
(2084, 'Szerencs'),
(300, 'Szerep'),
(1873, 'Szigetvr'),
(1384, 'Szihalom'),
(2508, 'Szikncs'),
(887, 'Szikra'),
(204, 'Sziksz'),
(342, 'Sziksz-Vsrtr'),
(511, 'Szil-Sopronnmeti'),
(1029, 'Szilas'),
(2018, 'Szilfs'),
(852, 'Szilsrkny'),
(650, 'Szilvsvrad'),
(2111, 'Szilvsvrad-Szalajkavlgy'),
(1947, 'Szirmabeseny'),
(1466, 'Szob'),
(640, 'Szob als'),
(2217, 'Szob kisvast'),
(1403, 'Szd-Szdliget'),
(669, 'Szgihegy'),
(2643, 'Szkd'),
(1459, 'Szkehalom'),
(2650, 'Szokolya'),
(2564, 'Szokolya-Mnyoki'),
(690, 'Szokolya-Riezner'),
(2580, 'Szllsi tanyk'),
(2361, 'Szllspuszta'),
(927, 'Szolnok'),
(1265, 'Szolnok-Alcsi rgi'),
(687, 'Szlsnyaral'),
(926, 'Szlsnyaral rgi'),
(985, 'Szombathely'),
(856, 'Szombathely-Rendez'),
(29, 'Szombathely-Repltr'),
(2471, 'Szombathely-Szls'),
(589, 'Szny'),
(273, 'Szny-Dli'),
(2646, 'Szophomok'),
(1652, 'Szreg'),
(483, 'Szreg-jtelep'),
(99, 'Szrny'),
(1141, 'Szorgalmatos'),
(1634, 'Szgy'),
(1891, 'Szuhakll-Mcsony'),
(758, 'Szulimn'),
(937, 'Szulok'),
(2068, 'Szunyogvr'),
(1118, 'Szurdokpspki'),
(230, 'Tab'),
(1396, 'Tabdi'),
(1150, 'Tborfalva'),
(2344, 'Tc'),
(1232, 'Taj'),
(174, 'Taksalpa'),
(708, 'Taksony'),
(1742, 'Taktaharkny'),
(896, 'Taktaharkny fels'),
(421, 'Taktaszada'),
(102, 'Talin t'),
(199, 'Tllya'),
(1925, 'Tamsi'),
(2363, 'Tamsipuszta'),
(181, 'Tanakajd'),
(2177, 'Tncsicstelep'),
(2262, 'Tpigyrgye'),
(1468, 'Tpimajor'),
(1184, 'Tpiszecs'),
(1637, 'Tpiszele'),
(1484, 'Tpiszentmrton'),
(2569, 'Tplnszentkereszt als'),
(2660, 'Tplnszentkereszt fels'),
(630, 'Tapolca'),
(396, 'Tpszentmikls'),
(2051, 'Tar'),
(916, 'Tarcal'),
(18, 'Tarcsafrd'),
(1672, 'Tardosi kbnyk'),
(637, 'Tarhos'),
(2403, 'Tarjni t'),
(803, 'Tarjnpuszta'),
(2183, 'Trkny-Csp'),
(769, 'Tarnars'),
(1336, 'Tarnaszentmikls'),
(2257, 'Tarnaszentmikls kzsg'),
(1282, 'Tarnaszentmikls Plyi t'),
(411, 'Tarnaszentmikls jtelep'),
(574, 'Trnok'),
(2769, 'Tska'),
(597, 'Tskai elgazs'),
(947, 'Taszr'),
(671, 'Tt'),
(2687, 'Tt rgi'),
(756, 'Tata'),
(2205, 'Tatabnya'),
(2253, 'Tatrk'),
(1048, 'Tatrsnci iskola'),
(1611, 'Tatrvr'),
(2232, 'Tedej'),
(2870, 'Tgls'),
(2208, 'Teklafalu'),
(1105, 'Telbisztanya'),
(1761, 'Telekfld'),
(2092, 'Telekgerends'),
(2039, 'Templom'),
(2380, 'Tengelic'),
(256, 'Tenyszlls'),
(2576, 'Terecsenypuszta'),
(754, 'Terehegy'),
(1758, 'Terzhalom'),
(1558, 'Ttnyliget'),
(648, 'Tiborszlls'),
(2431, 'Tiszaalpr'),
(2591, 'Tiszaalpr als'),
(537, 'Tiszaalpr fels'),
(1210, 'Tiszabercel'),
(2529, 'Tiszabercel-Vsrtr'),
(1722, 'Tiszabezdd'),
(2516, 'Tiszab szigori'),
(2805, 'Tiszab termnyraktr'),
(1602, 'Tiszacsege'),
(2432, 'Tiszacsermely'),
(807, 'Tiszadada'),
(1014, 'Tiszadob'),
(1774, 'Tiszaeszlr'),
(1147, 'Tiszafldvr'),
(1453, 'Tiszafred'),
(259, 'Tiszafred-Gyrtelep'),
(1326, 'Tiszahdf'),
(229, 'Tiszai t'),
(129, 'Tiszajen als'),
(1402, 'Tiszajen-Vezseny'),
(2776, 'Tiszajen-Vezseny KCK'),
(1946, 'Tiszakard'),
(2465, 'Tiszakard hatrszl'),
(2422, 'Tiszakard megll'),
(1086, 'Tiszakcske'),
(883, 'Tiszalk'),
(1152, 'Tiszalki Vzmvek'),
(1036, 'Tiszalc'),
(267, 'Tiszanagyfalu'),
(1874, 'Tiszapalkonya-Erm'),
(660, 'Tiszasas'),
(120, 'Tiszaszablyoz Trsulat'),
(858, 'Tiszaszentimre'),
(1411, 'Tiszaszentmrton'),
(1377, 'Tiszaszls'),
(581, 'Tiszatelek'),
(1910, 'Tiszateny'),
(2597, 'Tiszaug'),
(2647, 'Tiszaug-Tiszahdf'),
(633, 'Tiszajvros'),
(2372, 'Tiszavrkony'),
(1096, 'Tiszavasvri'),
(2713, 'Tisztavz'),
(948, 'Tizesbrc'),
(2313, 'Toboliu'),
(1906, 'Tcvlgy'),
(842, 'Tfrd'),
(666, 'Tht'),
(1290, 'Tokaj'),
(2098, 'Tokod'),
(1852, 'Tokod fels'),
(2158, 'Tokorcs forgalmi kitr'),
(1553, 'Tolmcs'),
(489, 'Tolna-Mzs'),
(945, 'Tolnanmedi'),
(853, 'Tompa'),
(2466, 'Tompapuszta'),
(1825, 'Toponr'),
(1539, 'Toponri t'),
(1996, 'Toppancshd'),
(1187, 'Tordac'),
(444, 'Tormsliget'),
(691, 'Torna'),
(149, 'Tornandaska'),
(371, 'Tornyai t'),
(2123, 'Tornyosnmeti'),
(1683, 'Tornyosplca'),
(1623, 'Trkblint'),
(827, 'Trkr'),
(2170, 'Trkfi'),
(2587, 'Trkfi-Fels'),
(2855, 'Trkszentmikls'),
(600, 'Torony'),
(2072, 'Trsznek'),
(253, 'Trtel'),
(63, 'Trtel megll'),
(1580, 'Trvnyszk'),
(848, 'Tserd'),
(1595, 'Tsokbernd'),
(404, 'Tszeg'),
(2695, 'Tth tanya'),
(49, 'Ttkomls'),
(755, 'Ttkomls Templom tr'),
(1745, 'Ttkomls vsrtr'),
(2450, 'Ttkomlsi tanyk'),
(1409, 'Tvroskert'),
(825, 'Tviskes'),
(2792, 'Tzeggyr'),
(1544, 'Tunyogmatolcs'),
(543, 'Tunyogmatolcs als'),
(623, 'Tura'),
(385, 'Turbk-Trksr'),
(2858, 'Turgony'),
(2704, 'Turgony GV'),
(959, 'Turistahz'),
(1362, 'Trje'),
(676, 'Trkeve'),
(2089, 'Tskepuszta'),
(13, 'Tskeszentpter'),
(1579, 'Tskevr'),
(1694, 'Tzp'),
(2163, 'Tuzsr'),
(1535, 'Tykfarm'),
(1159, 'Ugod'),
(602, 'Ugyer'),
(1584, 'jbg'),
(587, 'jdisgyr Vasgyr'),
(2579, 'jdombrd'),
(2872, 'jfehrt'),
(790, 'jharangod'),
(692, 'jireg'),
(1877, 'jistll puszta'),
(872, 'jkenz'),
(2258, 'jkr'),
(653, 'jkgys'),
(2428, 'Ujkitr'),
(389, 'jktaj'),
(2697, 'jmezhegyes'),
(1785, 'jpalota (Palota)'),
(1738, 'jpest'),
(1665, 'jszsz'),
(2741, 'jszeged'),
(386, 'jszentmargita'),
(1146, 'jszreg'),
(2219, 'jtelep (Iregszemcse)'),
(97, 'jtelep (Szeghalom)'),
(1900, 'jtelep-kitr'),
(1504, 'jtikos'),
(967, 'judvar'),
(1610, 'jvros'),
(1330, 'jvros mh.'),
(689, 'jvenyim'),
(2414, 'jvilg'),
(930, 'Ukk'),
(2842, 'll'),
(238, 'Unghvry pince'),
(1269, 'rgeht'),
(1866, 'rihegy'),
(362, 'rmsht'),
(1699, 'rm'),
(1424, 'Urrt elgazs'),
(1369, 'Uzovicstelep'),
(381, 'Uzsa'),
(2321, 'Uzsabnya als'),
(1968, 'Vc'),
(408, 'Vc-Alsvros'),
(1725, 'Vchartyn'),
(877, 'Vckisjfalu'),
(1681, 'Vcrtt'),
(863, 'Vadasmajor'),
(881, 'Vadaspark'),
(815, 'Vadsz'),
(1507, 'Vadszlak'),
(2369, 'Vadna'),
(1289, 'Vg'),
(817, 'Vaja-Rohod'),
(272, 'Vajht'),
(1065, 'Vajszl'),
(768, 'Vajszli tglagyr'),
(2637, 'Vajta'),
(1859, 'Valla'),
(796, 'Vmoscsald'),
(303, 'Vmosgyrk'),
(928, 'Vmosprcs'),
(2417, 'Vralja'),
(2011, 'Vrda'),
(1743, 'Vrfok'),
(401, 'Vrhegy'),
(1670, 'Vrhegyalja'),
(2062, 'Vrkonyi szlk'),
(750, 'Vrosfld'),
(1948, 'Vrosi kert'),
(2486, 'Vrosi park'),
(561, 'Vrosligeti elgazs'),
(592, 'Vrosld'),
(2670, 'Vrosld-Kisld'),
(2524, 'Vrpalota'),
(2441, 'Vasalja'),
(1073, 'Vsrhelyi hatr'),
(1300, 'Vsrosdomb'),
(1917, 'Vsrosmiske'),
(1277, 'Vsrosnamny'),
(1937, 'Vsrosnamny kls'),
(2238, 'Vasas-Hird'),
(1353, 'Vasegerszeg'),
(62, 'Vashosszfalu'),
(541, 'Vaskt'),
(104, 'Vasszcseny'),
(2402, 'Vastmzeum'),
(289, 'Vasvr'),
(1967, 'Vasvrsvr'),
(558, 'Vaszar'),
(2840, 'Vecss'),
(2841, 'Vecss-Kertekalja'),
(1207, 'Vdeny'),
(1025, 'Vgard'),
(847, 'Vgegyhza'),
(1334, 'Vgegyhza als'),
(2495, 'Vejke'),
(1219, 'Velence'),
(1226, 'Velencefrd'),
(2319, 'Vmnd'),
(2201, 'Vp'),
(2061, 'Vereb'),
(553, 'Veres major'),
(1227, 'Veresegyhz'),
(1822, 'Verce'),
(50, 'Vrtesacsa'),
(1911, 'Vrtesboglr'),
(160, 'Vrtesszls'),
(2864, 'Vrvlgy'),
(1530, 'Veszkny'),
(1005, 'Veszprm'),
(1698, 'Veszprm ipartelepek'),
(2103, 'Veszprm rgi'),
(780, 'Veszprmvarsny'),
(2598, 'Vszt'),
(467, 'Vszt kls'),
(2335, 'Vszt piactr'),
(1017, 'Vszt vsrtr'),
(500, 'Vszti tanyk'),
(2375, 'Vets'),
(1695, 'Vica'),
(2271, 'Viczintelep'),
(1486, 'Vilgoshegy'),
(126, 'Vilgospuszta'),
(606, 'Vilgospuszta GV'),
(931, 'Villny'),
(2609, 'Villnykvesd'),
(2677, 'Vilmamajor'),
(893, 'Vilmaszlls'),
(1511, 'Vilmatanya'),
(2813, 'Vilmos major'),
(1214, 'Vilmosmajor elgazs'),
(2094, 'Vilonya-Kirlyszentistvn'),
(2668, 'Vily-Vitny'),
(449, 'Vilyi puszta'),
(1188, 'Vinr'),
(2175, 'Vinye'),
(1382, 'Virgvlgy'),
(1773, 'Virnyos'),
(420, 'Viss'),
(194, 'Vitzipuszta'),
(986, 'Vitka'),
(626, 'Vitnyd-Csermajor'),
(2782, 'Vizesfs'),
(1332, 'Vizesgyn rgi'),
(2455, 'Vizi'),
(2412, 'Vzjrs'),
(1397, 'Vznyom'),
(2658, 'Vizslak'),
(583, 'Vizsls'),
(2641, 'Vzvr'),
(1287, 'Vokny'),
(461, 'Vnck'),
(1022, 'Vonyarcvashegy'),
(1320, 'Vrsberny-Budatava'),
(2628, 'Vrscsillag tsz. elgazs'),
(2777, 'Vrsegyhza GV'),
(999, 'Vrsmart'),
(1166, 'Vrs'),
(608, 'Vulkapordny'),
(2714, 'Welgersdorf'),
(2419, 'Zdor'),
(231, 'Zagyvaplfalva'),
(110, 'Zagyvarkas'),
(1220, 'Zhony'),
(2225, 'Zajda-Doboskert'),
(1638, 'Zajta'),
(1543, 'Zkny'),
(2250, 'Zkny iskola'),
(1053, 'Zknyszk'),
(1465, 'Zknyszk als'),
(746, 'Zalaapti'),
(2224, 'Zalabr'),
(2530, 'Zalabr-Batyk'),
(1545, 'Zalacsny'),
(774, 'Zalacsb-Salomvr'),
(1231, 'Zalaegerszeg'),
(2635, 'Zalaegerszeg-Ola'),
(388, 'Zalaegerszeg-Ola rgi'),
(1120, 'Zalagymr'),
(1092, 'Zalahshgy-Szce'),
(840, 'Zalahosszfalu'),
(1643, 'Zalakomr'),
(378, 'Zalalv'),
(2415, 'Zalapataka'),
(138, 'Zalapatakalja'),
(2460, 'Zalaszentgrt'),
(1880, 'Zalaszentgyrgy'),
(1752, 'Zalaszentivn'),
(2444, 'Zalaszentivn-Kisfaludpuszta'),
(1364, 'Zalaszentjakab'),
(2553, 'Zalaszentlszl'),
(865, 'Zalaszentlrinc'),
(414, 'Zalaszentmihly-Pacsa'),
(1628, 'Zalaudvarnok'),
(189, 'Zalavg'),
(2356, 'Zamrdi'),
(1840, 'Zamrdi fels'),
(1682, 'Znka-Erzsbettbor'),
(835, 'Znka-Kveskl'),
(2169, 'Zarany puszta'),
(407, 'Zebegny'),
(1573, 'Zelemr'),
(2206, 'Zemanek'),
(2027, 'Zemplnagrd'),
(15, 'Zichyjfalu'),
(1108, 'Ziliz'),
(1460, 'Zirc'),
(767, 'Zldhalom'),
(439, 'Zldmajori elgazs'),
(2834, 'Zombor'),
(2589, 'Zrnyitelep'),
(681, 'Zsdeny mh.'),
(2701, 'Zsdeny-Rzsamajor'),
(182, 'Zsujta'),
(59, 'Zugl'),
(2602, 'Zurny');

-- --------------------------------------------------------

--
-- Table structure for table `users`
--

CREATE TABLE `users` (
  `username` varchar(255) NOT NULL COMMENT 'Username',
  `email` varchar(255) NOT NULL COMMENT 'Email',
  `password` varchar(255) NOT NULL COMMENT 'Password',
  `firstname` varchar(255) NOT NULL COMMENT 'First name',
  `surname` varchar(255) NOT NULL COMMENT 'Surname',
  `is_admin` tinyint(1) NOT NULL DEFAULT '0' COMMENT 'If user is admin, value is 1, else it''s 0 (default is 0)',
  `registration_date` datetime NOT NULL DEFAULT CURRENT_TIMESTAMP COMMENT 'Date and time when the user registered (auto generated)'
) ENGINE=InnoDB DEFAULT CHARSET=utf8mb4 COLLATE=utf8mb4_0900_ai_ci;

--
-- Indexes for dumped tables
--

--
-- Indexes for table `arriving`
--
ALTER TABLE `arriving`
  ADD PRIMARY KEY (`line_stop_id`,`arrival`,`day`);

--
-- Indexes for table `leaving`
--
ALTER TABLE `leaving`
  ADD PRIMARY KEY (`line_stop_id`,`departure`,`day`);

--
-- Indexes for table `line_names`
--
ALTER TABLE `line_names`
  ADD PRIMARY KEY (`id`),
  ADD UNIQUE KEY `name` (`name`);

--
-- Indexes for table `line_stops`
--
ALTER TABLE `line_stops`
  ADD PRIMARY KEY (`id`);

--
-- Indexes for table `stops`
--
ALTER TABLE `stops`
  ADD PRIMARY KEY (`id`),
  ADD UNIQUE KEY `name` (`name`);

--
-- Indexes for table `users`
--
ALTER TABLE `users`
  ADD PRIMARY KEY (`username`);

--
-- AUTO_INCREMENT for dumped tables
--

--
-- AUTO_INCREMENT for table `line_names`
--
ALTER TABLE `line_names`
  MODIFY `id` int NOT NULL AUTO_INCREMENT COMMENT 'ID', AUTO_INCREMENT=232;

--
-- AUTO_INCREMENT for table `line_stops`
--
ALTER TABLE `line_stops`
  MODIFY `id` int NOT NULL AUTO_INCREMENT COMMENT 'ID (key)', AUTO_INCREMENT=3336;

--
-- AUTO_INCREMENT for table `stops`
--
ALTER TABLE `stops`
  MODIFY `id` int NOT NULL AUTO_INCREMENT COMMENT 'ID', AUTO_INCREMENT=2874;
COMMIT;

/*!40101 SET CHARACTER_SET_CLIENT=@OLD_CHARACTER_SET_CLIENT */;
/*!40101 SET CHARACTER_SET_RESULTS=@OLD_CHARACTER_SET_RESULTS */;
/*!40101 SET COLLATION_CONNECTION=@OLD_COLLATION_CONNECTION */;
